{"type": "FeatureCollection", "features": [{"type": "Feature", "geometry": {"type": "Point", "coordinates": [98.62, 17.32]}, "properties": {"probability": 0.0157, "prob_ml": 0.0132, "prob_ca": 0.0, "elevation": 679.0, "slope": 6.4}}, {"type": "Feature", "geometry": {"type": "Point", "coordinates": [98.66, 17.32]}, "properties": {"probability": 0.0199, "prob_ml": 0.0168, "prob_ca": 0.0, "elevation": 339.0, "slope": 0.8}}, {"type": "Feature", "geometry": {"type": "Point", "coordinates": [98.7, 17.32]}, "properties": {"probability": 0.0223, "prob_ml": 0.0188, "prob_ca": 0.0, "elevation": 426.0, "slope": 3.8}}, {"type": "Feature", "geometry": {"type": "Point", "coordinates": [98.74, 17.32]}, "properties": {"probability": 0.023, "prob_ml": 0.0194, "prob_ca": 0.0, "elevation": 562.0, "slope": 3.1}}, {"type": "Feature", "geometry": {"type": "Point", "coordinates": [98.78, 17.32]}, "properties": {"probability": 0.0167, "prob_ml": 0.0141, "prob_ca": 0.0, "elevation": 461.0, "slope": 2.6}}, {"type": "Feature", "geometry": {"type": "Point", "coordinates": [98.5, 17.36]}, "properties": {"probability": 0.0191, "prob_ml": 0.0161, "prob_ca": 0.0, "elevation": 526.0, "slope": 3.3}}, {"type": "Feature", "geometry": {"type": "Point", "coordinates": [98.54, 17.36]}, "properties": {"probability": 0.0398, "prob_ml": 0.0336, "prob_ca": 0.0, "elevation": 1080.0, "slope": 4.3}}, {"type": "Feature", "geometry": {"type": "Point", "coordinates": [98.58, 17.36]}, "properties": {"probability": 0.0594, "prob_ml": 0.0502, "prob_ca": 0.0, "elevation": 980.0, "slope": 4.2}}, {"type": "Feature", "geometry": {"type": "Point", "coordinates": [98.62, 17.36]}, "properties": {"probability": 0.078, "prob_ml": 0.0658, "prob_ca": 0.0, "elevation": 649.0, "slope": 4.9}}, {"type": "Feature", "geometry": {"type": "Point", "coordinates": [98.66, 17.36]}, "properties": {"probability": 0.0878, "prob_ml": 0.0742, "prob_ca": 0.0, "elevation": 447.0, "slope": 3.5}}, {"type": "Feature", "geometry": {"type": "Point", "coordinates": [98.7, 17.36]}, "properties": {"probability": 0.094, "prob_ml": 0.0794, "prob_ca": 0.0, "elevation": 676.0, "slope": 3.4}}, {"type": "Feature", "geometry": {"type": "Point", "coordinates": [98.74, 17.36]}, "properties": {"probability": 0.0958, "prob_ml": 0.0809, "prob_ca": 0.0, "elevation": 775.0, "slope": 2.2}}, {"type": "Feature", "geometry": {"type": "Point", "coordinates": [98.78, 17.36]}, "properties": {"probability": 0.0785, "prob_ml": 0.0663, "prob_ca": 0.0, "elevation": 561.0, "slope": 4.4}}, {"type": "Feature", "geometry": {"type": "Point", "coordinates": [98.82, 17.36]}, "properties": {"probability": 0.0536, "prob_ml": 0.0453, "prob_ca": 0.0, "elevation": 350.0, "slope": 1.8}}, {"type": "Feature", "geometry": {"type": "Point", "coordinates": [98.86, 17.36]}, "properties": {"probability": 0.0354, "prob_ml": 0.0299, "prob_ca": 0.0, "elevation": 326.0, "slope": 1.9}}, {"type": "Feature", "geometry": {"type": "Point", "coordinates": [98.9, 17.36]}, "properties": {"probability": 0.0155, "prob_ml": 0.0131, "prob_ca": 0.0, "elevation": 544.0, "slope": 2.5}}, {"type": "Feature", "geometry": {"type": "Point", "coordinates": [98.42, 17.4]}, "properties": {"probability": 0.0175, "prob_ml": 0.0148, "prob_ca": 0.0, "elevation": 784.0, "slope": 4.6}}, {"type": "Feature", "geometry": {"type": "Point", "coordinates": [98.46, 17.4]}, "properties": {"probability": 0.0403, "prob_ml": 0.034, "prob_ca": 0.0, "elevation": 536.0, "slope": 0.5}}, {"type": "Feature", "geometry": {"type": "Point", "coordinates": [98.5, 17.4]}, "properties": {"probability": 0.0717, "prob_ml": 0.0605, "prob_ca": 0.0, "elevation": 608.0, "slope": 4.2}}, {"type": "Feature", "geometry": {"type": "Point", "coordinates": [98.54, 17.4]}, "properties": {"probability": 0.1039, "prob_ml": 0.0878, "prob_ca": 0.0, "elevation": 1004.0, "slope": 4.2}}, {"type": "Feature", "geometry": {"type": "Point", "coordinates": [98.58, 17.4]}, "properties": {"probability": 0.1269, "prob_ml": 0.1072, "prob_ca": 0.0, "elevation": 1055.0, "slope": 1.7}}, {"type": "Feature", "geometry": {"type": "Point", "coordinates": [98.62, 17.4]}, "properties": {"probability": 0.1393, "prob_ml": 0.1176, "prob_ca": 0.0, "elevation": 919.0, "slope": 2.9}}, {"type": "Feature", "geometry": {"type": "Point", "coordinates": [98.66, 17.4]}, "properties": {"probability": 0.1445, "prob_ml": 0.122, "prob_ca": 0.0, "elevation": 783.0, "slope": 1.1}}, {"type": "Feature", "geometry": {"type": "Point", "coordinates": [98.7, 17.4]}, "properties": {"probability": 0.1451, "prob_ml": 0.1225, "prob_ca": 0.0, "elevation": 859.0, "slope": 1.6}}, {"type": "Feature", "geometry": {"type": "Point", "coordinates": [98.74, 17.4]}, "properties": {"probability": 0.1431, "prob_ml": 0.1209, "prob_ca": 0.0, "elevation": 924.0, "slope": 1.6}}, {"type": "Feature", "geometry": {"type": "Point", "coordinates": [98.78, 17.4]}, "properties": {"probability": 0.1327, "prob_ml": 0.1121, "prob_ca": 0.0, "elevation": 691.0, "slope": 4.4}}, {"type": "Feature", "geometry": {"type": "Point", "coordinates": [98.82, 17.4]}, "properties": {"probability": 0.1163, "prob_ml": 0.0982, "prob_ca": 0.0, "elevation": 475.0, "slope": 2.6}}, {"type": "Feature", "geometry": {"type": "Point", "coordinates": [98.86, 17.4]}, "properties": {"probability": 0.0947, "prob_ml": 0.08, "prob_ca": 0.0, "elevation": 367.0, "slope": 1.7}}, {"type": "Feature", "geometry": {"type": "Point", "coordinates": [98.9, 17.4]}, "properties": {"probability": 0.0629, "prob_ml": 0.0532, "prob_ca": 0.0, "elevation": 240.0, "slope": 0.7}}, {"type": "Feature", "geometry": {"type": "Point", "coordinates": [98.94, 17.4]}, "properties": {"probability": 0.0374, "prob_ml": 0.0316, "prob_ca": 0.0, "elevation": 399.0, "slope": 1.4}}, {"type": "Feature", "geometry": {"type": "Point", "coordinates": [98.98, 17.4]}, "properties": {"probability": 0.0179, "prob_ml": 0.0151, "prob_ca": 0.0, "elevation": 340.0, "slope": 1.9}}, {"type": "Feature", "geometry": {"type": "Point", "coordinates": [98.38, 17.44]}, "properties": {"probability": 0.0267, "prob_ml": 0.0226, "prob_ca": 0.0, "elevation": 911.0, "slope": 3.0}}, {"type": "Feature", "geometry": {"type": "Point", "coordinates": [98.42, 17.44]}, "properties": {"probability": 0.0636, "prob_ml": 0.0537, "prob_ca": 0.0, "elevation": 666.0, "slope": 3.7}}, {"type": "Feature", "geometry": {"type": "Point", "coordinates": [98.46, 17.44]}, "properties": {"probability": 0.0912, "prob_ml": 0.0771, "prob_ca": 0.0, "elevation": 566.0, "slope": 3.3}}, {"type": "Feature", "geometry": {"type": "Point", "coordinates": [98.5, 17.44]}, "properties": {"probability": 0.1146, "prob_ml": 0.0968, "prob_ca": 0.0, "elevation": 986.0, "slope": 6.7}}, {"type": "Feature", "geometry": {"type": "Point", "coordinates": [98.54, 17.44]}, "properties": {"probability": 0.132, "prob_ml": 0.1115, "prob_ca": 0.0, "elevation": 1406.0, "slope": 4.0}}, {"type": "Feature", "geometry": {"type": "Point", "coordinates": [98.58, 17.44]}, "properties": {"probability": 0.1421, "prob_ml": 0.12, "prob_ca": 0.0, "elevation": 1218.0, "slope": 5.1}}, {"type": "Feature", "geometry": {"type": "Point", "coordinates": [98.62, 17.44]}, "properties": {"probability": 0.1497, "prob_ml": 0.1264, "prob_ca": 0.0, "elevation": 837.0, "slope": 4.8}}, {"type": "Feature", "geometry": {"type": "Point", "coordinates": [98.66, 17.44]}, "properties": {"probability": 0.1552, "prob_ml": 0.1311, "prob_ca": 0.0, "elevation": 623.0, "slope": 1.7}}, {"type": "Feature", "geometry": {"type": "Point", "coordinates": [98.7, 17.44]}, "properties": {"probability": 0.1514, "prob_ml": 0.1279, "prob_ca": 0.0, "elevation": 881.0, "slope": 1.2}}, {"type": "Feature", "geometry": {"type": "Point", "coordinates": [98.74, 17.44]}, "properties": {"probability": 0.144, "prob_ml": 0.1216, "prob_ca": 0.0, "elevation": 532.0, "slope": 3.7}}, {"type": "Feature", "geometry": {"type": "Point", "coordinates": [98.78, 17.44]}, "properties": {"probability": 0.1414, "prob_ml": 0.1194, "prob_ca": 0.0, "elevation": 718.0, "slope": 4.7}}, {"type": "Feature", "geometry": {"type": "Point", "coordinates": [98.82, 17.44]}, "properties": {"probability": 0.1357, "prob_ml": 0.1146, "prob_ca": 0.0, "elevation": 703.0, "slope": 5.5}}, {"type": "Feature", "geometry": {"type": "Point", "coordinates": [98.86, 17.44]}, "properties": {"probability": 0.1233, "prob_ml": 0.1041, "prob_ca": 0.0, "elevation": 416.0, "slope": 1.1}}, {"type": "Feature", "geometry": {"type": "Point", "coordinates": [98.9, 17.44]}, "properties": {"probability": 0.1095, "prob_ml": 0.0925, "prob_ca": 0.0, "elevation": 447.0, "slope": 1.8}}, {"type": "Feature", "geometry": {"type": "Point", "coordinates": [98.94, 17.44]}, "properties": {"probability": 0.0952, "prob_ml": 0.0804, "prob_ca": 0.0, "elevation": 418.0, "slope": 0.7}}, {"type": "Feature", "geometry": {"type": "Point", "coordinates": [98.98, 17.44]}, "properties": {"probability": 0.0684, "prob_ml": 0.0577, "prob_ca": 0.0, "elevation": 322.0, "slope": 1.5}}, {"type": "Feature", "geometry": {"type": "Point", "coordinates": [99.02, 17.44]}, "properties": {"probability": 0.0301, "prob_ml": 0.0254, "prob_ca": 0.0, "elevation": 264.0, "slope": 0.6}}, {"type": "Feature", "geometry": {"type": "Point", "coordinates": [98.34, 17.48]}, "properties": {"probability": 0.0222, "prob_ml": 0.0187, "prob_ca": 0.0, "elevation": 1147.0, "slope": 1.4}}, {"type": "Feature", "geometry": {"type": "Point", "coordinates": [98.38, 17.48]}, "properties": {"probability": 0.0625, "prob_ml": 0.0528, "prob_ca": 0.0, "elevation": 858.0, "slope": 5.3}}, {"type": "Feature", "geometry": {"type": "Point", "coordinates": [98.42, 17.48]}, "properties": {"probability": 0.0996, "prob_ml": 0.0841, "prob_ca": 0.0, "elevation": 643.0, "slope": 0.3}}, {"type": "Feature", "geometry": {"type": "Point", "coordinates": [98.46, 17.48]}, "properties": {"probability": 0.1111, "prob_ml": 0.0938, "prob_ca": 0.0, "elevation": 730.0, "slope": 4.8}}, {"type": "Feature", "geometry": {"type": "Point", "coordinates": [98.5, 17.48]}, "properties": {"probability": 0.1245, "prob_ml": 0.1051, "prob_ca": 0.0, "elevation": 1143.0, "slope": 3.7}}, {"type": "Feature", "geometry": {"type": "Point", "coordinates": [98.54, 17.48]}, "properties": {"probability": 0.1343, "prob_ml": 0.1134, "prob_ca": 0.0, "elevation": 1281.0, "slope": 3.9}}, {"type": "Feature", "geometry": {"type": "Point", "coordinates": [98.58, 17.48]}, "properties": {"probability": 0.1408, "prob_ml": 0.1189, "prob_ca": 0.0, "elevation": 1068.0, "slope": 5.4}}, {"type": "Feature", "geometry": {"type": "Point", "coordinates": [98.62, 17.48]}, "properties": {"probability": 0.1496, "prob_ml": 0.1263, "prob_ca": 0.0, "elevation": 828.0, "slope": 1.9}}, {"type": "Feature", "geometry": {"type": "Point", "coordinates": [98.66, 17.48]}, "properties": {"probability": 0.1524, "prob_ml": 0.1287, "prob_ca": 0.0, "elevation": 692.0, "slope": 2.4}}, {"type": "Feature", "geometry": {"type": "Point", "coordinates": [98.7, 17.48]}, "properties": {"probability": 0.1467, "prob_ml": 0.1239, "prob_ca": 0.0, "elevation": 592.0, "slope": 5.1}}, {"type": "Feature", "geometry": {"type": "Point", "coordinates": [98.74, 17.48]}, "properties": {"probability": 0.1437, "prob_ml": 0.1214, "prob_ca": 0.0, "elevation": 628.0, "slope": 3.5}}, {"type": "Feature", "geometry": {"type": "Point", "coordinates": [98.78, 17.48]}, "properties": {"probability": 0.1447, "prob_ml": 0.1222, "prob_ca": 0.0, "elevation": 814.0, "slope": 3.4}}, {"type": "Feature", "geometry": {"type": "Point", "coordinates": [98.82, 17.48]}, "properties": {"probability": 0.1395, "prob_ml": 0.1178, "prob_ca": 0.0, "elevation": 730.0, "slope": 5.2}}, {"type": "Feature", "geometry": {"type": "Point", "coordinates": [98.86, 17.48]}, "properties": {"probability": 0.1292, "prob_ml": 0.1091, "prob_ca": 0.0, "elevation": 433.0, "slope": 1.1}}, {"type": "Feature", "geometry": {"type": "Point", "coordinates": [98.9, 17.48]}, "properties": {"probability": 0.1239, "prob_ml": 0.1046, "prob_ca": 0.0, "elevation": 459.0, "slope": 0.7}}, {"type": "Feature", "geometry": {"type": "Point", "coordinates": [98.94, 17.48]}, "properties": {"probability": 0.1222, "prob_ml": 0.1032, "prob_ca": 0.0, "elevation": 461.0, "slope": 0.7}}, {"type": "Feature", "geometry": {"type": "Point", "coordinates": [98.98, 17.48]}, "properties": {"probability": 0.1126, "prob_ml": 0.095, "prob_ca": 0.0, "elevation": 424.0, "slope": 1.9}}, {"type": "Feature", "geometry": {"type": "Point", "coordinates": [99.02, 17.48]}, "properties": {"probability": 0.0761, "prob_ml": 0.0643, "prob_ca": 0.0, "elevation": 345.0, "slope": 1.9}}, {"type": "Feature", "geometry": {"type": "Point", "coordinates": [99.06, 17.48]}, "properties": {"probability": 0.0277, "prob_ml": 0.0234, "prob_ca": 0.0, "elevation": 250.0, "slope": 1.0}}, {"type": "Feature", "geometry": {"type": "Point", "coordinates": [98.3, 17.52]}, "properties": {"probability": 0.0215, "prob_ml": 0.0181, "prob_ca": 0.0, "elevation": 1188.0, "slope": 2.8}}, {"type": "Feature", "geometry": {"type": "Point", "coordinates": [98.34, 17.52]}, "properties": {"probability": 0.0578, "prob_ml": 0.0488, "prob_ca": 0.0, "elevation": 1133.0, "slope": 2.4}}, {"type": "Feature", "geometry": {"type": "Point", "coordinates": [98.38, 17.52]}, "properties": {"probability": 0.0895, "prob_ml": 0.0756, "prob_ca": 0.0, "elevation": 818.0, "slope": 5.2}}, {"type": "Feature", "geometry": {"type": "Point", "coordinates": [98.42, 17.52]}, "properties": {"probability": 0.1091, "prob_ml": 0.0922, "prob_ca": 0.0, "elevation": 673.0, "slope": 1.6}}, {"type": "Feature", "geometry": {"type": "Point", "coordinates": [98.46, 17.52]}, "properties": {"probability": 0.1178, "prob_ml": 0.0995, "prob_ca": 0.0, "elevation": 827.0, "slope": 3.1}}, {"type": "Feature", "geometry": {"type": "Point", "coordinates": [98.5, 17.52]}, "properties": {"probability": 0.1271, "prob_ml": 0.1073, "prob_ca": 0.0, "elevation": 1109.0, "slope": 3.1}}, {"type": "Feature", "geometry": {"type": "Point", "coordinates": [98.54, 17.52]}, "properties": {"probability": 0.132, "prob_ml": 0.1115, "prob_ca": 0.0, "elevation": 1194.0, "slope": 1.7}}, {"type": "Feature", "geometry": {"type": "Point", "coordinates": [98.58, 17.52]}, "properties": {"probability": 0.1386, "prob_ml": 0.1171, "prob_ca": 0.0, "elevation": 956.0, "slope": 4.5}}, {"type": "Feature", "geometry": {"type": "Point", "coordinates": [98.62, 17.52]}, "properties": {"probability": 0.1466, "prob_ml": 0.1238, "prob_ca": 0.0, "elevation": 752.0, "slope": 2.3}}, {"type": "Feature", "geometry": {"type": "Point", "coordinates": [98.66, 17.52]}, "properties": {"probability": 0.1432, "prob_ml": 0.1209, "prob_ca": 0.0, "elevation": 637.0, "slope": 4.3}}, {"type": "Feature", "geometry": {"type": "Point", "coordinates": [98.7, 17.52]}, "properties": {"probability": 0.1373, "prob_ml": 0.1159, "prob_ca": 0.0, "elevation": 371.0, "slope": 0.7}}, {"type": "Feature", "geometry": {"type": "Point", "coordinates": [98.74, 17.52]}, "properties": {"probability": 0.1452, "prob_ml": 0.1226, "prob_ca": 0.0, "elevation": 681.0, "slope": 3.7}}, {"type": "Feature", "geometry": {"type": "Point", "coordinates": [98.78, 17.52]}, "properties": {"probability": 0.1524, "prob_ml": 0.1287, "prob_ca": 0.0, "elevation": 792.0, "slope": 2.2}}, {"type": "Feature", "geometry": {"type": "Point", "coordinates": [98.82, 17.52]}, "properties": {"probability": 0.1491, "prob_ml": 0.1259, "prob_ca": 0.0, "elevation": 688.0, "slope": 3.3}}, {"type": "Feature", "geometry": {"type": "Point", "coordinates": [98.86, 17.52]}, "properties": {"probability": 0.1396, "prob_ml": 0.1179, "prob_ca": 0.0, "elevation": 505.0, "slope": 1.9}}, {"type": "Feature", "geometry": {"type": "Point", "coordinates": [98.9, 17.52]}, "properties": {"probability": 0.135, "prob_ml": 0.114, "prob_ca": 0.0, "elevation": 522.0, "slope": 2.3}}, {"type": "Feature", "geometry": {"type": "Point", "coordinates": [98.94, 17.52]}, "properties": {"probability": 0.1315, "prob_ml": 0.1111, "prob_ca": 0.0, "elevation": 509.0, "slope": 0.6}}, {"type": "Feature", "geometry": {"type": "Point", "coordinates": [98.98, 17.52]}, "properties": {"probability": 0.1263, "prob_ml": 0.1067, "prob_ca": 0.0, "elevation": 470.0, "slope": 0.9}}, {"type": "Feature", "geometry": {"type": "Point", "coordinates": [99.02, 17.52]}, "properties": {"probability": 0.1095, "prob_ml": 0.0925, "prob_ca": 0.0, "elevation": 386.0, "slope": 1.6}}, {"type": "Feature", "geometry": {"type": "Point", "coordinates": [99.06, 17.52]}, "properties": {"probability": 0.0631, "prob_ml": 0.0533, "prob_ca": 0.0, "elevation": 279.0, "slope": 1.5}}, {"type": "Feature", "geometry": {"type": "Point", "coordinates": [99.1, 17.52]}, "properties": {"probability": 0.0174, "prob_ml": 0.0147, "prob_ca": 0.0, "elevation": 208.0, "slope": 0.7}}, {"type": "Feature", "geometry": {"type": "Point", "coordinates": [98.26, 17.56]}, "properties": {"probability": 0.0123, "prob_ml": 0.0104, "prob_ca": 0.0, "elevation": 1378.0, "slope": 2.6}}, {"type": "Feature", "geometry": {"type": "Point", "coordinates": [98.3, 17.56]}, "properties": {"probability": 0.0506, "prob_ml": 0.0427, "prob_ca": 0.0, "elevation": 1336.0, "slope": 2.1}}, {"type": "Feature", "geometry": {"type": "Point", "coordinates": [98.34, 17.56]}, "properties": {"probability": 0.0899, "prob_ml": 0.0759, "prob_ca": 0.0, "elevation": 1055.0, "slope": 3.5}}, {"type": "Feature", "geometry": {"type": "Point", "coordinates": [98.38, 17.56]}, "properties": {"probability": 0.1026, "prob_ml": 0.0867, "prob_ca": 0.0, "elevation": 793.0, "slope": 3.3}}, {"type": "Feature", "geometry": {"type": "Point", "coordinates": [98.42, 17.56]}, "properties": {"probability": 0.1075, "prob_ml": 0.0908, "prob_ca": 0.0, "elevation": 715.0, "slope": 1.3}}, {"type": "Feature", "geometry": {"type": "Point", "coordinates": [98.46, 17.56]}, "properties": {"probability": 0.1145, "prob_ml": 0.0967, "prob_ca": 0.0, "elevation": 831.0, "slope": 1.9}}, {"type": "Feature", "geometry": {"type": "Point", "coordinates": [98.5, 17.56]}, "properties": {"probability": 0.1255, "prob_ml": 0.106, "prob_ca": 0.0, "elevation": 990.0, "slope": 2.6}}, {"type": "Feature", "geometry": {"type": "Point", "coordinates": [98.54, 17.56]}, "properties": {"probability": 0.1295, "prob_ml": 0.1094, "prob_ca": 0.0, "elevation": 1214.0, "slope": 2.6}}, {"type": "Feature", "geometry": {"type": "Point", "coordinates": [98.58, 17.56]}, "properties": {"probability": 0.1332, "prob_ml": 0.1125, "prob_ca": 0.0, "elevation": 919.0, "slope": 6.4}}, {"type": "Feature", "geometry": {"type": "Point", "coordinates": [98.62, 17.56]}, "properties": {"probability": 0.1376, "prob_ml": 0.1162, "prob_ca": 0.0, "elevation": 584.0, "slope": 3.4}}, {"type": "Feature", "geometry": {"type": "Point", "coordinates": [98.66, 17.56]}, "properties": {"probability": 0.1342, "prob_ml": 0.1133, "prob_ca": 0.0, "elevation": 420.0, "slope": 2.2}}, {"type": "Feature", "geometry": {"type": "Point", "coordinates": [98.7, 17.56]}, "properties": {"probability": 0.1319, "prob_ml": 0.1113, "prob_ca": 0.0, "elevation": 373.0, "slope": 1.6}}, {"type": "Feature", "geometry": {"type": "Point", "coordinates": [98.74, 17.56]}, "properties": {"probability": 0.1411, "prob_ml": 0.1192, "prob_ca": 0.0, "elevation": 545.0, "slope": 2.2}}, {"type": "Feature", "geometry": {"type": "Point", "coordinates": [98.78, 17.56]}, "properties": {"probability": 0.1477, "prob_ml": 0.1247, "prob_ca": 0.0, "elevation": 605.0, "slope": 3.0}}, {"type": "Feature", "geometry": {"type": "Point", "coordinates": [98.82, 17.56]}, "properties": {"probability": 0.1485, "prob_ml": 0.1254, "prob_ca": 0.0, "elevation": 619.0, "slope": 1.5}}, {"type": "Feature", "geometry": {"type": "Point", "coordinates": [98.86, 17.56]}, "properties": {"probability": 0.1478, "prob_ml": 0.1248, "prob_ca": 0.0, "elevation": 628.0, "slope": 1.3}}, {"type": "Feature", "geometry": {"type": "Point", "coordinates": [98.9, 17.56]}, "properties": {"probability": 0.1469, "prob_ml": 0.124, "prob_ca": 0.0, "elevation": 644.0, "slope": 0.6}}, {"type": "Feature", "geometry": {"type": "Point", "coordinates": [98.94, 17.56]}, "properties": {"probability": 0.1386, "prob_ml": 0.117, "prob_ca": 0.0, "elevation": 531.0, "slope": 1.4}}, {"type": "Feature", "geometry": {"type": "Point", "coordinates": [98.98, 17.56]}, "properties": {"probability": 0.1274, "prob_ml": 0.1076, "prob_ca": 0.0, "elevation": 444.0, "slope": 1.0}}, {"type": "Feature", "geometry": {"type": "Point", "coordinates": [99.02, 17.56]}, "properties": {"probability": 0.1181, "prob_ml": 0.0997, "prob_ca": 0.0, "elevation": 418.0, "slope": 1.7}}, {"type": "Feature", "geometry": {"type": "Point", "coordinates": [99.06, 17.56]}, "properties": {"probability": 0.088, "prob_ml": 0.0744, "prob_ca": 0.0, "elevation": 395.0, "slope": 3.0}}, {"type": "Feature", "geometry": {"type": "Point", "coordinates": [99.1, 17.56]}, "properties": {"probability": 0.0363, "prob_ml": 0.0306, "prob_ca": 0.0, "elevation": 222.0, "slope": 1.4}}, {"type": "Feature", "geometry": {"type": "Point", "coordinates": [98.26, 17.6]}, "properties": {"probability": 0.0321, "prob_ml": 0.0271, "prob_ca": 0.0, "elevation": 1550.0, "slope": 1.1}}, {"type": "Feature", "geometry": {"type": "Point", "coordinates": [98.3, 17.6]}, "properties": {"probability": 0.0807, "prob_ml": 0.0681, "prob_ca": 0.0, "elevation": 1264.0, "slope": 3.3}}, {"type": "Feature", "geometry": {"type": "Point", "coordinates": [98.34, 17.6]}, "properties": {"probability": 0.106, "prob_ml": 0.0895, "prob_ca": 0.0, "elevation": 1115.0, "slope": 2.6}}, {"type": "Feature", "geometry": {"type": "Point", "coordinates": [98.38, 17.6]}, "properties": {"probability": 0.107, "prob_ml": 0.0904, "prob_ca": 0.0, "elevation": 815.0, "slope": 4.6}}, {"type": "Feature", "geometry": {"type": "Point", "coordinates": [98.42, 17.6]}, "properties": {"probability": 0.1, "prob_ml": 0.0844, "prob_ca": 0.0, "elevation": 731.0, "slope": 2.6}}, {"type": "Feature", "geometry": {"type": "Point", "coordinates": [98.46, 17.6]}, "properties": {"probability": 0.1025, "prob_ml": 0.0866, "prob_ca": 0.0, "elevation": 886.0, "slope": 1.4}}, {"type": "Feature", "geometry": {"type": "Point", "coordinates": [98.5, 17.6]}, "properties": {"probability": 0.1201, "prob_ml": 0.1014, "prob_ca": 0.0, "elevation": 964.0, "slope": 0.3}}, {"type": "Feature", "geometry": {"type": "Point", "coordinates": [98.54, 17.6]}, "properties": {"probability": 0.1294, "prob_ml": 0.1093, "prob_ca": 0.0, "elevation": 917.0, "slope": 2.8}}, {"type": "Feature", "geometry": {"type": "Point", "coordinates": [98.58, 17.6]}, "properties": {"probability": 0.136, "prob_ml": 0.1148, "prob_ca": 0.0, "elevation": 678.0, "slope": 4.0}}, {"type": "Feature", "geometry": {"type": "Point", "coordinates": [98.62, 17.6]}, "properties": {"probability": 0.145, "prob_ml": 0.1224, "prob_ca": 0.0, "elevation": 417.0, "slope": 2.9}}, {"type": "Feature", "geometry": {"type": "Point", "coordinates": [98.66, 17.6]}, "properties": {"probability": 0.1478, "prob_ml": 0.1248, "prob_ca": 0.0, "elevation": 307.0, "slope": 1.8}}, {"type": "Feature", "geometry": {"type": "Point", "coordinates": [98.7, 17.6]}, "properties": {"probability": 0.1486, "prob_ml": 0.1255, "prob_ca": 0.0, "elevation": 529.0, "slope": 1.3}}, {"type": "Feature", "geometry": {"type": "Point", "coordinates": [98.74, 17.6]}, "properties": {"probability": 0.1484, "prob_ml": 0.1253, "prob_ca": 0.0, "elevation": 456.0, "slope": 1.4}}, {"type": "Feature", "geometry": {"type": "Point", "coordinates": [98.78, 17.6]}, "properties": {"probability": 0.1419, "prob_ml": 0.1198, "prob_ca": 0.0, "elevation": 352.0, "slope": 2.2}}, {"type": "Feature", "geometry": {"type": "Point", "coordinates": [98.82, 17.6]}, "properties": {"probability": 0.1412, "prob_ml": 0.1193, "prob_ca": 0.0, "elevation": 474.0, "slope": 4.7}}, {"type": "Feature", "geometry": {"type": "Point", "coordinates": [98.86, 17.6]}, "properties": {"probability": 0.149, "prob_ml": 0.1259, "prob_ca": 0.0, "elevation": 712.0, "slope": 1.0}}, {"type": "Feature", "geometry": {"type": "Point", "coordinates": [98.9, 17.6]}, "properties": {"probability": 0.1497, "prob_ml": 0.1264, "prob_ca": 0.0, "elevation": 594.0, "slope": 1.9}}, {"type": "Feature", "geometry": {"type": "Point", "coordinates": [98.94, 17.6]}, "properties": {"probability": 0.1376, "prob_ml": 0.1162, "prob_ca": 0.0, "elevation": 484.0, "slope": 1.2}}, {"type": "Feature", "geometry": {"type": "Point", "coordinates": [98.98, 17.6]}, "properties": {"probability": 0.1253, "prob_ml": 0.1058, "prob_ca": 0.0, "elevation": 490.0, "slope": 1.7}}, {"type": "Feature", "geometry": {"type": "Point", "coordinates": [99.02, 17.6]}, "properties": {"probability": 0.1204, "prob_ml": 0.1017, "prob_ca": 0.0, "elevation": 598.0, "slope": 3.0}}, {"type": "Feature", "geometry": {"type": "Point", "coordinates": [99.06, 17.6]}, "properties": {"probability": 0.1008, "prob_ml": 0.0852, "prob_ca": 0.0, "elevation": 631.0, "slope": 3.6}}, {"type": "Feature", "geometry": {"type": "Point", "coordinates": [99.1, 17.6]}, "properties": {"probability": 0.0564, "prob_ml": 0.0476, "prob_ca": 0.0, "elevation": 249.0, "slope": 3.3}}, {"type": "Feature", "geometry": {"type": "Point", "coordinates": [99.14, 17.6]}, "properties": {"probability": 0.0181, "prob_ml": 0.0153, "prob_ca": 0.0, "elevation": 204.0, "slope": 0.7}}, {"type": "Feature", "geometry": {"type": "Point", "coordinates": [98.22, 17.64]}, "properties": {"probability": 0.0127, "prob_ml": 0.0108, "prob_ca": 0.0, "elevation": 1098.0, "slope": 7.1}}, {"type": "Feature", "geometry": {"type": "Point", "coordinates": [98.26, 17.64]}, "properties": {"probability": 0.0548, "prob_ml": 0.0463, "prob_ca": 0.0, "elevation": 1423.0, "slope": 2.2}}, {"type": "Feature", "geometry": {"type": "Point", "coordinates": [98.3, 17.64]}, "properties": {"probability": 0.0957, "prob_ml": 0.0808, "prob_ca": 0.0, "elevation": 1079.0, "slope": 2.5}}, {"type": "Feature", "geometry": {"type": "Point", "coordinates": [98.34, 17.64]}, "properties": {"probability": 0.1095, "prob_ml": 0.0925, "prob_ca": 0.0, "elevation": 1036.0, "slope": 0.9}}, {"type": "Feature", "geometry": {"type": "Point", "coordinates": [98.38, 17.64]}, "properties": {"probability": 0.1112, "prob_ml": 0.0939, "prob_ca": 0.0, "elevation": 925.0, "slope": 2.0}}, {"type": "Feature", "geometry": {"type": "Point", "coordinates": [98.42, 17.64]}, "properties": {"probability": 0.1023, "prob_ml": 0.0864, "prob_ca": 0.0, "elevation": 878.0, "slope": 1.4}}, {"type": "Feature", "geometry": {"type": "Point", "coordinates": [98.46, 17.64]}, "properties": {"probability": 0.1034, "prob_ml": 0.0873, "prob_ca": 0.0, "elevation": 917.0, "slope": 0.5}}, {"type": "Feature", "geometry": {"type": "Point", "coordinates": [98.5, 17.64]}, "properties": {"probability": 0.1191, "prob_ml": 0.1006, "prob_ca": 0.0, "elevation": 950.0, "slope": 0.5}}, {"type": "Feature", "geometry": {"type": "Point", "coordinates": [98.54, 17.64]}, "properties": {"probability": 0.1372, "prob_ml": 0.1158, "prob_ca": 0.0, "elevation": 838.0, "slope": 1.3}}, {"type": "Feature", "geometry": {"type": "Point", "coordinates": [98.58, 17.64]}, "properties": {"probability": 0.1618, "prob_ml": 0.1366, "prob_ca": 0.0, "elevation": 781.0, "slope": 0.9}}, {"type": "Feature", "geometry": {"type": "Point", "coordinates": [98.62, 17.64]}, "properties": {"probability": 0.186, "prob_ml": 0.1571, "prob_ca": 0.0, "elevation": 699.0, "slope": 3.2}}, {"type": "Feature", "geometry": {"type": "Point", "coordinates": [98.66, 17.64]}, "properties": {"probability": 0.1968, "prob_ml": 0.1661, "prob_ca": 0.0001, "elevation": 587.0, "slope": 3.9}}, {"type": "Feature", "geometry": {"type": "Point", "coordinates": [98.7, 17.64]}, "properties": {"probability": 0.1949, "prob_ml": 0.1643, "prob_ca": 0.0004, "elevation": 514.0, "slope": 1.4}}, {"type": "Feature", "geometry": {"type": "Point", "coordinates": [98.74, 17.64]}, "properties": {"probability": 0.1775, "prob_ml": 0.1497, "prob_ca": 0.0003, "elevation": 403.0, "slope": 1.3}}, {"type": "Feature", "geometry": {"type": "Point", "coordinates": [98.78, 17.64]}, "properties": {"probability": 0.1597, "prob_ml": 0.1348, "prob_ca": 0.0, "elevation": 356.0, "slope": 0.5}}, {"type": "Feature", "geometry": {"type": "Point", "coordinates": [98.82, 17.64]}, "properties": {"probability": 0.1556, "prob_ml": 0.1314, "prob_ca": 0.0, "elevation": 513.0, "slope": 4.4}}, {"type": "Feature", "geometry": {"type": "Point", "coordinates": [98.86, 17.64]}, "properties": {"probability": 0.155, "prob_ml": 0.1309, "prob_ca": 0.0, "elevation": 781.0, "slope": 1.5}}, {"type": "Feature", "geometry": {"type": "Point", "coordinates": [98.9, 17.64]}, "properties": {"probability": 0.1452, "prob_ml": 0.1226, "prob_ca": 0.0, "elevation": 826.0, "slope": 1.8}}, {"type": "Feature", "geometry": {"type": "Point", "coordinates": [98.94, 17.64]}, "properties": {"probability": 0.1338, "prob_ml": 0.113, "prob_ca": 0.0, "elevation": 646.0, "slope": 1.8}}, {"type": "Feature", "geometry": {"type": "Point", "coordinates": [98.98, 17.64]}, "properties": {"probability": 0.1268, "prob_ml": 0.107, "prob_ca": 0.0, "elevation": 686.0, "slope": 2.0}}, {"type": "Feature", "geometry": {"type": "Point", "coordinates": [99.02, 17.64]}, "properties": {"probability": 0.1251, "prob_ml": 0.1057, "prob_ca": 0.0, "elevation": 731.0, "slope": 0.8}}, {"type": "Feature", "geometry": {"type": "Point", "coordinates": [99.06, 17.64]}, "properties": {"probability": 0.1139, "prob_ml": 0.0962, "prob_ca": 0.0, "elevation": 671.0, "slope": 1.7}}, {"type": "Feature", "geometry": {"type": "Point", "coordinates": [99.1, 17.64]}, "properties": {"probability": 0.0812, "prob_ml": 0.0685, "prob_ca": 0.0, "elevation": 501.0, "slope": 3.5}}, {"type": "Feature", "geometry": {"type": "Point", "coordinates": [99.14, 17.64]}, "properties": {"probability": 0.0381, "prob_ml": 0.0322, "prob_ca": 0.0, "elevation": 266.0, "slope": 2.5}}, {"type": "Feature", "geometry": {"type": "Point", "coordinates": [98.22, 17.68]}, "properties": {"probability": 0.0237, "prob_ml": 0.02, "prob_ca": 0.0, "elevation": 1220.0, "slope": 2.8}}, {"type": "Feature", "geometry": {"type": "Point", "coordinates": [98.26, 17.68]}, "properties": {"probability": 0.0695, "prob_ml": 0.0587, "prob_ca": 0.0, "elevation": 1302.0, "slope": 2.2}}, {"type": "Feature", "geometry": {"type": "Point", "coordinates": [98.3, 17.68]}, "properties": {"probability": 0.0928, "prob_ml": 0.0783, "prob_ca": 0.0, "elevation": 1450.0, "slope": 7.3}}, {"type": "Feature", "geometry": {"type": "Point", "coordinates": [98.34, 17.68]}, "properties": {"probability": 0.1, "prob_ml": 0.0845, "prob_ca": 0.0, "elevation": 1100.0, "slope": 4.0}}, {"type": "Feature", "geometry": {"type": "Point", "coordinates": [98.38, 17.68]}, "properties": {"probability": 0.1091, "prob_ml": 0.0921, "prob_ca": 0.0, "elevation": 942.0, "slope": 1.2}}, {"type": "Feature", "geometry": {"type": "Point", "coordinates": [98.42, 17.68]}, "properties": {"probability": 0.1078, "prob_ml": 0.091, "prob_ca": 0.0, "elevation": 886.0, "slope": 0.6}}, {"type": "Feature", "geometry": {"type": "Point", "coordinates": [98.46, 17.68]}, "properties": {"probability": 0.1093, "prob_ml": 0.0923, "prob_ca": 0.0, "elevation": 887.0, "slope": 0.8}}, {"type": "Feature", "geometry": {"type": "Point", "coordinates": [98.5, 17.68]}, "properties": {"probability": 0.1236, "prob_ml": 0.1043, "prob_ca": 0.0, "elevation": 944.0, "slope": 0.1}}, {"type": "Feature", "geometry": {"type": "Point", "coordinates": [98.54, 17.68]}, "properties": {"probability": 0.1563, "prob_ml": 0.132, "prob_ca": 0.0, "elevation": 907.0, "slope": 1.8}}, {"type": "Feature", "geometry": {"type": "Point", "coordinates": [98.58, 17.68]}, "properties": {"probability": 0.1925, "prob_ml": 0.1624, "prob_ca": 0.0001, "elevation": 750.0, "slope": 2.7}}, {"type": "Feature", "geometry": {"type": "Point", "coordinates": [98.62, 17.68]}, "properties": {"probability": 0.219, "prob_ml": 0.1813, "prob_ca": 0.0055, "elevation": 772.0, "slope": 3.1}}, {"type": "Feature", "geometry": {"type": "Point", "coordinates": [98.66, 17.68]}, "properties": {"probability": 0.2554, "prob_ml": 0.1913, "prob_ca": 0.0367, "elevation": 903.0, "slope": 4.4}}, {"type": "Feature", "geometry": {"type": "Point", "coordinates": [98.7, 17.68]}, "properties": {"probability": 0.2756, "prob_ml": 0.1858, "prob_ca": 0.0703, "elevation": 712.0, "slope": 4.8}}, {"type": "Feature", "geometry": {"type": "Point", "coordinates": [98.74, 17.68]}, "properties": {"probability": 0.2473, "prob_ml": 0.1672, "prob_ca": 0.0625, "elevation": 396.0, "slope": 2.6}}, {"type": "Feature", "geometry": {"type": "Point", "coordinates": [98.78, 17.68]}, "properties": {"probability": 0.209, "prob_ml": 0.1571, "prob_ca": 0.029, "elevation": 429.0, "slope": 2.3}}, {"type": "Feature", "geometry": {"type": "Point", "coordinates": [98.82, 17.68]}, "properties": {"probability": 0.1891, "prob_ml": 0.1577, "prob_ca": 0.0029, "elevation": 565.0, "slope": 1.8}}, {"type": "Feature", "geometry": {"type": "Point", "coordinates": [98.86, 17.68]}, "properties": {"probability": 0.1713, "prob_ml": 0.1446, "prob_ca": 0.0, "elevation": 671.0, "slope": 2.3}}, {"type": "Feature", "geometry": {"type": "Point", "coordinates": [98.9, 17.68]}, "properties": {"probability": 0.1408, "prob_ml": 0.1189, "prob_ca": 0.0, "elevation": 717.0, "slope": 2.9}}, {"type": "Feature", "geometry": {"type": "Point", "coordinates": [98.94, 17.68]}, "properties": {"probability": 0.1245, "prob_ml": 0.1051, "prob_ca": 0.0, "elevation": 586.0, "slope": 2.0}}, {"type": "Feature", "geometry": {"type": "Point", "coordinates": [98.98, 17.68]}, "properties": {"probability": 0.1187, "prob_ml": 0.1002, "prob_ca": 0.0, "elevation": 601.0, "slope": 2.4}}, {"type": "Feature", "geometry": {"type": "Point", "coordinates": [99.02, 17.68]}, "properties": {"probability": 0.1192, "prob_ml": 0.1006, "prob_ca": 0.0, "elevation": 631.0, "slope": 2.3}}, {"type": "Feature", "geometry": {"type": "Point", "coordinates": [99.06, 17.68]}, "properties": {"probability": 0.1133, "prob_ml": 0.0956, "prob_ca": 0.0, "elevation": 615.0, "slope": 1.3}}, {"type": "Feature", "geometry": {"type": "Point", "coordinates": [99.1, 17.68]}, "properties": {"probability": 0.0917, "prob_ml": 0.0774, "prob_ca": 0.0, "elevation": 555.0, "slope": 1.7}}, {"type": "Feature", "geometry": {"type": "Point", "coordinates": [99.14, 17.68]}, "properties": {"probability": 0.0556, "prob_ml": 0.047, "prob_ca": 0.0, "elevation": 353.0, "slope": 2.5}}, {"type": "Feature", "geometry": {"type": "Point", "coordinates": [99.18, 17.68]}, "properties": {"probability": 0.018, "prob_ml": 0.0152, "prob_ca": 0.0, "elevation": 254.0, "slope": 1.3}}, {"type": "Feature", "geometry": {"type": "Point", "coordinates": [98.22, 17.72]}, "properties": {"probability": 0.0353, "prob_ml": 0.0298, "prob_ca": 0.0, "elevation": 1214.0, "slope": 3.2}}, {"type": "Feature", "geometry": {"type": "Point", "coordinates": [98.26, 17.72]}, "properties": {"probability": 0.0809, "prob_ml": 0.0683, "prob_ca": 0.0, "elevation": 1214.0, "slope": 2.9}}, {"type": "Feature", "geometry": {"type": "Point", "coordinates": [98.3, 17.72]}, "properties": {"probability": 0.0916, "prob_ml": 0.0774, "prob_ca": 0.0, "elevation": 1547.0, "slope": 4.7}}, {"type": "Feature", "geometry": {"type": "Point", "coordinates": [98.34, 17.72]}, "properties": {"probability": 0.0977, "prob_ml": 0.0825, "prob_ca": 0.0, "elevation": 1100.0, "slope": 4.8}}, {"type": "Feature", "geometry": {"type": "Point", "coordinates": [98.38, 17.72]}, "properties": {"probability": 0.1079, "prob_ml": 0.0911, "prob_ca": 0.0, "elevation": 915.0, "slope": 1.4}}, {"type": "Feature", "geometry": {"type": "Point", "coordinates": [98.42, 17.72]}, "properties": {"probability": 0.1046, "prob_ml": 0.0883, "prob_ca": 0.0, "elevation": 868.0, "slope": 0.1}}, {"type": "Feature", "geometry": {"type": "Point", "coordinates": [98.46, 17.72]}, "properties": {"probability": 0.1071, "prob_ml": 0.0904, "prob_ca": 0.0, "elevation": 885.0, "slope": 0.8}}, {"type": "Feature", "geometry": {"type": "Point", "coordinates": [98.5, 17.72]}, "properties": {"probability": 0.1322, "prob_ml": 0.1116, "prob_ca": 0.0, "elevation": 943.0, "slope": 0.2}}, {"type": "Feature", "geometry": {"type": "Point", "coordinates": [98.54, 17.72]}, "properties": {"probability": 0.1727, "prob_ml": 0.1459, "prob_ca": 0.0, "elevation": 910.0, "slope": 1.9}}, {"type": "Feature", "geometry": {"type": "Point", "coordinates": [98.58, 17.72]}, "properties": {"probability": 0.2051, "prob_ml": 0.1676, "prob_ca": 0.0084, "elevation": 698.0, "slope": 3.5}}, {"type": "Feature", "geometry": {"type": "Point", "coordinates": [98.62, 17.72]}, "properties": {"probability": 0.2857, "prob_ml": 0.1801, "prob_ca": 0.0919, "elevation": 768.0, "slope": 5.3}}, {"type": "Feature", "geometry": {"type": "Point", "coordinates": [98.66, 17.72]}, "properties": {"probability": 0.4393, "prob_ml": 0.1914, "prob_ca": 0.2693, "elevation": 995.0, "slope": 2.6}}, {"type": "Feature", "geometry": {"type": "Point", "coordinates": [98.7, 17.72]}, "properties": {"probability": 0.4907, "prob_ml": 0.1899, "prob_ca": 0.3367, "elevation": 671.0, "slope": 5.2}}, {"type": "Feature", "geometry": {"type": "Point", "coordinates": [98.74, 17.72]}, "properties": {"probability": 0.4825, "prob_ml": 0.1842, "prob_ca": 0.3348, "elevation": 582.0, "slope": 4.7}}, {"type": "Feature", "geometry": {"type": "Point", "coordinates": [98.78, 17.72]}, "properties": {"probability": 0.376, "prob_ml": 0.1774, "prob_ca": 0.2101, "elevation": 557.0, "slope": 2.1}}, {"type": "Feature", "geometry": {"type": "Point", "coordinates": [98.82, 17.72]}, "properties": {"probability": 0.231, "prob_ml": 0.1689, "prob_ca": 0.0393, "elevation": 549.0, "slope": 1.1}}, {"type": "Feature", "geometry": {"type": "Point", "coordinates": [98.86, 17.72]}, "properties": {"probability": 0.1794, "prob_ml": 0.1509, "prob_ca": 0.0008, "elevation": 553.0, "slope": 1.0}}, {"type": "Feature", "geometry": {"type": "Point", "coordinates": [98.9, 17.72]}, "properties": {"probability": 0.141, "prob_ml": 0.1191, "prob_ca": 0.0, "elevation": 601.0, "slope": 0.3}}, {"type": "Feature", "geometry": {"type": "Point", "coordinates": [98.94, 17.72]}, "properties": {"probability": 0.1103, "prob_ml": 0.0931, "prob_ca": 0.0, "elevation": 511.0, "slope": 0.8}}, {"type": "Feature", "geometry": {"type": "Point", "coordinates": [98.98, 17.72]}, "properties": {"probability": 0.0959, "prob_ml": 0.081, "prob_ca": 0.0, "elevation": 510.0, "slope": 0.4}}, {"type": "Feature", "geometry": {"type": "Point", "coordinates": [99.02, 17.72]}, "properties": {"probability": 0.0985, "prob_ml": 0.0832, "prob_ca": 0.0, "elevation": 545.0, "slope": 0.5}}, {"type": "Feature", "geometry": {"type": "Point", "coordinates": [99.06, 17.72]}, "properties": {"probability": 0.0977, "prob_ml": 0.0825, "prob_ca": 0.0, "elevation": 590.0, "slope": 0.8}}, {"type": "Feature", "geometry": {"type": "Point", "coordinates": [99.1, 17.72]}, "properties": {"probability": 0.0909, "prob_ml": 0.0767, "prob_ca": 0.0, "elevation": 646.0, "slope": 2.7}}, {"type": "Feature", "geometry": {"type": "Point", "coordinates": [99.14, 17.72]}, "properties": {"probability": 0.0683, "prob_ml": 0.0577, "prob_ca": 0.0, "elevation": 426.0, "slope": 2.5}}, {"type": "Feature", "geometry": {"type": "Point", "coordinates": [99.18, 17.72]}, "properties": {"probability": 0.0286, "prob_ml": 0.0242, "prob_ca": 0.0, "elevation": 314.0, "slope": 1.1}}, {"type": "Feature", "geometry": {"type": "Point", "coordinates": [98.22, 17.76]}, "properties": {"probability": 0.0398, "prob_ml": 0.0336, "prob_ca": 0.0, "elevation": 1094.0, "slope": 1.9}}, {"type": "Feature", "geometry": {"type": "Point", "coordinates": [98.26, 17.76]}, "properties": {"probability": 0.0909, "prob_ml": 0.0768, "prob_ca": 0.0, "elevation": 1190.0, "slope": 0.8}}, {"type": "Feature", "geometry": {"type": "Point", "coordinates": [98.3, 17.76]}, "properties": {"probability": 0.104, "prob_ml": 0.0878, "prob_ca": 0.0, "elevation": 1220.0, "slope": 3.6}}, {"type": "Feature", "geometry": {"type": "Point", "coordinates": [98.34, 17.76]}, "properties": {"probability": 0.1075, "prob_ml": 0.0908, "prob_ca": 0.0, "elevation": 989.0, "slope": 2.8}}, {"type": "Feature", "geometry": {"type": "Point", "coordinates": [98.38, 17.76]}, "properties": {"probability": 0.1112, "prob_ml": 0.0939, "prob_ca": 0.0, "elevation": 893.0, "slope": 0.7}}, {"type": "Feature", "geometry": {"type": "Point", "coordinates": [98.42, 17.76]}, "properties": {"probability": 0.1083, "prob_ml": 0.0915, "prob_ca": 0.0, "elevation": 900.0, "slope": 1.4}}, {"type": "Feature", "geometry": {"type": "Point", "coordinates": [98.46, 17.76]}, "properties": {"probability": 0.1137, "prob_ml": 0.096, "prob_ca": 0.0, "elevation": 949.0, "slope": 1.3}}, {"type": "Feature", "geometry": {"type": "Point", "coordinates": [98.5, 17.76]}, "properties": {"probability": 0.1453, "prob_ml": 0.1227, "prob_ca": 0.0, "elevation": 945.0, "slope": 0.6}}, {"type": "Feature", "geometry": {"type": "Point", "coordinates": [98.54, 17.76]}, "properties": {"probability": 0.1826, "prob_ml": 0.1538, "prob_ca": 0.0007, "elevation": 856.0, "slope": 1.4}}, {"type": "Feature", "geometry": {"type": "Point", "coordinates": [98.58, 17.76]}, "properties": {"probability": 0.2427, "prob_ml": 0.165, "prob_ca": 0.06, "elevation": 772.0, "slope": 3.8}}, {"type": "Feature", "geometry": {"type": "Point", "coordinates": [98.62, 17.76]}, "properties": {"probability": 0.4331, "prob_ml": 0.1722, "prob_ca": 0.2903, "elevation": 822.0, "slope": 3.3}}, {"type": "Feature", "geometry": {"type": "Point", "coordinates": [98.66, 17.76]}, "properties": {"probability": 0.6385, "prob_ml": 0.1835, "prob_ca": 0.5334, "elevation": 866.0, "slope": 3.3}}, {"type": "Feature", "geometry": {"type": "Point", "coordinates": [98.7, 17.76]}, "properties": {"probability": 0.739, "prob_ml": 0.1891, "prob_ca": 0.6523, "elevation": 491.0, "slope": 2.1}}, {"type": "Feature", "geometry": {"type": "Point", "coordinates": [98.74, 17.76]}, "properties": {"probability": 0.6825, "prob_ml": 0.1889, "prob_ca": 0.5812, "elevation": 817.0, "slope": 2.1}}, {"type": "Feature", "geometry": {"type": "Point", "coordinates": [98.78, 17.76]}, "properties": {"probability": 0.4982, "prob_ml": 0.1771, "prob_ca": 0.3654, "elevation": 639.0, "slope": 4.6}}, {"type": "Feature", "geometry": {"type": "Point", "coordinates": [98.82, 17.76]}, "properties": {"probability": 0.3177, "prob_ml": 0.1635, "prob_ca": 0.1571, "elevation": 494.0, "slope": 0.7}}, {"type": "Feature", "geometry": {"type": "Point", "coordinates": [98.86, 17.76]}, "properties": {"probability": 0.1893, "prob_ml": 0.1519, "prob_ca": 0.0119, "elevation": 545.0, "slope": 1.5}}, {"type": "Feature", "geometry": {"type": "Point", "coordinates": [98.9, 17.76]}, "properties": {"probability": 0.1423, "prob_ml": 0.1202, "prob_ca": 0.0, "elevation": 583.0, "slope": 0.6}}, {"type": "Feature", "geometry": {"type": "Point", "coordinates": [98.94, 17.76]}, "properties": {"probability": 0.0984, "prob_ml": 0.0831, "prob_ca": 0.0, "elevation": 496.0, "slope": 0.7}}, {"type": "Feature", "geometry": {"type": "Point", "coordinates": [98.98, 17.76]}, "properties": {"probability": 0.0802, "prob_ml": 0.0678, "prob_ca": 0.0, "elevation": 507.0, "slope": 0.6}}, {"type": "Feature", "geometry": {"type": "Point", "coordinates": [99.02, 17.76]}, "properties": {"probability": 0.0836, "prob_ml": 0.0706, "prob_ca": 0.0, "elevation": 554.0, "slope": 0.7}}, {"type": "Feature", "geometry": {"type": "Point", "coordinates": [99.06, 17.76]}, "properties": {"probability": 0.0888, "prob_ml": 0.075, "prob_ca": 0.0, "elevation": 636.0, "slope": 2.0}}, {"type": "Feature", "geometry": {"type": "Point", "coordinates": [99.1, 17.76]}, "properties": {"probability": 0.0908, "prob_ml": 0.0767, "prob_ca": 0.0, "elevation": 813.0, "slope": 1.7}}, {"type": "Feature", "geometry": {"type": "Point", "coordinates": [99.14, 17.76]}, "properties": {"probability": 0.0708, "prob_ml": 0.0598, "prob_ca": 0.0, "elevation": 483.0, "slope": 3.5}}, {"type": "Feature", "geometry": {"type": "Point", "coordinates": [99.18, 17.76]}, "properties": {"probability": 0.0297, "prob_ml": 0.0251, "prob_ca": 0.0, "elevation": 370.0, "slope": 1.2}}, {"type": "Feature", "geometry": {"type": "Point", "coordinates": [99.34, 17.76]}, "properties": {"probability": 0.0115, "prob_ml": 0.0097, "prob_ca": 0.0, "elevation": 467.0, "slope": 2.3}}, {"type": "Feature", "geometry": {"type": "Point", "coordinates": [99.38, 17.76]}, "properties": {"probability": 0.0149, "prob_ml": 0.0126, "prob_ca": 0.0, "elevation": 422.0, "slope": 1.3}}, {"type": "Feature", "geometry": {"type": "Point", "coordinates": [99.42, 17.76]}, "properties": {"probability": 0.0194, "prob_ml": 0.0164, "prob_ca": 0.0, "elevation": 378.0, "slope": 1.4}}, {"type": "Feature", "geometry": {"type": "Point", "coordinates": [99.46, 17.76]}, "properties": {"probability": 0.0152, "prob_ml": 0.0129, "prob_ca": 0.0, "elevation": 282.0, "slope": 2.1}}, {"type": "Feature", "geometry": {"type": "Point", "coordinates": [98.22, 17.8]}, "properties": {"probability": 0.0419, "prob_ml": 0.0354, "prob_ca": 0.0, "elevation": 1278.0, "slope": 1.3}}, {"type": "Feature", "geometry": {"type": "Point", "coordinates": [98.26, 17.8]}, "properties": {"probability": 0.0974, "prob_ml": 0.0822, "prob_ca": 0.0, "elevation": 1260.0, "slope": 2.3}}, {"type": "Feature", "geometry": {"type": "Point", "coordinates": [98.3, 17.8]}, "properties": {"probability": 0.113, "prob_ml": 0.0954, "prob_ca": 0.0, "elevation": 998.0, "slope": 3.2}}, {"type": "Feature", "geometry": {"type": "Point", "coordinates": [98.34, 17.8]}, "properties": {"probability": 0.1136, "prob_ml": 0.096, "prob_ca": 0.0, "elevation": 871.0, "slope": 1.0}}, {"type": "Feature", "geometry": {"type": "Point", "coordinates": [98.38, 17.8]}, "properties": {"probability": 0.1138, "prob_ml": 0.0961, "prob_ca": 0.0, "elevation": 918.0, "slope": 1.4}}, {"type": "Feature", "geometry": {"type": "Point", "coordinates": [98.42, 17.8]}, "properties": {"probability": 0.1133, "prob_ml": 0.0957, "prob_ca": 0.0, "elevation": 1019.0, "slope": 1.3}}, {"type": "Feature", "geometry": {"type": "Point", "coordinates": [98.46, 17.8]}, "properties": {"probability": 0.1216, "prob_ml": 0.1027, "prob_ca": 0.0, "elevation": 1063.0, "slope": 0.9}}, {"type": "Feature", "geometry": {"type": "Point", "coordinates": [98.5, 17.8]}, "properties": {"probability": 0.1535, "prob_ml": 0.1296, "prob_ca": 0.0, "elevation": 949.0, "slope": 0.9}}, {"type": "Feature", "geometry": {"type": "Point", "coordinates": [98.54, 17.8]}, "properties": {"probability": 0.1868, "prob_ml": 0.1558, "prob_ca": 0.0029, "elevation": 982.0, "slope": 1.1}}, {"type": "Feature", "geometry": {"type": "Point", "coordinates": [98.58, 17.8]}, "properties": {"probability": 0.2914, "prob_ml": 0.1618, "prob_ca": 0.1264, "elevation": 1159.0, "slope": 2.9}}, {"type": "Feature", "geometry": {"type": "Point", "coordinates": [98.62, 17.8]}, "properties": {"probability": 0.5155, "prob_ml": 0.1638, "prob_ca": 0.4073, "elevation": 1070.0, "slope": 5.3}}, {"type": "Feature", "geometry": {"type": "Point", "coordinates": [98.66, 17.8]}, "properties": {"probability": 0.7303, "prob_ml": 0.1715, "prob_ca": 0.6677, "elevation": 779.0, "slope": 2.4}}, {"type": "Feature", "geometry": {"type": "Point", "coordinates": [98.7, 17.8]}, "properties": {"probability": 1.0, "prob_ml": 0.1778, "prob_ca": 1.0, "elevation": 823.0, "slope": 1.5}}, {"type": "Feature", "geometry": {"type": "Point", "coordinates": [98.74, 17.8]}, "properties": {"probability": 0.7693, "prob_ml": 0.1743, "prob_ca": 0.713, "elevation": 669.0, "slope": 3.2}}, {"type": "Feature", "geometry": {"type": "Point", "coordinates": [98.78, 17.8]}, "properties": {"probability": 0.5623, "prob_ml": 0.164, "prob_ca": 0.4663, "elevation": 484.0, "slope": 3.0}}, {"type": "Feature", "geometry": {"type": "Point", "coordinates": [98.82, 17.8]}, "properties": {"probability": 0.3838, "prob_ml": 0.1588, "prob_ca": 0.2479, "elevation": 536.0, "slope": 3.8}}, {"type": "Feature", "geometry": {"type": "Point", "coordinates": [98.86, 17.8]}, "properties": {"probability": 0.2118, "prob_ml": 0.1539, "prob_ca": 0.0373, "elevation": 714.0, "slope": 1.3}}, {"type": "Feature", "geometry": {"type": "Point", "coordinates": [98.9, 17.8]}, "properties": {"probability": 0.1413, "prob_ml": 0.1193, "prob_ca": 0.0, "elevation": 536.0, "slope": 1.5}}, {"type": "Feature", "geometry": {"type": "Point", "coordinates": [98.94, 17.8]}, "properties": {"probability": 0.0905, "prob_ml": 0.0764, "prob_ca": 0.0, "elevation": 476.0, "slope": 0.4}}, {"type": "Feature", "geometry": {"type": "Point", "coordinates": [98.98, 17.8]}, "properties": {"probability": 0.0777, "prob_ml": 0.0656, "prob_ca": 0.0, "elevation": 503.0, "slope": 0.7}}, {"type": "Feature", "geometry": {"type": "Point", "coordinates": [99.02, 17.8]}, "properties": {"probability": 0.0878, "prob_ml": 0.0741, "prob_ca": 0.0, "elevation": 583.0, "slope": 1.4}}, {"type": "Feature", "geometry": {"type": "Point", "coordinates": [99.06, 17.8]}, "properties": {"probability": 0.098, "prob_ml": 0.0828, "prob_ca": 0.0, "elevation": 708.0, "slope": 2.2}}, {"type": "Feature", "geometry": {"type": "Point", "coordinates": [99.1, 17.8]}, "properties": {"probability": 0.0983, "prob_ml": 0.083, "prob_ca": 0.0, "elevation": 896.0, "slope": 1.6}}, {"type": "Feature", "geometry": {"type": "Point", "coordinates": [99.14, 17.8]}, "properties": {"probability": 0.0796, "prob_ml": 0.0672, "prob_ca": 0.0, "elevation": 566.0, "slope": 3.5}}, {"type": "Feature", "geometry": {"type": "Point", "coordinates": [99.18, 17.8]}, "properties": {"probability": 0.0351, "prob_ml": 0.0296, "prob_ca": 0.0, "elevation": 472.0, "slope": 1.2}}, {"type": "Feature", "geometry": {"type": "Point", "coordinates": [99.26, 17.8]}, "properties": {"probability": 0.0135, "prob_ml": 0.0114, "prob_ca": 0.0, "elevation": 310.0, "slope": 2.3}}, {"type": "Feature", "geometry": {"type": "Point", "coordinates": [99.3, 17.8]}, "properties": {"probability": 0.0203, "prob_ml": 0.0171, "prob_ca": 0.0, "elevation": 588.0, "slope": 2.8}}, {"type": "Feature", "geometry": {"type": "Point", "coordinates": [99.34, 17.8]}, "properties": {"probability": 0.0276, "prob_ml": 0.0233, "prob_ca": 0.0, "elevation": 443.0, "slope": 1.5}}, {"type": "Feature", "geometry": {"type": "Point", "coordinates": [99.38, 17.8]}, "properties": {"probability": 0.0305, "prob_ml": 0.0258, "prob_ca": 0.0, "elevation": 570.0, "slope": 2.9}}, {"type": "Feature", "geometry": {"type": "Point", "coordinates": [99.42, 17.8]}, "properties": {"probability": 0.032, "prob_ml": 0.027, "prob_ca": 0.0, "elevation": 487.0, "slope": 5.0}}, {"type": "Feature", "geometry": {"type": "Point", "coordinates": [99.46, 17.8]}, "properties": {"probability": 0.0241, "prob_ml": 0.0203, "prob_ca": 0.0, "elevation": 186.0, "slope": 1.8}}, {"type": "Feature", "geometry": {"type": "Point", "coordinates": [99.5, 17.8]}, "properties": {"probability": 0.0121, "prob_ml": 0.0102, "prob_ca": 0.0, "elevation": 140.0, "slope": 0.4}}, {"type": "Feature", "geometry": {"type": "Point", "coordinates": [99.54, 17.8]}, "properties": {"probability": 0.0115, "prob_ml": 0.0097, "prob_ca": 0.0, "elevation": 236.0, "slope": 1.1}}, {"type": "Feature", "geometry": {"type": "Point", "coordinates": [99.58, 17.8]}, "properties": {"probability": 0.0154, "prob_ml": 0.013, "prob_ca": 0.0, "elevation": 290.0, "slope": 0.7}}, {"type": "Feature", "geometry": {"type": "Point", "coordinates": [99.62, 17.8]}, "properties": {"probability": 0.011, "prob_ml": 0.0093, "prob_ca": 0.0, "elevation": 239.0, "slope": 1.9}}, {"type": "Feature", "geometry": {"type": "Point", "coordinates": [98.22, 17.84]}, "properties": {"probability": 0.0424, "prob_ml": 0.0358, "prob_ca": 0.0, "elevation": 1254.0, "slope": 0.4}}, {"type": "Feature", "geometry": {"type": "Point", "coordinates": [98.26, 17.84]}, "properties": {"probability": 0.0996, "prob_ml": 0.0841, "prob_ca": 0.0, "elevation": 1186.0, "slope": 2.7}}, {"type": "Feature", "geometry": {"type": "Point", "coordinates": [98.3, 17.84]}, "properties": {"probability": 0.1168, "prob_ml": 0.0986, "prob_ca": 0.0, "elevation": 917.0, "slope": 1.6}}, {"type": "Feature", "geometry": {"type": "Point", "coordinates": [98.34, 17.84]}, "properties": {"probability": 0.1174, "prob_ml": 0.0992, "prob_ca": 0.0, "elevation": 931.0, "slope": 1.2}}, {"type": "Feature", "geometry": {"type": "Point", "coordinates": [98.38, 17.84]}, "properties": {"probability": 0.117, "prob_ml": 0.0988, "prob_ca": 0.0, "elevation": 923.0, "slope": 0.4}}, {"type": "Feature", "geometry": {"type": "Point", "coordinates": [98.42, 17.84]}, "properties": {"probability": 0.1147, "prob_ml": 0.0969, "prob_ca": 0.0, "elevation": 968.0, "slope": 1.5}}, {"type": "Feature", "geometry": {"type": "Point", "coordinates": [98.46, 17.84]}, "properties": {"probability": 0.1218, "prob_ml": 0.1029, "prob_ca": 0.0, "elevation": 1004.0, "slope": 1.5}}, {"type": "Feature", "geometry": {"type": "Point", "coordinates": [98.5, 17.84]}, "properties": {"probability": 0.1503, "prob_ml": 0.1269, "prob_ca": 0.0, "elevation": 840.0, "slope": 1.6}}, {"type": "Feature", "geometry": {"type": "Point", "coordinates": [98.54, 17.84]}, "properties": {"probability": 0.1847, "prob_ml": 0.1529, "prob_ca": 0.0046, "elevation": 836.0, "slope": 1.6}}, {"type": "Feature", "geometry": {"type": "Point", "coordinates": [98.58, 17.84]}, "properties": {"probability": 0.3105, "prob_ml": 0.1603, "prob_ca": 0.1528, "elevation": 833.0, "slope": 3.7}}, {"type": "Feature", "geometry": {"type": "Point", "coordinates": [98.62, 17.84]}, "properties": {"probability": 0.5113, "prob_ml": 0.1598, "prob_ca": 0.4079, "elevation": 691.0, "slope": 5.6}}, {"type": "Feature", "geometry": {"type": "Point", "coordinates": [98.66, 17.84]}, "properties": {"probability": 0.6921, "prob_ml": 0.1625, "prob_ca": 0.6329, "elevation": 524.0, "slope": 3.0}}, {"type": "Feature", "geometry": {"type": "Point", "coordinates": [98.7, 17.84]}, "properties": {"probability": 0.7876, "prob_ml": 0.1644, "prob_ca": 0.7509, "elevation": 701.0, "slope": 2.2}}, {"type": "Feature", "geometry": {"type": "Point", "coordinates": [98.74, 17.84]}, "properties": {"probability": 0.7242, "prob_ml": 0.1597, "prob_ca": 0.6777, "elevation": 440.0, "slope": 3.5}}, {"type": "Feature", "geometry": {"type": "Point", "coordinates": [98.78, 17.84]}, "properties": {"probability": 0.5595, "prob_ml": 0.1553, "prob_ca": 0.4759, "elevation": 373.0, "slope": 1.1}}, {"type": "Feature", "geometry": {"type": "Point", "coordinates": [98.82, 17.84]}, "properties": {"probability": 0.398, "prob_ml": 0.1561, "prob_ca": 0.2699, "elevation": 516.0, "slope": 3.7}}, {"type": "Feature", "geometry": {"type": "Point", "coordinates": [98.86, 17.84]}, "properties": {"probability": 0.2206, "prob_ml": 0.1501, "prob_ca": 0.0543, "elevation": 701.0, "slope": 0.3}}, {"type": "Feature", "geometry": {"type": "Point", "coordinates": [98.9, 17.84]}, "properties": {"probability": 0.1375, "prob_ml": 0.1161, "prob_ca": 0.0, "elevation": 574.0, "slope": 1.2}}, {"type": "Feature", "geometry": {"type": "Point", "coordinates": [98.94, 17.84]}, "properties": {"probability": 0.0924, "prob_ml": 0.078, "prob_ca": 0.0, "elevation": 519.0, "slope": 0.6}}, {"type": "Feature", "geometry": {"type": "Point", "coordinates": [98.98, 17.84]}, "properties": {"probability": 0.0816, "prob_ml": 0.0689, "prob_ca": 0.0, "elevation": 504.0, "slope": 0.3}}, {"type": "Feature", "geometry": {"type": "Point", "coordinates": [99.02, 17.84]}, "properties": {"probability": 0.0935, "prob_ml": 0.079, "prob_ca": 0.0, "elevation": 530.0, "slope": 0.7}}, {"type": "Feature", "geometry": {"type": "Point", "coordinates": [99.06, 17.84]}, "properties": {"probability": 0.1051, "prob_ml": 0.0888, "prob_ca": 0.0, "elevation": 579.0, "slope": 1.3}}, {"type": "Feature", "geometry": {"type": "Point", "coordinates": [99.1, 17.84]}, "properties": {"probability": 0.1067, "prob_ml": 0.0901, "prob_ca": 0.0, "elevation": 608.0, "slope": 2.7}}, {"type": "Feature", "geometry": {"type": "Point", "coordinates": [99.14, 17.84]}, "properties": {"probability": 0.0947, "prob_ml": 0.08, "prob_ca": 0.0, "elevation": 696.0, "slope": 1.0}}, {"type": "Feature", "geometry": {"type": "Point", "coordinates": [99.18, 17.84]}, "properties": {"probability": 0.049, "prob_ml": 0.0414, "prob_ca": 0.0, "elevation": 550.0, "slope": 3.2}}, {"type": "Feature", "geometry": {"type": "Point", "coordinates": [99.22, 17.84]}, "properties": {"probability": 0.0257, "prob_ml": 0.0217, "prob_ca": 0.0, "elevation": 478.0, "slope": 1.9}}, {"type": "Feature", "geometry": {"type": "Point", "coordinates": [99.26, 17.84]}, "properties": {"probability": 0.0302, "prob_ml": 0.0255, "prob_ca": 0.0, "elevation": 487.0, "slope": 2.1}}, {"type": "Feature", "geometry": {"type": "Point", "coordinates": [99.3, 17.84]}, "properties": {"probability": 0.0277, "prob_ml": 0.0234, "prob_ca": 0.0, "elevation": 290.0, "slope": 3.2}}, {"type": "Feature", "geometry": {"type": "Point", "coordinates": [99.34, 17.84]}, "properties": {"probability": 0.0256, "prob_ml": 0.0216, "prob_ca": 0.0, "elevation": 267.0, "slope": 1.8}}, {"type": "Feature", "geometry": {"type": "Point", "coordinates": [99.38, 17.84]}, "properties": {"probability": 0.0303, "prob_ml": 0.0256, "prob_ca": 0.0, "elevation": 343.0, "slope": 2.8}}, {"type": "Feature", "geometry": {"type": "Point", "coordinates": [99.42, 17.84]}, "properties": {"probability": 0.0365, "prob_ml": 0.0308, "prob_ca": 0.0, "elevation": 404.0, "slope": 0.9}}, {"type": "Feature", "geometry": {"type": "Point", "coordinates": [99.46, 17.84]}, "properties": {"probability": 0.0332, "prob_ml": 0.028, "prob_ca": 0.0, "elevation": 367.0, "slope": 2.7}}, {"type": "Feature", "geometry": {"type": "Point", "coordinates": [99.5, 17.84]}, "properties": {"probability": 0.0192, "prob_ml": 0.0162, "prob_ca": 0.0, "elevation": 176.0, "slope": 1.5}}, {"type": "Feature", "geometry": {"type": "Point", "coordinates": [99.54, 17.84]}, "properties": {"probability": 0.0111, "prob_ml": 0.0094, "prob_ca": 0.0, "elevation": 192.0, "slope": 0.3}}, {"type": "Feature", "geometry": {"type": "Point", "coordinates": [99.58, 17.84]}, "properties": {"probability": 0.0105, "prob_ml": 0.0088, "prob_ca": 0.0, "elevation": 167.0, "slope": 1.3}}, {"type": "Feature", "geometry": {"type": "Point", "coordinates": [98.22, 17.88]}, "properties": {"probability": 0.0383, "prob_ml": 0.0324, "prob_ca": 0.0, "elevation": 1209.0, "slope": 0.8}}, {"type": "Feature", "geometry": {"type": "Point", "coordinates": [98.26, 17.88]}, "properties": {"probability": 0.0951, "prob_ml": 0.0803, "prob_ca": 0.0, "elevation": 1161.0, "slope": 1.0}}, {"type": "Feature", "geometry": {"type": "Point", "coordinates": [98.3, 17.88]}, "properties": {"probability": 0.1172, "prob_ml": 0.099, "prob_ca": 0.0, "elevation": 1074.0, "slope": 3.1}}, {"type": "Feature", "geometry": {"type": "Point", "coordinates": [98.34, 17.88]}, "properties": {"probability": 0.1198, "prob_ml": 0.1012, "prob_ca": 0.0, "elevation": 1086.0, "slope": 2.4}}, {"type": "Feature", "geometry": {"type": "Point", "coordinates": [98.38, 17.88]}, "properties": {"probability": 0.1189, "prob_ml": 0.1004, "prob_ca": 0.0, "elevation": 993.0, "slope": 2.0}}, {"type": "Feature", "geometry": {"type": "Point", "coordinates": [98.42, 17.88]}, "properties": {"probability": 0.1152, "prob_ml": 0.0973, "prob_ca": 0.0, "elevation": 936.0, "slope": 0.4}}, {"type": "Feature", "geometry": {"type": "Point", "coordinates": [98.46, 17.88]}, "properties": {"probability": 0.1186, "prob_ml": 0.1001, "prob_ca": 0.0, "elevation": 912.0, "slope": 1.9}}, {"type": "Feature", "geometry": {"type": "Point", "coordinates": [98.5, 17.88]}, "properties": {"probability": 0.138, "prob_ml": 0.1165, "prob_ca": 0.0, "elevation": 775.0, "slope": 1.1}}, {"type": "Feature", "geometry": {"type": "Point", "coordinates": [98.54, 17.88]}, "properties": {"probability": 0.173, "prob_ml": 0.1442, "prob_ca": 0.0027, "elevation": 767.0, "slope": 0.9}}, {"type": "Feature", "geometry": {"type": "Point", "coordinates": [98.58, 17.88]}, "properties": {"probability": 0.2744, "prob_ml": 0.1586, "prob_ca": 0.1097, "elevation": 633.0, "slope": 3.0}}, {"type": "Feature", "geometry": {"type": "Point", "coordinates": [98.62, 17.88]}, "properties": {"probability": 0.4342, "prob_ml": 0.1567, "prob_ca": 0.3148, "elevation": 460.0, "slope": 3.2}}, {"type": "Feature", "geometry": {"type": "Point", "coordinates": [98.66, 17.88]}, "properties": {"probability": 0.5483, "prob_ml": 0.1507, "prob_ca": 0.4685, "elevation": 353.0, "slope": 1.9}}, {"type": "Feature", "geometry": {"type": "Point", "coordinates": [98.7, 17.88]}, "properties": {"probability": 0.6087, "prob_ml": 0.1498, "prob_ca": 0.5463, "elevation": 442.0, "slope": 3.9}}, {"type": "Feature", "geometry": {"type": "Point", "coordinates": [98.74, 17.88]}, "properties": {"probability": 0.5772, "prob_ml": 0.1488, "prob_ca": 0.5079, "elevation": 341.0, "slope": 1.1}}, {"type": "Feature", "geometry": {"type": "Point", "coordinates": [98.78, 17.88]}, "properties": {"probability": 0.4819, "prob_ml": 0.1487, "prob_ca": 0.3873, "elevation": 343.0, "slope": 0.5}}, {"type": "Feature", "geometry": {"type": "Point", "coordinates": [98.82, 17.88]}, "properties": {"probability": 0.3587, "prob_ml": 0.1523, "prob_ca": 0.2258, "elevation": 547.0, "slope": 4.8}}, {"type": "Feature", "geometry": {"type": "Point", "coordinates": [98.86, 17.88]}, "properties": {"probability": 0.1959, "prob_ml": 0.1407, "prob_ca": 0.0371, "elevation": 767.0, "slope": 1.6}}, {"type": "Feature", "geometry": {"type": "Point", "coordinates": [98.9, 17.88]}, "properties": {"probability": 0.1302, "prob_ml": 0.1099, "prob_ca": 0.0, "elevation": 530.0, "slope": 2.0}}, {"type": "Feature", "geometry": {"type": "Point", "coordinates": [98.94, 17.88]}, "properties": {"probability": 0.1004, "prob_ml": 0.0848, "prob_ca": 0.0, "elevation": 498.0, "slope": 0.6}}, {"type": "Feature", "geometry": {"type": "Point", "coordinates": [98.98, 17.88]}, "properties": {"probability": 0.0931, "prob_ml": 0.0786, "prob_ca": 0.0, "elevation": 562.0, "slope": 1.6}}, {"type": "Feature", "geometry": {"type": "Point", "coordinates": [99.02, 17.88]}, "properties": {"probability": 0.1023, "prob_ml": 0.0864, "prob_ca": 0.0, "elevation": 588.0, "slope": 1.3}}, {"type": "Feature", "geometry": {"type": "Point", "coordinates": [99.06, 17.88]}, "properties": {"probability": 0.1037, "prob_ml": 0.0875, "prob_ca": 0.0, "elevation": 558.0, "slope": 0.2}}, {"type": "Feature", "geometry": {"type": "Point", "coordinates": [99.1, 17.88]}, "properties": {"probability": 0.1034, "prob_ml": 0.0873, "prob_ca": 0.0, "elevation": 569.0, "slope": 0.9}}, {"type": "Feature", "geometry": {"type": "Point", "coordinates": [99.14, 17.88]}, "properties": {"probability": 0.0966, "prob_ml": 0.0816, "prob_ca": 0.0, "elevation": 668.0, "slope": 1.5}}, {"type": "Feature", "geometry": {"type": "Point", "coordinates": [99.18, 17.88]}, "properties": {"probability": 0.0578, "prob_ml": 0.0488, "prob_ca": 0.0, "elevation": 733.0, "slope": 2.9}}, {"type": "Feature", "geometry": {"type": "Point", "coordinates": [99.22, 17.88]}, "properties": {"probability": 0.0383, "prob_ml": 0.0323, "prob_ca": 0.0, "elevation": 659.0, "slope": 3.7}}, {"type": "Feature", "geometry": {"type": "Point", "coordinates": [99.26, 17.88]}, "properties": {"probability": 0.036, "prob_ml": 0.0304, "prob_ca": 0.0, "elevation": 451.0, "slope": 3.2}}, {"type": "Feature", "geometry": {"type": "Point", "coordinates": [99.3, 17.88]}, "properties": {"probability": 0.0228, "prob_ml": 0.0193, "prob_ca": 0.0, "elevation": 225.0, "slope": 1.5}}, {"type": "Feature", "geometry": {"type": "Point", "coordinates": [99.34, 17.88]}, "properties": {"probability": 0.0139, "prob_ml": 0.0118, "prob_ca": 0.0, "elevation": 214.0, "slope": 0.2}}, {"type": "Feature", "geometry": {"type": "Point", "coordinates": [99.38, 17.88]}, "properties": {"probability": 0.0199, "prob_ml": 0.0168, "prob_ca": 0.0, "elevation": 248.0, "slope": 0.9}}, {"type": "Feature", "geometry": {"type": "Point", "coordinates": [99.42, 17.88]}, "properties": {"probability": 0.0326, "prob_ml": 0.0276, "prob_ca": 0.0, "elevation": 373.0, "slope": 2.6}}, {"type": "Feature", "geometry": {"type": "Point", "coordinates": [99.46, 17.88]}, "properties": {"probability": 0.0378, "prob_ml": 0.0319, "prob_ca": 0.0, "elevation": 483.0, "slope": 1.5}}, {"type": "Feature", "geometry": {"type": "Point", "coordinates": [99.5, 17.88]}, "properties": {"probability": 0.0296, "prob_ml": 0.025, "prob_ca": 0.0, "elevation": 323.0, "slope": 3.0}}, {"type": "Feature", "geometry": {"type": "Point", "coordinates": [99.54, 17.88]}, "properties": {"probability": 0.017, "prob_ml": 0.0144, "prob_ca": 0.0, "elevation": 206.0, "slope": 1.4}}, {"type": "Feature", "geometry": {"type": "Point", "coordinates": [99.74, 17.88]}, "properties": {"probability": 0.0145, "prob_ml": 0.0122, "prob_ca": 0.0, "elevation": 245.0, "slope": 1.6}}, {"type": "Feature", "geometry": {"type": "Point", "coordinates": [99.78, 17.88]}, "properties": {"probability": 0.0229, "prob_ml": 0.0193, "prob_ca": 0.0, "elevation": 288.0, "slope": 1.8}}, {"type": "Feature", "geometry": {"type": "Point", "coordinates": [99.82, 17.88]}, "properties": {"probability": 0.0215, "prob_ml": 0.0182, "prob_ca": 0.0, "elevation": 287.0, "slope": 1.3}}, {"type": "Feature", "geometry": {"type": "Point", "coordinates": [98.22, 17.92]}, "properties": {"probability": 0.0258, "prob_ml": 0.0218, "prob_ca": 0.0, "elevation": 1059.0, "slope": 3.4}}, {"type": "Feature", "geometry": {"type": "Point", "coordinates": [98.26, 17.92]}, "properties": {"probability": 0.0798, "prob_ml": 0.0674, "prob_ca": 0.0, "elevation": 1036.0, "slope": 3.4}}, {"type": "Feature", "geometry": {"type": "Point", "coordinates": [98.3, 17.92]}, "properties": {"probability": 0.1111, "prob_ml": 0.0938, "prob_ca": 0.0, "elevation": 1207.0, "slope": 0.8}}, {"type": "Feature", "geometry": {"type": "Point", "coordinates": [98.34, 17.92]}, "properties": {"probability": 0.1164, "prob_ml": 0.0983, "prob_ca": 0.0, "elevation": 1147.0, "slope": 1.3}}, {"type": "Feature", "geometry": {"type": "Point", "coordinates": [98.38, 17.92]}, "properties": {"probability": 0.1172, "prob_ml": 0.099, "prob_ca": 0.0, "elevation": 1033.0, "slope": 1.7}}, {"type": "Feature", "geometry": {"type": "Point", "coordinates": [98.42, 17.92]}, "properties": {"probability": 0.1158, "prob_ml": 0.0978, "prob_ca": 0.0, "elevation": 922.0, "slope": 1.2}}, {"type": "Feature", "geometry": {"type": "Point", "coordinates": [98.46, 17.92]}, "properties": {"probability": 0.1164, "prob_ml": 0.0983, "prob_ca": 0.0, "elevation": 853.0, "slope": 0.4}}, {"type": "Feature", "geometry": {"type": "Point", "coordinates": [98.5, 17.92]}, "properties": {"probability": 0.1264, "prob_ml": 0.1067, "prob_ca": 0.0, "elevation": 850.0, "slope": 2.6}}, {"type": "Feature", "geometry": {"type": "Point", "coordinates": [98.54, 17.92]}, "properties": {"probability": 0.1514, "prob_ml": 0.1277, "prob_ca": 0.0002, "elevation": 913.0, "slope": 4.3}}, {"type": "Feature", "geometry": {"type": "Point", "coordinates": [98.58, 17.92]}, "properties": {"probability": 0.1929, "prob_ml": 0.1457, "prob_ca": 0.0258, "elevation": 716.0, "slope": 5.5}}, {"type": "Feature", "geometry": {"type": "Point", "coordinates": [98.62, 17.92]}, "properties": {"probability": 0.298, "prob_ml": 0.145, "prob_ca": 0.16, "elevation": 451.0, "slope": 3.8}}, {"type": "Feature", "geometry": {"type": "Point", "coordinates": [98.66, 17.92]}, "properties": {"probability": 0.3735, "prob_ml": 0.1286, "prob_ca": 0.2802, "elevation": 272.0, "slope": 0.7}}, {"type": "Feature", "geometry": {"type": "Point", "coordinates": [98.7, 17.92]}, "properties": {"probability": 0.4174, "prob_ml": 0.1297, "prob_ca": 0.3341, "elevation": 291.0, "slope": 0.3}}, {"type": "Feature", "geometry": {"type": "Point", "coordinates": [98.74, 17.92]}, "properties": {"probability": 0.4182, "prob_ml": 0.1418, "prob_ca": 0.3171, "elevation": 321.0, "slope": 0.6}}, {"type": "Feature", "geometry": {"type": "Point", "coordinates": [98.78, 17.92]}, "properties": {"probability": 0.359, "prob_ml": 0.1457, "prob_ca": 0.2361, "elevation": 395.0, "slope": 1.8}}, {"type": "Feature", "geometry": {"type": "Point", "coordinates": [98.82, 17.92]}, "properties": {"probability": 0.2596, "prob_ml": 0.1425, "prob_ca": 0.1152, "elevation": 573.0, "slope": 3.4}}, {"type": "Feature", "geometry": {"type": "Point", "coordinates": [98.86, 17.92]}, "properties": {"probability": 0.1567, "prob_ml": 0.1246, "prob_ca": 0.0116, "elevation": 712.0, "slope": 3.0}}, {"type": "Feature", "geometry": {"type": "Point", "coordinates": [98.9, 17.92]}, "properties": {"probability": 0.119, "prob_ml": 0.1005, "prob_ca": 0.0, "elevation": 474.0, "slope": 1.6}}, {"type": "Feature", "geometry": {"type": "Point", "coordinates": [98.94, 17.92]}, "properties": {"probability": 0.1059, "prob_ml": 0.0894, "prob_ca": 0.0, "elevation": 472.0, "slope": 0.7}}, {"type": "Feature", "geometry": {"type": "Point", "coordinates": [98.98, 17.92]}, "properties": {"probability": 0.1087, "prob_ml": 0.0918, "prob_ca": 0.0, "elevation": 627.0, "slope": 2.8}}, {"type": "Feature", "geometry": {"type": "Point", "coordinates": [99.02, 17.92]}, "properties": {"probability": 0.1137, "prob_ml": 0.096, "prob_ca": 0.0, "elevation": 657.0, "slope": 2.0}}, {"type": "Feature", "geometry": {"type": "Point", "coordinates": [99.06, 17.92]}, "properties": {"probability": 0.1093, "prob_ml": 0.0923, "prob_ca": 0.0, "elevation": 574.0, "slope": 0.6}}, {"type": "Feature", "geometry": {"type": "Point", "coordinates": [99.1, 17.92]}, "properties": {"probability": 0.1052, "prob_ml": 0.0888, "prob_ca": 0.0, "elevation": 682.0, "slope": 2.3}}, {"type": "Feature", "geometry": {"type": "Point", "coordinates": [99.14, 17.92]}, "properties": {"probability": 0.0855, "prob_ml": 0.0722, "prob_ca": 0.0, "elevation": 570.0, "slope": 1.6}}, {"type": "Feature", "geometry": {"type": "Point", "coordinates": [99.18, 17.92]}, "properties": {"probability": 0.0486, "prob_ml": 0.041, "prob_ca": 0.0, "elevation": 677.0, "slope": 4.8}}, {"type": "Feature", "geometry": {"type": "Point", "coordinates": [99.22, 17.92]}, "properties": {"probability": 0.0354, "prob_ml": 0.0299, "prob_ca": 0.0, "elevation": 610.0, "slope": 5.6}}, {"type": "Feature", "geometry": {"type": "Point", "coordinates": [99.26, 17.92]}, "properties": {"probability": 0.0315, "prob_ml": 0.0266, "prob_ca": 0.0, "elevation": 347.0, "slope": 2.5}}, {"type": "Feature", "geometry": {"type": "Point", "coordinates": [99.3, 17.92]}, "properties": {"probability": 0.0177, "prob_ml": 0.0149, "prob_ca": 0.0, "elevation": 234.0, "slope": 0.9}}, {"type": "Feature", "geometry": {"type": "Point", "coordinates": [99.38, 17.92]}, "properties": {"probability": 0.014, "prob_ml": 0.0118, "prob_ca": 0.0, "elevation": 229.0, "slope": 0.5}}, {"type": "Feature", "geometry": {"type": "Point", "coordinates": [99.42, 17.92]}, "properties": {"probability": 0.028, "prob_ml": 0.0237, "prob_ca": 0.0, "elevation": 341.0, "slope": 2.5}}, {"type": "Feature", "geometry": {"type": "Point", "coordinates": [99.46, 17.92]}, "properties": {"probability": 0.0372, "prob_ml": 0.0314, "prob_ca": 0.0, "elevation": 505.0, "slope": 1.6}}, {"type": "Feature", "geometry": {"type": "Point", "coordinates": [99.5, 17.92]}, "properties": {"probability": 0.0368, "prob_ml": 0.031, "prob_ca": 0.0, "elevation": 593.0, "slope": 4.6}}, {"type": "Feature", "geometry": {"type": "Point", "coordinates": [99.54, 17.92]}, "properties": {"probability": 0.0307, "prob_ml": 0.026, "prob_ca": 0.0, "elevation": 430.0, "slope": 5.8}}, {"type": "Feature", "geometry": {"type": "Point", "coordinates": [99.58, 17.92]}, "properties": {"probability": 0.02, "prob_ml": 0.0169, "prob_ca": 0.0, "elevation": 228.0, "slope": 3.7}}, {"type": "Feature", "geometry": {"type": "Point", "coordinates": [99.62, 17.92]}, "properties": {"probability": 0.0111, "prob_ml": 0.0094, "prob_ca": 0.0, "elevation": 139.0, "slope": 0.5}}, {"type": "Feature", "geometry": {"type": "Point", "coordinates": [99.74, 17.92]}, "properties": {"probability": 0.0151, "prob_ml": 0.0128, "prob_ca": 0.0, "elevation": 234.0, "slope": 1.9}}, {"type": "Feature", "geometry": {"type": "Point", "coordinates": [99.78, 17.92]}, "properties": {"probability": 0.0269, "prob_ml": 0.0227, "prob_ca": 0.0, "elevation": 301.0, "slope": 1.6}}, {"type": "Feature", "geometry": {"type": "Point", "coordinates": [99.82, 17.92]}, "properties": {"probability": 0.0336, "prob_ml": 0.0283, "prob_ca": 0.0, "elevation": 318.0, "slope": 0.6}}, {"type": "Feature", "geometry": {"type": "Point", "coordinates": [99.86, 17.92]}, "properties": {"probability": 0.0251, "prob_ml": 0.0212, "prob_ca": 0.0, "elevation": 311.0, "slope": 0.9}}, {"type": "Feature", "geometry": {"type": "Point", "coordinates": [99.9, 17.92]}, "properties": {"probability": 0.0101, "prob_ml": 0.0086, "prob_ca": 0.0, "elevation": 382.0, "slope": 1.1}}, {"type": "Feature", "geometry": {"type": "Point", "coordinates": [98.22, 17.96]}, "properties": {"probability": 0.0138, "prob_ml": 0.0116, "prob_ca": 0.0, "elevation": 883.0, "slope": 2.0}}, {"type": "Feature", "geometry": {"type": "Point", "coordinates": [98.26, 17.96]}, "properties": {"probability": 0.0604, "prob_ml": 0.051, "prob_ca": 0.0, "elevation": 859.0, "slope": 3.0}}, {"type": "Feature", "geometry": {"type": "Point", "coordinates": [98.3, 17.96]}, "properties": {"probability": 0.1024, "prob_ml": 0.0865, "prob_ca": 0.0, "elevation": 1214.0, "slope": 1.6}}, {"type": "Feature", "geometry": {"type": "Point", "coordinates": [98.34, 17.96]}, "properties": {"probability": 0.1129, "prob_ml": 0.0954, "prob_ca": 0.0, "elevation": 1088.0, "slope": 1.5}}, {"type": "Feature", "geometry": {"type": "Point", "coordinates": [98.38, 17.96]}, "properties": {"probability": 0.1161, "prob_ml": 0.098, "prob_ca": 0.0, "elevation": 1030.0, "slope": 0.5}}, {"type": "Feature", "geometry": {"type": "Point", "coordinates": [98.42, 17.96]}, "properties": {"probability": 0.1184, "prob_ml": 0.1, "prob_ca": 0.0, "elevation": 939.0, "slope": 2.0}}, {"type": "Feature", "geometry": {"type": "Point", "coordinates": [98.46, 17.96]}, "properties": {"probability": 0.117, "prob_ml": 0.0988, "prob_ca": 0.0, "elevation": 856.0, "slope": 0.8}}, {"type": "Feature", "geometry": {"type": "Point", "coordinates": [98.5, 17.96]}, "properties": {"probability": 0.1189, "prob_ml": 0.1004, "prob_ca": 0.0, "elevation": 962.0, "slope": 1.7}}, {"type": "Feature", "geometry": {"type": "Point", "coordinates": [98.54, 17.96]}, "properties": {"probability": 0.1275, "prob_ml": 0.1077, "prob_ca": 0.0, "elevation": 1074.0, "slope": 2.4}}, {"type": "Feature", "geometry": {"type": "Point", "coordinates": [98.58, 17.96]}, "properties": {"probability": 0.1391, "prob_ml": 0.1165, "prob_ca": 0.0015, "elevation": 867.0, "slope": 4.7}}, {"type": "Feature", "geometry": {"type": "Point", "coordinates": [98.62, 17.96]}, "properties": {"probability": 0.1587, "prob_ml": 0.1182, "prob_ca": 0.0236, "elevation": 526.0, "slope": 4.9}}, {"type": "Feature", "geometry": {"type": "Point", "coordinates": [98.66, 17.96]}, "properties": {"probability": 0.1862, "prob_ml": 0.1037, "prob_ca": 0.0804, "elevation": 258.0, "slope": 0.8}}, {"type": "Feature", "geometry": {"type": "Point", "coordinates": [98.7, 17.96]}, "properties": {"probability": 0.229, "prob_ml": 0.1108, "prob_ca": 0.1238, "elevation": 297.0, "slope": 0.8}}, {"type": "Feature", "geometry": {"type": "Point", "coordinates": [98.74, 17.96]}, "properties": {"probability": 0.2429, "prob_ml": 0.1292, "prob_ca": 0.1139, "elevation": 382.0, "slope": 2.4}}, {"type": "Feature", "geometry": {"type": "Point", "coordinates": [98.78, 17.96]}, "properties": {"probability": 0.2033, "prob_ml": 0.1317, "prob_ca": 0.06, "elevation": 539.0, "slope": 3.6}}, {"type": "Feature", "geometry": {"type": "Point", "coordinates": [98.82, 17.96]}, "properties": {"probability": 0.1521, "prob_ml": 0.1204, "prob_ca": 0.0121, "elevation": 601.0, "slope": 1.3}}, {"type": "Feature", "geometry": {"type": "Point", "coordinates": [98.86, 17.96]}, "properties": {"probability": 0.1244, "prob_ml": 0.1046, "prob_ca": 0.0007, "elevation": 537.0, "slope": 1.9}}, {"type": "Feature", "geometry": {"type": "Point", "coordinates": [98.9, 17.96]}, "properties": {"probability": 0.1082, "prob_ml": 0.0913, "prob_ca": 0.0, "elevation": 441.0, "slope": 0.4}}, {"type": "Feature", "geometry": {"type": "Point", "coordinates": [98.94, 17.96]}, "properties": {"probability": 0.1035, "prob_ml": 0.0874, "prob_ca": 0.0, "elevation": 476.0, "slope": 1.1}}, {"type": "Feature", "geometry": {"type": "Point", "coordinates": [98.98, 17.96]}, "properties": {"probability": 0.1136, "prob_ml": 0.0959, "prob_ca": 0.0, "elevation": 647.0, "slope": 2.9}}, {"type": "Feature", "geometry": {"type": "Point", "coordinates": [99.02, 17.96]}, "properties": {"probability": 0.118, "prob_ml": 0.0996, "prob_ca": 0.0, "elevation": 668.0, "slope": 2.4}}, {"type": "Feature", "geometry": {"type": "Point", "coordinates": [99.06, 17.96]}, "properties": {"probability": 0.1158, "prob_ml": 0.0978, "prob_ca": 0.0, "elevation": 588.0, "slope": 1.5}}, {"type": "Feature", "geometry": {"type": "Point", "coordinates": [99.1, 17.96]}, "properties": {"probability": 0.1026, "prob_ml": 0.0866, "prob_ca": 0.0, "elevation": 800.0, "slope": 0.8}}, {"type": "Feature", "geometry": {"type": "Point", "coordinates": [99.14, 17.96]}, "properties": {"probability": 0.0658, "prob_ml": 0.0556, "prob_ca": 0.0, "elevation": 464.0, "slope": 3.4}}, {"type": "Feature", "geometry": {"type": "Point", "coordinates": [99.18, 17.96]}, "properties": {"probability": 0.0355, "prob_ml": 0.03, "prob_ca": 0.0, "elevation": 400.0, "slope": 2.2}}, {"type": "Feature", "geometry": {"type": "Point", "coordinates": [99.22, 17.96]}, "properties": {"probability": 0.0304, "prob_ml": 0.0257, "prob_ca": 0.0, "elevation": 361.0, "slope": 2.2}}, {"type": "Feature", "geometry": {"type": "Point", "coordinates": [99.26, 17.96]}, "properties": {"probability": 0.0261, "prob_ml": 0.022, "prob_ca": 0.0, "elevation": 273.0, "slope": 0.7}}, {"type": "Feature", "geometry": {"type": "Point", "coordinates": [99.3, 17.96]}, "properties": {"probability": 0.0153, "prob_ml": 0.0129, "prob_ca": 0.0, "elevation": 244.0, "slope": 0.4}}, {"type": "Feature", "geometry": {"type": "Point", "coordinates": [99.34, 17.96]}, "properties": {"probability": 0.0139, "prob_ml": 0.0117, "prob_ca": 0.0, "elevation": 228.0, "slope": 0.7}}, {"type": "Feature", "geometry": {"type": "Point", "coordinates": [99.38, 17.96]}, "properties": {"probability": 0.0208, "prob_ml": 0.0175, "prob_ca": 0.0, "elevation": 255.0, "slope": 0.9}}, {"type": "Feature", "geometry": {"type": "Point", "coordinates": [99.42, 17.96]}, "properties": {"probability": 0.0332, "prob_ml": 0.0281, "prob_ca": 0.0, "elevation": 309.0, "slope": 0.9}}, {"type": "Feature", "geometry": {"type": "Point", "coordinates": [99.46, 17.96]}, "properties": {"probability": 0.0394, "prob_ml": 0.0332, "prob_ca": 0.0, "elevation": 438.0, "slope": 3.5}}, {"type": "Feature", "geometry": {"type": "Point", "coordinates": [99.5, 17.96]}, "properties": {"probability": 0.0412, "prob_ml": 0.0348, "prob_ca": 0.0, "elevation": 751.0, "slope": 3.6}}, {"type": "Feature", "geometry": {"type": "Point", "coordinates": [99.54, 17.96]}, "properties": {"probability": 0.0419, "prob_ml": 0.0354, "prob_ca": 0.0, "elevation": 717.0, "slope": 1.6}}, {"type": "Feature", "geometry": {"type": "Point", "coordinates": [99.58, 17.96]}, "properties": {"probability": 0.0343, "prob_ml": 0.029, "prob_ca": 0.0, "elevation": 438.0, "slope": 5.6}}, {"type": "Feature", "geometry": {"type": "Point", "coordinates": [99.62, 17.96]}, "properties": {"probability": 0.0236, "prob_ml": 0.0199, "prob_ca": 0.0, "elevation": 227.0, "slope": 3.7}}, {"type": "Feature", "geometry": {"type": "Point", "coordinates": [99.66, 17.96]}, "properties": {"probability": 0.0167, "prob_ml": 0.0141, "prob_ca": 0.0, "elevation": 168.0, "slope": 2.0}}, {"type": "Feature", "geometry": {"type": "Point", "coordinates": [99.7, 17.96]}, "properties": {"probability": 0.0102, "prob_ml": 0.0086, "prob_ca": 0.0, "elevation": 121.0, "slope": 0.2}}, {"type": "Feature", "geometry": {"type": "Point", "coordinates": [99.78, 17.96]}, "properties": {"probability": 0.0154, "prob_ml": 0.013, "prob_ca": 0.0, "elevation": 212.0, "slope": 1.3}}, {"type": "Feature", "geometry": {"type": "Point", "coordinates": [99.82, 17.96]}, "properties": {"probability": 0.0259, "prob_ml": 0.0219, "prob_ca": 0.0, "elevation": 277.0, "slope": 0.9}}, {"type": "Feature", "geometry": {"type": "Point", "coordinates": [99.86, 17.96]}, "properties": {"probability": 0.0298, "prob_ml": 0.0251, "prob_ca": 0.0, "elevation": 325.0, "slope": 1.1}}, {"type": "Feature", "geometry": {"type": "Point", "coordinates": [99.9, 17.96]}, "properties": {"probability": 0.0198, "prob_ml": 0.0167, "prob_ca": 0.0, "elevation": 391.0, "slope": 1.3}}, {"type": "Feature", "geometry": {"type": "Point", "coordinates": [98.26, 18.0]}, "properties": {"probability": 0.0353, "prob_ml": 0.0298, "prob_ca": 0.0, "elevation": 870.0, "slope": 2.3}}, {"type": "Feature", "geometry": {"type": "Point", "coordinates": [98.3, 18.0]}, "properties": {"probability": 0.0837, "prob_ml": 0.0707, "prob_ca": 0.0, "elevation": 1148.0, "slope": 1.8}}, {"type": "Feature", "geometry": {"type": "Point", "coordinates": [98.34, 18.0]}, "properties": {"probability": 0.1084, "prob_ml": 0.0915, "prob_ca": 0.0, "elevation": 1041.0, "slope": 1.0}}, {"type": "Feature", "geometry": {"type": "Point", "coordinates": [98.38, 18.0]}, "properties": {"probability": 0.1145, "prob_ml": 0.0967, "prob_ca": 0.0, "elevation": 1048.0, "slope": 0.6}}, {"type": "Feature", "geometry": {"type": "Point", "coordinates": [98.42, 18.0]}, "properties": {"probability": 0.1192, "prob_ml": 0.1006, "prob_ca": 0.0, "elevation": 1019.0, "slope": 1.3}}, {"type": "Feature", "geometry": {"type": "Point", "coordinates": [98.46, 18.0]}, "properties": {"probability": 0.1189, "prob_ml": 0.1004, "prob_ca": 0.0, "elevation": 914.0, "slope": 1.4}}, {"type": "Feature", "geometry": {"type": "Point", "coordinates": [98.5, 18.0]}, "properties": {"probability": 0.1163, "prob_ml": 0.0982, "prob_ca": 0.0, "elevation": 804.0, "slope": 3.7}}, {"type": "Feature", "geometry": {"type": "Point", "coordinates": [98.54, 18.0]}, "properties": {"probability": 0.1141, "prob_ml": 0.0964, "prob_ca": 0.0, "elevation": 710.0, "slope": 4.6}}, {"type": "Feature", "geometry": {"type": "Point", "coordinates": [98.58, 18.0]}, "properties": {"probability": 0.1084, "prob_ml": 0.0915, "prob_ca": 0.0, "elevation": 504.0, "slope": 4.7}}, {"type": "Feature", "geometry": {"type": "Point", "coordinates": [98.62, 18.0]}, "properties": {"probability": 0.1008, "prob_ml": 0.085, "prob_ca": 0.0002, "elevation": 330.0, "slope": 2.1}}, {"type": "Feature", "geometry": {"type": "Point", "coordinates": [98.66, 18.0]}, "properties": {"probability": 0.0887, "prob_ml": 0.0737, "prob_ca": 0.0018, "elevation": 264.0, "slope": 0.3}}, {"type": "Feature", "geometry": {"type": "Point", "coordinates": [98.7, 18.0]}, "properties": {"probability": 0.1021, "prob_ml": 0.0837, "prob_ca": 0.0038, "elevation": 311.0, "slope": 2.0}}, {"type": "Feature", "geometry": {"type": "Point", "coordinates": [98.74, 18.0]}, "properties": {"probability": 0.1268, "prob_ml": 0.1049, "prob_ca": 0.0033, "elevation": 580.0, "slope": 3.5}}, {"type": "Feature", "geometry": {"type": "Point", "coordinates": [98.78, 18.0]}, "properties": {"probability": 0.1322, "prob_ml": 0.1109, "prob_ca": 0.0011, "elevation": 789.0, "slope": 3.2}}, {"type": "Feature", "geometry": {"type": "Point", "coordinates": [98.82, 18.0]}, "properties": {"probability": 0.1202, "prob_ml": 0.1015, "prob_ca": 0.0, "elevation": 712.0, "slope": 4.6}}, {"type": "Feature", "geometry": {"type": "Point", "coordinates": [98.86, 18.0]}, "properties": {"probability": 0.1115, "prob_ml": 0.0942, "prob_ca": 0.0, "elevation": 451.0, "slope": 1.3}}, {"type": "Feature", "geometry": {"type": "Point", "coordinates": [98.9, 18.0]}, "properties": {"probability": 0.1072, "prob_ml": 0.0905, "prob_ca": 0.0, "elevation": 437.0, "slope": 0.5}}, {"type": "Feature", "geometry": {"type": "Point", "coordinates": [98.94, 18.0]}, "properties": {"probability": 0.1048, "prob_ml": 0.0885, "prob_ca": 0.0, "elevation": 515.0, "slope": 1.0}}, {"type": "Feature", "geometry": {"type": "Point", "coordinates": [98.98, 18.0]}, "properties": {"probability": 0.113, "prob_ml": 0.0954, "prob_ca": 0.0, "elevation": 569.0, "slope": 0.8}}, {"type": "Feature", "geometry": {"type": "Point", "coordinates": [99.02, 18.0]}, "properties": {"probability": 0.1167, "prob_ml": 0.0986, "prob_ca": 0.0, "elevation": 579.0, "slope": 0.6}}, {"type": "Feature", "geometry": {"type": "Point", "coordinates": [99.06, 18.0]}, "properties": {"probability": 0.1126, "prob_ml": 0.095, "prob_ca": 0.0, "elevation": 595.0, "slope": 1.2}}, {"type": "Feature", "geometry": {"type": "Point", "coordinates": [99.1, 18.0]}, "properties": {"probability": 0.0892, "prob_ml": 0.0753, "prob_ca": 0.0, "elevation": 727.0, "slope": 2.0}}, {"type": "Feature", "geometry": {"type": "Point", "coordinates": [99.14, 18.0]}, "properties": {"probability": 0.051, "prob_ml": 0.0431, "prob_ca": 0.0, "elevation": 381.0, "slope": 3.4}}, {"type": "Feature", "geometry": {"type": "Point", "coordinates": [99.18, 18.0]}, "properties": {"probability": 0.0342, "prob_ml": 0.0289, "prob_ca": 0.0, "elevation": 288.0, "slope": 0.7}}, {"type": "Feature", "geometry": {"type": "Point", "coordinates": [99.22, 18.0]}, "properties": {"probability": 0.0287, "prob_ml": 0.0243, "prob_ca": 0.0, "elevation": 286.0, "slope": 0.6}}, {"type": "Feature", "geometry": {"type": "Point", "coordinates": [99.26, 18.0]}, "properties": {"probability": 0.0222, "prob_ml": 0.0187, "prob_ca": 0.0, "elevation": 283.0, "slope": 0.2}}, {"type": "Feature", "geometry": {"type": "Point", "coordinates": [99.3, 18.0]}, "properties": {"probability": 0.019, "prob_ml": 0.016, "prob_ca": 0.0, "elevation": 264.0, "slope": 0.2}}, {"type": "Feature", "geometry": {"type": "Point", "coordinates": [99.34, 18.0]}, "properties": {"probability": 0.0273, "prob_ml": 0.023, "prob_ca": 0.0, "elevation": 298.0, "slope": 0.5}}, {"type": "Feature", "geometry": {"type": "Point", "coordinates": [99.38, 18.0]}, "properties": {"probability": 0.039, "prob_ml": 0.0329, "prob_ca": 0.0, "elevation": 325.0, "slope": 0.4}}, {"type": "Feature", "geometry": {"type": "Point", "coordinates": [99.42, 18.0]}, "properties": {"probability": 0.0551, "prob_ml": 0.0465, "prob_ca": 0.0, "elevation": 329.0, "slope": 0.2}}, {"type": "Feature", "geometry": {"type": "Point", "coordinates": [99.46, 18.0]}, "properties": {"probability": 0.0664, "prob_ml": 0.0561, "prob_ca": 0.0, "elevation": 316.0, "slope": 0.8}}, {"type": "Feature", "geometry": {"type": "Point", "coordinates": [99.5, 18.0]}, "properties": {"probability": 0.0703, "prob_ml": 0.0594, "prob_ca": 0.0, "elevation": 312.0, "slope": 3.6}}, {"type": "Feature", "geometry": {"type": "Point", "coordinates": [99.54, 18.0]}, "properties": {"probability": 0.07, "prob_ml": 0.0591, "prob_ca": 0.0, "elevation": 624.0, "slope": 3.7}}, {"type": "Feature", "geometry": {"type": "Point", "coordinates": [99.58, 18.0]}, "properties": {"probability": 0.0591, "prob_ml": 0.0499, "prob_ca": 0.0, "elevation": 709.0, "slope": 0.8}}, {"type": "Feature", "geometry": {"type": "Point", "coordinates": [99.62, 18.0]}, "properties": {"probability": 0.045, "prob_ml": 0.038, "prob_ca": 0.0, "elevation": 608.0, "slope": 3.7}}, {"type": "Feature", "geometry": {"type": "Point", "coordinates": [99.66, 18.0]}, "properties": {"probability": 0.0326, "prob_ml": 0.0275, "prob_ca": 0.0, "elevation": 389.0, "slope": 3.8}}, {"type": "Feature", "geometry": {"type": "Point", "coordinates": [99.7, 18.0]}, "properties": {"probability": 0.018, "prob_ml": 0.0152, "prob_ca": 0.0, "elevation": 143.0, "slope": 2.2}}, {"type": "Feature", "geometry": {"type": "Point", "coordinates": [99.82, 18.0]}, "properties": {"probability": 0.0124, "prob_ml": 0.0104, "prob_ca": 0.0, "elevation": 209.0, "slope": 0.9}}, {"type": "Feature", "geometry": {"type": "Point", "coordinates": [99.86, 18.0]}, "properties": {"probability": 0.0173, "prob_ml": 0.0146, "prob_ca": 0.0, "elevation": 232.0, "slope": 0.9}}, {"type": "Feature", "geometry": {"type": "Point", "coordinates": [99.9, 18.0]}, "properties": {"probability": 0.0176, "prob_ml": 0.0149, "prob_ca": 0.0, "elevation": 237.0, "slope": 1.8}}, {"type": "Feature", "geometry": {"type": "Point", "coordinates": [98.26, 18.04]}, "properties": {"probability": 0.013, "prob_ml": 0.011, "prob_ca": 0.0, "elevation": 971.0, "slope": 0.7}}, {"type": "Feature", "geometry": {"type": "Point", "coordinates": [98.3, 18.04]}, "properties": {"probability": 0.0522, "prob_ml": 0.0441, "prob_ca": 0.0, "elevation": 986.0, "slope": 1.5}}, {"type": "Feature", "geometry": {"type": "Point", "coordinates": [98.34, 18.04]}, "properties": {"probability": 0.0956, "prob_ml": 0.0807, "prob_ca": 0.0, "elevation": 1007.0, "slope": 0.2}}, {"type": "Feature", "geometry": {"type": "Point", "coordinates": [98.38, 18.04]}, "properties": {"probability": 0.1124, "prob_ml": 0.0949, "prob_ca": 0.0, "elevation": 1008.0, "slope": 0.2}}, {"type": "Feature", "geometry": {"type": "Point", "coordinates": [98.42, 18.04]}, "properties": {"probability": 0.1183, "prob_ml": 0.0999, "prob_ca": 0.0, "elevation": 973.0, "slope": 1.0}}, {"type": "Feature", "geometry": {"type": "Point", "coordinates": [98.46, 18.04]}, "properties": {"probability": 0.1177, "prob_ml": 0.0994, "prob_ca": 0.0, "elevation": 823.0, "slope": 4.2}}, {"type": "Feature", "geometry": {"type": "Point", "coordinates": [98.5, 18.04]}, "properties": {"probability": 0.111, "prob_ml": 0.0938, "prob_ca": 0.0, "elevation": 429.0, "slope": 4.2}}, {"type": "Feature", "geometry": {"type": "Point", "coordinates": [98.54, 18.04]}, "properties": {"probability": 0.1081, "prob_ml": 0.0913, "prob_ca": 0.0, "elevation": 408.0, "slope": 2.7}}, {"type": "Feature", "geometry": {"type": "Point", "coordinates": [98.58, 18.04]}, "properties": {"probability": 0.0945, "prob_ml": 0.0798, "prob_ca": 0.0, "elevation": 328.0, "slope": 2.0}}, {"type": "Feature", "geometry": {"type": "Point", "coordinates": [98.62, 18.04]}, "properties": {"probability": 0.0777, "prob_ml": 0.0656, "prob_ca": 0.0, "elevation": 284.0, "slope": 0.4}}, {"type": "Feature", "geometry": {"type": "Point", "coordinates": [98.66, 18.04]}, "properties": {"probability": 0.0716, "prob_ml": 0.0605, "prob_ca": 0.0, "elevation": 295.0, "slope": 0.5}}, {"type": "Feature", "geometry": {"type": "Point", "coordinates": [98.7, 18.04]}, "properties": {"probability": 0.0841, "prob_ml": 0.071, "prob_ca": 0.0, "elevation": 309.0, "slope": 2.0}}, {"type": "Feature", "geometry": {"type": "Point", "coordinates": [98.74, 18.04]}, "properties": {"probability": 0.1093, "prob_ml": 0.0923, "prob_ca": 0.0, "elevation": 606.0, "slope": 3.6}}, {"type": "Feature", "geometry": {"type": "Point", "coordinates": [98.78, 18.04]}, "properties": {"probability": 0.1218, "prob_ml": 0.1028, "prob_ca": 0.0, "elevation": 847.0, "slope": 2.9}}, {"type": "Feature", "geometry": {"type": "Point", "coordinates": [98.82, 18.04]}, "properties": {"probability": 0.1192, "prob_ml": 0.1007, "prob_ca": 0.0, "elevation": 764.0, "slope": 5.1}}, {"type": "Feature", "geometry": {"type": "Point", "coordinates": [98.86, 18.04]}, "properties": {"probability": 0.1157, "prob_ml": 0.0977, "prob_ca": 0.0, "elevation": 460.0, "slope": 1.7}}, {"type": "Feature", "geometry": {"type": "Point", "coordinates": [98.9, 18.04]}, "properties": {"probability": 0.1124, "prob_ml": 0.0949, "prob_ca": 0.0, "elevation": 411.0, "slope": 0.6}}, {"type": "Feature", "geometry": {"type": "Point", "coordinates": [98.94, 18.04]}, "properties": {"probability": 0.113, "prob_ml": 0.0954, "prob_ca": 0.0, "elevation": 539.0, "slope": 2.0}}, {"type": "Feature", "geometry": {"type": "Point", "coordinates": [98.98, 18.04]}, "properties": {"probability": 0.1173, "prob_ml": 0.0991, "prob_ca": 0.0, "elevation": 740.0, "slope": 3.1}}, {"type": "Feature", "geometry": {"type": "Point", "coordinates": [99.02, 18.04]}, "properties": {"probability": 0.1178, "prob_ml": 0.0995, "prob_ca": 0.0, "elevation": 755.0, "slope": 2.9}}, {"type": "Feature", "geometry": {"type": "Point", "coordinates": [99.06, 18.04]}, "properties": {"probability": 0.104, "prob_ml": 0.0878, "prob_ca": 0.0, "elevation": 603.0, "slope": 0.9}}, {"type": "Feature", "geometry": {"type": "Point", "coordinates": [99.1, 18.04]}, "properties": {"probability": 0.0681, "prob_ml": 0.0575, "prob_ca": 0.0, "elevation": 580.0, "slope": 2.1}}, {"type": "Feature", "geometry": {"type": "Point", "coordinates": [99.14, 18.04]}, "properties": {"probability": 0.0389, "prob_ml": 0.0329, "prob_ca": 0.0, "elevation": 375.0, "slope": 2.1}}, {"type": "Feature", "geometry": {"type": "Point", "coordinates": [99.18, 18.04]}, "properties": {"probability": 0.0299, "prob_ml": 0.0252, "prob_ca": 0.0, "elevation": 290.0, "slope": 0.6}}, {"type": "Feature", "geometry": {"type": "Point", "coordinates": [99.22, 18.04]}, "properties": {"probability": 0.0188, "prob_ml": 0.0158, "prob_ca": 0.0, "elevation": 262.0, "slope": 0.2}}, {"type": "Feature", "geometry": {"type": "Point", "coordinates": [99.26, 18.04]}, "properties": {"probability": 0.0131, "prob_ml": 0.011, "prob_ca": 0.0, "elevation": 260.0, "slope": 0.3}}, {"type": "Feature", "geometry": {"type": "Point", "coordinates": [99.3, 18.04]}, "properties": {"probability": 0.0174, "prob_ml": 0.0147, "prob_ca": 0.0, "elevation": 275.0, "slope": 0.1}}, {"type": "Feature", "geometry": {"type": "Point", "coordinates": [99.34, 18.04]}, "properties": {"probability": 0.0322, "prob_ml": 0.0272, "prob_ca": 0.0, "elevation": 275.0, "slope": 0.3}}, {"type": "Feature", "geometry": {"type": "Point", "coordinates": [99.38, 18.04]}, "properties": {"probability": 0.0606, "prob_ml": 0.0512, "prob_ca": 0.0, "elevation": 283.0, "slope": 0.5}}, {"type": "Feature", "geometry": {"type": "Point", "coordinates": [99.42, 18.04]}, "properties": {"probability": 0.0985, "prob_ml": 0.0832, "prob_ca": 0.0, "elevation": 301.0, "slope": 0.3}}, {"type": "Feature", "geometry": {"type": "Point", "coordinates": [99.46, 18.04]}, "properties": {"probability": 0.1181, "prob_ml": 0.0997, "prob_ca": 0.0, "elevation": 312.0, "slope": 0.3}}, {"type": "Feature", "geometry": {"type": "Point", "coordinates": [99.5, 18.04]}, "properties": {"probability": 0.119, "prob_ml": 0.1005, "prob_ca": 0.0, "elevation": 282.0, "slope": 0.6}}, {"type": "Feature", "geometry": {"type": "Point", "coordinates": [99.54, 18.04]}, "properties": {"probability": 0.1227, "prob_ml": 0.1036, "prob_ca": 0.0, "elevation": 390.0, "slope": 2.8}}, {"type": "Feature", "geometry": {"type": "Point", "coordinates": [99.58, 18.04]}, "properties": {"probability": 0.1083, "prob_ml": 0.0915, "prob_ca": 0.0, "elevation": 566.0, "slope": 3.2}}, {"type": "Feature", "geometry": {"type": "Point", "coordinates": [99.62, 18.04]}, "properties": {"probability": 0.0811, "prob_ml": 0.0685, "prob_ca": 0.0, "elevation": 623.0, "slope": 1.2}}, {"type": "Feature", "geometry": {"type": "Point", "coordinates": [99.66, 18.04]}, "properties": {"probability": 0.0555, "prob_ml": 0.0469, "prob_ca": 0.0, "elevation": 521.0, "slope": 2.0}}, {"type": "Feature", "geometry": {"type": "Point", "coordinates": [99.7, 18.04]}, "properties": {"probability": 0.0344, "prob_ml": 0.0291, "prob_ca": 0.0, "elevation": 365.0, "slope": 3.3}}, {"type": "Feature", "geometry": {"type": "Point", "coordinates": [99.74, 18.04]}, "properties": {"probability": 0.0192, "prob_ml": 0.0162, "prob_ca": 0.0, "elevation": 210.0, "slope": 2.0}}, {"type": "Feature", "geometry": {"type": "Point", "coordinates": [99.78, 18.04]}, "properties": {"probability": 0.0103, "prob_ml": 0.0087, "prob_ca": 0.0, "elevation": 149.0, "slope": 0.4}}, {"type": "Feature", "geometry": {"type": "Point", "coordinates": [99.9, 18.04]}, "properties": {"probability": 0.0108, "prob_ml": 0.0091, "prob_ca": 0.0, "elevation": 240.0, "slope": 0.5}}, {"type": "Feature", "geometry": {"type": "Point", "coordinates": [98.3, 18.08]}, "properties": {"probability": 0.0251, "prob_ml": 0.0212, "prob_ca": 0.0, "elevation": 960.0, "slope": 0.9}}, {"type": "Feature", "geometry": {"type": "Point", "coordinates": [98.34, 18.08]}, "properties": {"probability": 0.071, "prob_ml": 0.0599, "prob_ca": 0.0, "elevation": 1042.0, "slope": 1.0}}, {"type": "Feature", "geometry": {"type": "Point", "coordinates": [98.38, 18.08]}, "properties": {"probability": 0.1103, "prob_ml": 0.0931, "prob_ca": 0.0, "elevation": 1036.0, "slope": 0.8}}, {"type": "Feature", "geometry": {"type": "Point", "coordinates": [98.42, 18.08]}, "properties": {"probability": 0.1249, "prob_ml": 0.1055, "prob_ca": 0.0, "elevation": 953.0, "slope": 1.7}}, {"type": "Feature", "geometry": {"type": "Point", "coordinates": [98.46, 18.08]}, "properties": {"probability": 0.1224, "prob_ml": 0.1034, "prob_ca": 0.0, "elevation": 767.0, "slope": 3.9}}, {"type": "Feature", "geometry": {"type": "Point", "coordinates": [98.5, 18.08]}, "properties": {"probability": 0.1099, "prob_ml": 0.0928, "prob_ca": 0.0, "elevation": 416.0, "slope": 2.7}}, {"type": "Feature", "geometry": {"type": "Point", "coordinates": [98.54, 18.08]}, "properties": {"probability": 0.1057, "prob_ml": 0.0893, "prob_ca": 0.0, "elevation": 404.0, "slope": 1.3}}, {"type": "Feature", "geometry": {"type": "Point", "coordinates": [98.58, 18.08]}, "properties": {"probability": 0.0898, "prob_ml": 0.0758, "prob_ca": 0.0, "elevation": 312.0, "slope": 1.6}}, {"type": "Feature", "geometry": {"type": "Point", "coordinates": [98.62, 18.08]}, "properties": {"probability": 0.0735, "prob_ml": 0.0621, "prob_ca": 0.0, "elevation": 282.0, "slope": 0.8}}, {"type": "Feature", "geometry": {"type": "Point", "coordinates": [98.66, 18.08]}, "properties": {"probability": 0.0763, "prob_ml": 0.0644, "prob_ca": 0.0, "elevation": 330.0, "slope": 0.6}}, {"type": "Feature", "geometry": {"type": "Point", "coordinates": [98.7, 18.08]}, "properties": {"probability": 0.0876, "prob_ml": 0.074, "prob_ca": 0.0, "elevation": 346.0, "slope": 1.7}}, {"type": "Feature", "geometry": {"type": "Point", "coordinates": [98.74, 18.08]}, "properties": {"probability": 0.1084, "prob_ml": 0.0916, "prob_ca": 0.0, "elevation": 567.0, "slope": 3.3}}, {"type": "Feature", "geometry": {"type": "Point", "coordinates": [98.78, 18.08]}, "properties": {"probability": 0.1181, "prob_ml": 0.0998, "prob_ca": 0.0, "elevation": 875.0, "slope": 4.4}}, {"type": "Feature", "geometry": {"type": "Point", "coordinates": [98.82, 18.08]}, "properties": {"probability": 0.12, "prob_ml": 0.1013, "prob_ca": 0.0, "elevation": 843.0, "slope": 5.3}}, {"type": "Feature", "geometry": {"type": "Point", "coordinates": [98.86, 18.08]}, "properties": {"probability": 0.1169, "prob_ml": 0.0987, "prob_ca": 0.0, "elevation": 512.0, "slope": 2.6}}, {"type": "Feature", "geometry": {"type": "Point", "coordinates": [98.9, 18.08]}, "properties": {"probability": 0.1097, "prob_ml": 0.0926, "prob_ca": 0.0, "elevation": 394.0, "slope": 0.2}}, {"type": "Feature", "geometry": {"type": "Point", "coordinates": [98.94, 18.08]}, "properties": {"probability": 0.1127, "prob_ml": 0.0952, "prob_ca": 0.0, "elevation": 521.0, "slope": 1.8}}, {"type": "Feature", "geometry": {"type": "Point", "coordinates": [98.98, 18.08]}, "properties": {"probability": 0.1172, "prob_ml": 0.099, "prob_ca": 0.0, "elevation": 677.0, "slope": 2.8}}, {"type": "Feature", "geometry": {"type": "Point", "coordinates": [99.02, 18.08]}, "properties": {"probability": 0.1099, "prob_ml": 0.0928, "prob_ca": 0.0, "elevation": 720.0, "slope": 1.7}}, {"type": "Feature", "geometry": {"type": "Point", "coordinates": [99.06, 18.08]}, "properties": {"probability": 0.0845, "prob_ml": 0.0713, "prob_ca": 0.0, "elevation": 637.0, "slope": 1.3}}, {"type": "Feature", "geometry": {"type": "Point", "coordinates": [99.1, 18.08]}, "properties": {"probability": 0.0496, "prob_ml": 0.0419, "prob_ca": 0.0, "elevation": 539.0, "slope": 1.7}}, {"type": "Feature", "geometry": {"type": "Point", "coordinates": [99.14, 18.08]}, "properties": {"probability": 0.0342, "prob_ml": 0.0289, "prob_ca": 0.0, "elevation": 378.0, "slope": 1.8}}, {"type": "Feature", "geometry": {"type": "Point", "coordinates": [99.18, 18.08]}, "properties": {"probability": 0.0285, "prob_ml": 0.024, "prob_ca": 0.0, "elevation": 293.0, "slope": 0.8}}, {"type": "Feature", "geometry": {"type": "Point", "coordinates": [99.22, 18.08]}, "properties": {"probability": 0.0168, "prob_ml": 0.0142, "prob_ca": 0.0, "elevation": 257.0, "slope": 0.1}}, {"type": "Feature", "geometry": {"type": "Point", "coordinates": [99.26, 18.08]}, "properties": {"probability": 0.0114, "prob_ml": 0.0096, "prob_ca": 0.0, "elevation": 250.0, "slope": 0.1}}, {"type": "Feature", "geometry": {"type": "Point", "coordinates": [99.3, 18.08]}, "properties": {"probability": 0.0133, "prob_ml": 0.0112, "prob_ca": 0.0, "elevation": 255.0, "slope": 0.4}}, {"type": "Feature", "geometry": {"type": "Point", "coordinates": [99.34, 18.08]}, "properties": {"probability": 0.0254, "prob_ml": 0.0214, "prob_ca": 0.0, "elevation": 242.0, "slope": 0.5}}, {"type": "Feature", "geometry": {"type": "Point", "coordinates": [99.38, 18.08]}, "properties": {"probability": 0.0666, "prob_ml": 0.0563, "prob_ca": 0.0, "elevation": 260.0, "slope": 0.4}}, {"type": "Feature", "geometry": {"type": "Point", "coordinates": [99.42, 18.08]}, "properties": {"probability": 0.1279, "prob_ml": 0.1057, "prob_ca": 0.0035, "elevation": 326.0, "slope": 1.5}}, {"type": "Feature", "geometry": {"type": "Point", "coordinates": [99.46, 18.08]}, "properties": {"probability": 0.1634, "prob_ml": 0.1208, "prob_ca": 0.0258, "elevation": 375.0, "slope": 1.4}}, {"type": "Feature", "geometry": {"type": "Point", "coordinates": [99.5, 18.08]}, "properties": {"probability": 0.1694, "prob_ml": 0.1101, "prob_ca": 0.0495, "elevation": 254.0, "slope": 0.4}}, {"type": "Feature", "geometry": {"type": "Point", "coordinates": [99.54, 18.08]}, "properties": {"probability": 0.1815, "prob_ml": 0.1243, "prob_ca": 0.0435, "elevation": 342.0, "slope": 1.1}}, {"type": "Feature", "geometry": {"type": "Point", "coordinates": [99.58, 18.08]}, "properties": {"probability": 0.1589, "prob_ml": 0.1248, "prob_ca": 0.0141, "elevation": 416.0, "slope": 2.2}}, {"type": "Feature", "geometry": {"type": "Point", "coordinates": [99.62, 18.08]}, "properties": {"probability": 0.1254, "prob_ml": 0.1051, "prob_ca": 0.0011, "elevation": 451.0, "slope": 3.0}}, {"type": "Feature", "geometry": {"type": "Point", "coordinates": [99.66, 18.08]}, "properties": {"probability": 0.0887, "prob_ml": 0.0749, "prob_ca": 0.0, "elevation": 464.0, "slope": 1.7}}, {"type": "Feature", "geometry": {"type": "Point", "coordinates": [99.7, 18.08]}, "properties": {"probability": 0.0523, "prob_ml": 0.0441, "prob_ca": 0.0, "elevation": 523.0, "slope": 1.9}}, {"type": "Feature", "geometry": {"type": "Point", "coordinates": [99.74, 18.08]}, "properties": {"probability": 0.0334, "prob_ml": 0.0282, "prob_ca": 0.0, "elevation": 358.0, "slope": 3.0}}, {"type": "Feature", "geometry": {"type": "Point", "coordinates": [99.78, 18.08]}, "properties": {"probability": 0.0199, "prob_ml": 0.0168, "prob_ca": 0.0, "elevation": 231.0, "slope": 2.1}}, {"type": "Feature", "geometry": {"type": "Point", "coordinates": [98.3, 18.12]}, "properties": {"probability": 0.0115, "prob_ml": 0.0097, "prob_ca": 0.0, "elevation": 991.0, "slope": 1.6}}, {"type": "Feature", "geometry": {"type": "Point", "coordinates": [98.34, 18.12]}, "properties": {"probability": 0.0373, "prob_ml": 0.0315, "prob_ca": 0.0, "elevation": 1079.0, "slope": 0.7}}, {"type": "Feature", "geometry": {"type": "Point", "coordinates": [98.38, 18.12]}, "properties": {"probability": 0.0874, "prob_ml": 0.0738, "prob_ca": 0.0, "elevation": 1046.0, "slope": 1.0}}, {"type": "Feature", "geometry": {"type": "Point", "coordinates": [98.42, 18.12]}, "properties": {"probability": 0.1284, "prob_ml": 0.1084, "prob_ca": 0.0, "elevation": 927.0, "slope": 2.2}}, {"type": "Feature", "geometry": {"type": "Point", "coordinates": [98.46, 18.12]}, "properties": {"probability": 0.1367, "prob_ml": 0.1154, "prob_ca": 0.0, "elevation": 799.0, "slope": 1.6}}, {"type": "Feature", "geometry": {"type": "Point", "coordinates": [98.5, 18.12]}, "properties": {"probability": 0.1247, "prob_ml": 0.1053, "prob_ca": 0.0, "elevation": 787.0, "slope": 8.2}}, {"type": "Feature", "geometry": {"type": "Point", "coordinates": [98.54, 18.12]}, "properties": {"probability": 0.1158, "prob_ml": 0.0978, "prob_ca": 0.0, "elevation": 611.0, "slope": 4.8}}, {"type": "Feature", "geometry": {"type": "Point", "coordinates": [98.58, 18.12]}, "properties": {"probability": 0.0941, "prob_ml": 0.0795, "prob_ca": 0.0, "elevation": 382.0, "slope": 3.4}}, {"type": "Feature", "geometry": {"type": "Point", "coordinates": [98.62, 18.12]}, "properties": {"probability": 0.0816, "prob_ml": 0.0689, "prob_ca": 0.0, "elevation": 287.0, "slope": 0.7}}, {"type": "Feature", "geometry": {"type": "Point", "coordinates": [98.66, 18.12]}, "properties": {"probability": 0.0904, "prob_ml": 0.0764, "prob_ca": 0.0, "elevation": 344.0, "slope": 0.8}}, {"type": "Feature", "geometry": {"type": "Point", "coordinates": [98.7, 18.12]}, "properties": {"probability": 0.097, "prob_ml": 0.0819, "prob_ca": 0.0, "elevation": 402.0, "slope": 1.8}}, {"type": "Feature", "geometry": {"type": "Point", "coordinates": [98.74, 18.12]}, "properties": {"probability": 0.1106, "prob_ml": 0.0934, "prob_ca": 0.0, "elevation": 589.0, "slope": 3.3}}, {"type": "Feature", "geometry": {"type": "Point", "coordinates": [98.78, 18.12]}, "properties": {"probability": 0.1155, "prob_ml": 0.0976, "prob_ca": 0.0, "elevation": 917.0, "slope": 4.9}}, {"type": "Feature", "geometry": {"type": "Point", "coordinates": [98.82, 18.12]}, "properties": {"probability": 0.1157, "prob_ml": 0.0977, "prob_ca": 0.0, "elevation": 883.0, "slope": 5.7}}, {"type": "Feature", "geometry": {"type": "Point", "coordinates": [98.86, 18.12]}, "properties": {"probability": 0.1115, "prob_ml": 0.0941, "prob_ca": 0.0, "elevation": 520.0, "slope": 2.8}}, {"type": "Feature", "geometry": {"type": "Point", "coordinates": [98.9, 18.12]}, "properties": {"probability": 0.1, "prob_ml": 0.0844, "prob_ca": 0.0, "elevation": 390.0, "slope": 0.2}}, {"type": "Feature", "geometry": {"type": "Point", "coordinates": [98.94, 18.12]}, "properties": {"probability": 0.1001, "prob_ml": 0.0845, "prob_ca": 0.0, "elevation": 494.0, "slope": 1.5}}, {"type": "Feature", "geometry": {"type": "Point", "coordinates": [98.98, 18.12]}, "properties": {"probability": 0.101, "prob_ml": 0.0853, "prob_ca": 0.0, "elevation": 629.0, "slope": 1.9}}, {"type": "Feature", "geometry": {"type": "Point", "coordinates": [99.02, 18.12]}, "properties": {"probability": 0.0811, "prob_ml": 0.0685, "prob_ca": 0.0, "elevation": 702.0, "slope": 0.9}}, {"type": "Feature", "geometry": {"type": "Point", "coordinates": [99.06, 18.12]}, "properties": {"probability": 0.058, "prob_ml": 0.049, "prob_ca": 0.0, "elevation": 664.0, "slope": 1.6}}, {"type": "Feature", "geometry": {"type": "Point", "coordinates": [99.1, 18.12]}, "properties": {"probability": 0.0443, "prob_ml": 0.0374, "prob_ca": 0.0, "elevation": 502.0, "slope": 1.8}}, {"type": "Feature", "geometry": {"type": "Point", "coordinates": [99.14, 18.12]}, "properties": {"probability": 0.0407, "prob_ml": 0.0344, "prob_ca": 0.0, "elevation": 416.0, "slope": 1.4}}, {"type": "Feature", "geometry": {"type": "Point", "coordinates": [99.18, 18.12]}, "properties": {"probability": 0.0375, "prob_ml": 0.0317, "prob_ca": 0.0, "elevation": 334.0, "slope": 1.5}}, {"type": "Feature", "geometry": {"type": "Point", "coordinates": [99.22, 18.12]}, "properties": {"probability": 0.0308, "prob_ml": 0.026, "prob_ca": 0.0, "elevation": 287.0, "slope": 0.8}}, {"type": "Feature", "geometry": {"type": "Point", "coordinates": [99.26, 18.12]}, "properties": {"probability": 0.0258, "prob_ml": 0.0217, "prob_ca": 0.0, "elevation": 273.0, "slope": 0.7}}, {"type": "Feature", "geometry": {"type": "Point", "coordinates": [99.3, 18.12]}, "properties": {"probability": 0.0248, "prob_ml": 0.0209, "prob_ca": 0.0, "elevation": 260.0, "slope": 0.6}}, {"type": "Feature", "geometry": {"type": "Point", "coordinates": [99.34, 18.12]}, "properties": {"probability": 0.0256, "prob_ml": 0.0216, "prob_ca": 0.0, "elevation": 234.0, "slope": 0.3}}, {"type": "Feature", "geometry": {"type": "Point", "coordinates": [99.38, 18.12]}, "properties": {"probability": 0.0525, "prob_ml": 0.0406, "prob_ca": 0.0056, "elevation": 242.0, "slope": 0.3}}, {"type": "Feature", "geometry": {"type": "Point", "coordinates": [99.42, 18.12]}, "properties": {"probability": 0.16, "prob_ml": 0.0814, "prob_ca": 0.0806, "elevation": 299.0, "slope": 1.7}}, {"type": "Feature", "geometry": {"type": "Point", "coordinates": [99.46, 18.12]}, "properties": {"probability": 0.3049, "prob_ml": 0.0952, "prob_ca": 0.2434, "elevation": 345.0, "slope": 2.0}}, {"type": "Feature", "geometry": {"type": "Point", "coordinates": [99.5, 18.12]}, "properties": {"probability": 0.3622, "prob_ml": 0.089, "prob_ca": 0.3253, "elevation": 245.0, "slope": 0.2}}, {"type": "Feature", "geometry": {"type": "Point", "coordinates": [99.54, 18.12]}, "properties": {"probability": 0.3749, "prob_ml": 0.1176, "prob_ca": 0.2985, "elevation": 316.0, "slope": 1.1}}, {"type": "Feature", "geometry": {"type": "Point", "coordinates": [99.58, 18.12]}, "properties": {"probability": 0.2952, "prob_ml": 0.1296, "prob_ca": 0.1794, "elevation": 322.0, "slope": 0.5}}, {"type": "Feature", "geometry": {"type": "Point", "coordinates": [99.62, 18.12]}, "properties": {"probability": 0.1716, "prob_ml": 0.1212, "prob_ca": 0.0356, "elevation": 317.0, "slope": 0.4}}, {"type": "Feature", "geometry": {"type": "Point", "coordinates": [99.66, 18.12]}, "properties": {"probability": 0.116, "prob_ml": 0.0974, "prob_ca": 0.0009, "elevation": 352.0, "slope": 1.8}}, {"type": "Feature", "geometry": {"type": "Point", "coordinates": [99.7, 18.12]}, "properties": {"probability": 0.0665, "prob_ml": 0.0562, "prob_ca": 0.0, "elevation": 481.0, "slope": 3.1}}, {"type": "Feature", "geometry": {"type": "Point", "coordinates": [99.74, 18.12]}, "properties": {"probability": 0.04, "prob_ml": 0.0337, "prob_ca": 0.0, "elevation": 535.0, "slope": 2.3}}, {"type": "Feature", "geometry": {"type": "Point", "coordinates": [99.78, 18.12]}, "properties": {"probability": 0.0302, "prob_ml": 0.0255, "prob_ca": 0.0, "elevation": 368.0, "slope": 3.7}}, {"type": "Feature", "geometry": {"type": "Point", "coordinates": [99.82, 18.12]}, "properties": {"probability": 0.0171, "prob_ml": 0.0145, "prob_ca": 0.0, "elevation": 222.0, "slope": 1.1}}, {"type": "Feature", "geometry": {"type": "Point", "coordinates": [98.34, 18.16]}, "properties": {"probability": 0.0143, "prob_ml": 0.0121, "prob_ca": 0.0, "elevation": 1021.0, "slope": 2.7}}, {"type": "Feature", "geometry": {"type": "Point", "coordinates": [98.38, 18.16]}, "properties": {"probability": 0.0411, "prob_ml": 0.0347, "prob_ca": 0.0, "elevation": 1000.0, "slope": 1.1}}, {"type": "Feature", "geometry": {"type": "Point", "coordinates": [98.42, 18.16]}, "properties": {"probability": 0.0867, "prob_ml": 0.0732, "prob_ca": 0.0, "elevation": 878.0, "slope": 2.7}}, {"type": "Feature", "geometry": {"type": "Point", "coordinates": [98.46, 18.16]}, "properties": {"probability": 0.1185, "prob_ml": 0.1, "prob_ca": 0.0, "elevation": 812.0, "slope": 3.5}}, {"type": "Feature", "geometry": {"type": "Point", "coordinates": [98.5, 18.16]}, "properties": {"probability": 0.131, "prob_ml": 0.1106, "prob_ca": 0.0, "elevation": 1151.0, "slope": 2.3}}, {"type": "Feature", "geometry": {"type": "Point", "coordinates": [98.54, 18.16]}, "properties": {"probability": 0.1301, "prob_ml": 0.1099, "prob_ca": 0.0, "elevation": 806.0, "slope": 4.5}}, {"type": "Feature", "geometry": {"type": "Point", "coordinates": [98.58, 18.16]}, "properties": {"probability": 0.1037, "prob_ml": 0.0876, "prob_ca": 0.0, "elevation": 450.0, "slope": 4.6}}, {"type": "Feature", "geometry": {"type": "Point", "coordinates": [98.62, 18.16]}, "properties": {"probability": 0.086, "prob_ml": 0.0726, "prob_ca": 0.0, "elevation": 283.0, "slope": 0.4}}, {"type": "Feature", "geometry": {"type": "Point", "coordinates": [98.66, 18.16]}, "properties": {"probability": 0.1021, "prob_ml": 0.0862, "prob_ca": 0.0, "elevation": 329.0, "slope": 1.1}}, {"type": "Feature", "geometry": {"type": "Point", "coordinates": [98.7, 18.16]}, "properties": {"probability": 0.1138, "prob_ml": 0.0961, "prob_ca": 0.0, "elevation": 433.0, "slope": 2.1}}, {"type": "Feature", "geometry": {"type": "Point", "coordinates": [98.74, 18.16]}, "properties": {"probability": 0.1205, "prob_ml": 0.1018, "prob_ca": 0.0, "elevation": 656.0, "slope": 3.1}}, {"type": "Feature", "geometry": {"type": "Point", "coordinates": [98.78, 18.16]}, "properties": {"probability": 0.1191, "prob_ml": 0.1006, "prob_ca": 0.0, "elevation": 936.0, "slope": 4.0}}, {"type": "Feature", "geometry": {"type": "Point", "coordinates": [98.82, 18.16]}, "properties": {"probability": 0.1132, "prob_ml": 0.0956, "prob_ca": 0.0, "elevation": 840.0, "slope": 6.5}}, {"type": "Feature", "geometry": {"type": "Point", "coordinates": [98.86, 18.16]}, "properties": {"probability": 0.1063, "prob_ml": 0.0898, "prob_ca": 0.0, "elevation": 459.0, "slope": 2.3}}, {"type": "Feature", "geometry": {"type": "Point", "coordinates": [98.9, 18.16]}, "properties": {"probability": 0.0879, "prob_ml": 0.0743, "prob_ca": 0.0, "elevation": 405.0, "slope": 0.7}}, {"type": "Feature", "geometry": {"type": "Point", "coordinates": [98.94, 18.16]}, "properties": {"probability": 0.0729, "prob_ml": 0.0616, "prob_ca": 0.0, "elevation": 555.0, "slope": 3.5}}, {"type": "Feature", "geometry": {"type": "Point", "coordinates": [98.98, 18.16]}, "properties": {"probability": 0.06, "prob_ml": 0.0506, "prob_ca": 0.0, "elevation": 692.0, "slope": 2.1}}, {"type": "Feature", "geometry": {"type": "Point", "coordinates": [99.02, 18.16]}, "properties": {"probability": 0.0417, "prob_ml": 0.0353, "prob_ca": 0.0, "elevation": 757.0, "slope": 0.3}}, {"type": "Feature", "geometry": {"type": "Point", "coordinates": [99.06, 18.16]}, "properties": {"probability": 0.0409, "prob_ml": 0.0345, "prob_ca": 0.0, "elevation": 706.0, "slope": 2.3}}, {"type": "Feature", "geometry": {"type": "Point", "coordinates": [99.1, 18.16]}, "properties": {"probability": 0.043, "prob_ml": 0.0363, "prob_ca": 0.0, "elevation": 509.0, "slope": 2.4}}, {"type": "Feature", "geometry": {"type": "Point", "coordinates": [99.14, 18.16]}, "properties": {"probability": 0.0435, "prob_ml": 0.0367, "prob_ca": 0.0, "elevation": 507.0, "slope": 1.7}}, {"type": "Feature", "geometry": {"type": "Point", "coordinates": [99.18, 18.16]}, "properties": {"probability": 0.0433, "prob_ml": 0.0365, "prob_ca": 0.0, "elevation": 411.0, "slope": 1.9}}, {"type": "Feature", "geometry": {"type": "Point", "coordinates": [99.22, 18.16]}, "properties": {"probability": 0.042, "prob_ml": 0.0354, "prob_ca": 0.0, "elevation": 334.0, "slope": 0.5}}, {"type": "Feature", "geometry": {"type": "Point", "coordinates": [99.26, 18.16]}, "properties": {"probability": 0.0416, "prob_ml": 0.0351, "prob_ca": 0.0, "elevation": 308.0, "slope": 0.3}}, {"type": "Feature", "geometry": {"type": "Point", "coordinates": [99.3, 18.16]}, "properties": {"probability": 0.0421, "prob_ml": 0.0356, "prob_ca": 0.0, "elevation": 285.0, "slope": 0.4}}, {"type": "Feature", "geometry": {"type": "Point", "coordinates": [99.34, 18.16]}, "properties": {"probability": 0.0298, "prob_ml": 0.0251, "prob_ca": 0.0001, "elevation": 247.0, "slope": 0.4}}, {"type": "Feature", "geometry": {"type": "Point", "coordinates": [99.38, 18.16]}, "properties": {"probability": 0.0552, "prob_ml": 0.0197, "prob_ca": 0.0402, "elevation": 229.0, "slope": 0.2}}, {"type": "Feature", "geometry": {"type": "Point", "coordinates": [99.42, 18.16]}, "properties": {"probability": 0.2508, "prob_ml": 0.0337, "prob_ca": 0.2671, "elevation": 228.0, "slope": 0.3}}, {"type": "Feature", "geometry": {"type": "Point", "coordinates": [99.46, 18.16]}, "properties": {"probability": 0.4518, "prob_ml": 0.0454, "prob_ca": 0.5043, "elevation": 238.0, "slope": 0.4}}, {"type": "Feature", "geometry": {"type": "Point", "coordinates": [99.5, 18.16]}, "properties": {"probability": 0.5719, "prob_ml": 0.0662, "prob_ca": 0.6251, "elevation": 254.0, "slope": 0.3}}, {"type": "Feature", "geometry": {"type": "Point", "coordinates": [99.54, 18.16]}, "properties": {"probability": 0.5747, "prob_ml": 0.1108, "prob_ca": 0.5616, "elevation": 284.0, "slope": 0.6}}, {"type": "Feature", "geometry": {"type": "Point", "coordinates": [99.58, 18.16]}, "properties": {"probability": 0.4475, "prob_ml": 0.1284, "prob_ca": 0.3742, "elevation": 309.0, "slope": 0.6}}, {"type": "Feature", "geometry": {"type": "Point", "coordinates": [99.62, 18.16]}, "properties": {"probability": 0.2775, "prob_ml": 0.1274, "prob_ca": 0.1605, "elevation": 308.0, "slope": 0.6}}, {"type": "Feature", "geometry": {"type": "Point", "coordinates": [99.66, 18.16]}, "properties": {"probability": 0.1391, "prob_ml": 0.1099, "prob_ca": 0.0113, "elevation": 291.0, "slope": 0.3}}, {"type": "Feature", "geometry": {"type": "Point", "coordinates": [99.7, 18.16]}, "properties": {"probability": 0.0793, "prob_ml": 0.067, "prob_ca": 0.0, "elevation": 311.0, "slope": 2.2}}, {"type": "Feature", "geometry": {"type": "Point", "coordinates": [99.74, 18.16]}, "properties": {"probability": 0.0407, "prob_ml": 0.0344, "prob_ca": 0.0, "elevation": 600.0, "slope": 2.9}}, {"type": "Feature", "geometry": {"type": "Point", "coordinates": [99.78, 18.16]}, "properties": {"probability": 0.0345, "prob_ml": 0.0292, "prob_ca": 0.0, "elevation": 522.0, "slope": 3.3}}, {"type": "Feature", "geometry": {"type": "Point", "coordinates": [99.82, 18.16]}, "properties": {"probability": 0.0306, "prob_ml": 0.0259, "prob_ca": 0.0, "elevation": 350.0, "slope": 3.6}}, {"type": "Feature", "geometry": {"type": "Point", "coordinates": [99.86, 18.16]}, "properties": {"probability": 0.0218, "prob_ml": 0.0184, "prob_ca": 0.0, "elevation": 249.0, "slope": 0.8}}, {"type": "Feature", "geometry": {"type": "Point", "coordinates": [99.9, 18.16]}, "properties": {"probability": 0.0151, "prob_ml": 0.0127, "prob_ca": 0.0, "elevation": 267.0, "slope": 1.2}}, {"type": "Feature", "geometry": {"type": "Point", "coordinates": [98.38, 18.2]}, "properties": {"probability": 0.0132, "prob_ml": 0.0112, "prob_ca": 0.0, "elevation": 908.0, "slope": 3.6}}, {"type": "Feature", "geometry": {"type": "Point", "coordinates": [98.42, 18.2]}, "properties": {"probability": 0.0292, "prob_ml": 0.0247, "prob_ca": 0.0, "elevation": 808.0, "slope": 5.5}}, {"type": "Feature", "geometry": {"type": "Point", "coordinates": [98.46, 18.2]}, "properties": {"probability": 0.0548, "prob_ml": 0.0462, "prob_ca": 0.0, "elevation": 532.0, "slope": 0.6}}, {"type": "Feature", "geometry": {"type": "Point", "coordinates": [98.5, 18.2]}, "properties": {"probability": 0.0869, "prob_ml": 0.0734, "prob_ca": 0.0, "elevation": 705.0, "slope": 2.1}}, {"type": "Feature", "geometry": {"type": "Point", "coordinates": [98.54, 18.2]}, "properties": {"probability": 0.1103, "prob_ml": 0.0932, "prob_ca": 0.0, "elevation": 635.0, "slope": 1.8}}, {"type": "Feature", "geometry": {"type": "Point", "coordinates": [98.58, 18.2]}, "properties": {"probability": 0.0971, "prob_ml": 0.082, "prob_ca": 0.0, "elevation": 414.0, "slope": 3.5}}, {"type": "Feature", "geometry": {"type": "Point", "coordinates": [98.62, 18.2]}, "properties": {"probability": 0.0787, "prob_ml": 0.0664, "prob_ca": 0.0, "elevation": 278.0, "slope": 0.0}}, {"type": "Feature", "geometry": {"type": "Point", "coordinates": [98.66, 18.2]}, "properties": {"probability": 0.0988, "prob_ml": 0.0835, "prob_ca": 0.0, "elevation": 297.0, "slope": 0.8}}, {"type": "Feature", "geometry": {"type": "Point", "coordinates": [98.7, 18.2]}, "properties": {"probability": 0.12, "prob_ml": 0.1013, "prob_ca": 0.0, "elevation": 377.0, "slope": 2.1}}, {"type": "Feature", "geometry": {"type": "Point", "coordinates": [98.74, 18.2]}, "properties": {"probability": 0.1292, "prob_ml": 0.1091, "prob_ca": 0.0, "elevation": 607.0, "slope": 3.0}}, {"type": "Feature", "geometry": {"type": "Point", "coordinates": [98.78, 18.2]}, "properties": {"probability": 0.1215, "prob_ml": 0.1026, "prob_ca": 0.0, "elevation": 819.0, "slope": 3.5}}, {"type": "Feature", "geometry": {"type": "Point", "coordinates": [98.82, 18.2]}, "properties": {"probability": 0.101, "prob_ml": 0.0853, "prob_ca": 0.0, "elevation": 695.0, "slope": 6.3}}, {"type": "Feature", "geometry": {"type": "Point", "coordinates": [98.86, 18.2]}, "properties": {"probability": 0.0843, "prob_ml": 0.0712, "prob_ca": 0.0, "elevation": 371.0, "slope": 1.0}}, {"type": "Feature", "geometry": {"type": "Point", "coordinates": [98.9, 18.2]}, "properties": {"probability": 0.058, "prob_ml": 0.049, "prob_ca": 0.0, "elevation": 436.0, "slope": 3.2}}, {"type": "Feature", "geometry": {"type": "Point", "coordinates": [98.94, 18.2]}, "properties": {"probability": 0.0318, "prob_ml": 0.0268, "prob_ca": 0.0, "elevation": 862.0, "slope": 3.4}}, {"type": "Feature", "geometry": {"type": "Point", "coordinates": [98.98, 18.2]}, "properties": {"probability": 0.0175, "prob_ml": 0.0147, "prob_ca": 0.0, "elevation": 811.0, "slope": 2.7}}, {"type": "Feature", "geometry": {"type": "Point", "coordinates": [99.02, 18.2]}, "properties": {"probability": 0.0199, "prob_ml": 0.0168, "prob_ca": 0.0, "elevation": 770.0, "slope": 1.7}}, {"type": "Feature", "geometry": {"type": "Point", "coordinates": [99.06, 18.2]}, "properties": {"probability": 0.0361, "prob_ml": 0.0305, "prob_ca": 0.0, "elevation": 840.0, "slope": 0.8}}, {"type": "Feature", "geometry": {"type": "Point", "coordinates": [99.1, 18.2]}, "properties": {"probability": 0.042, "prob_ml": 0.0355, "prob_ca": 0.0, "elevation": 740.0, "slope": 2.5}}, {"type": "Feature", "geometry": {"type": "Point", "coordinates": [99.14, 18.2]}, "properties": {"probability": 0.0428, "prob_ml": 0.0361, "prob_ca": 0.0, "elevation": 658.0, "slope": 1.8}}, {"type": "Feature", "geometry": {"type": "Point", "coordinates": [99.18, 18.2]}, "properties": {"probability": 0.0435, "prob_ml": 0.0368, "prob_ca": 0.0, "elevation": 481.0, "slope": 2.7}}, {"type": "Feature", "geometry": {"type": "Point", "coordinates": [99.22, 18.2]}, "properties": {"probability": 0.0428, "prob_ml": 0.0362, "prob_ca": 0.0, "elevation": 349.0, "slope": 0.7}}, {"type": "Feature", "geometry": {"type": "Point", "coordinates": [99.26, 18.2]}, "properties": {"probability": 0.0392, "prob_ml": 0.0331, "prob_ca": 0.0, "elevation": 297.0, "slope": 0.6}}, {"type": "Feature", "geometry": {"type": "Point", "coordinates": [99.3, 18.2]}, "properties": {"probability": 0.0335, "prob_ml": 0.0283, "prob_ca": 0.0, "elevation": 262.0, "slope": 0.4}}, {"type": "Feature", "geometry": {"type": "Point", "coordinates": [99.34, 18.2]}, "properties": {"probability": 0.0232, "prob_ml": 0.0188, "prob_ca": 0.0012, "elevation": 239.0, "slope": 0.2}}, {"type": "Feature", "geometry": {"type": "Point", "coordinates": [99.38, 18.2]}, "properties": {"probability": 0.0874, "prob_ml": 0.0109, "prob_ca": 0.0943, "elevation": 228.0, "slope": 0.1}}, {"type": "Feature", "geometry": {"type": "Point", "coordinates": [99.42, 18.2]}, "properties": {"probability": 0.3011, "prob_ml": 0.0115, "prob_ca": 0.3641, "elevation": 232.0, "slope": 0.2}}, {"type": "Feature", "geometry": {"type": "Point", "coordinates": [99.46, 18.2]}, "properties": {"probability": 0.5362, "prob_ml": 0.0218, "prob_ca": 0.6465, "elevation": 249.0, "slope": 0.2}}, {"type": "Feature", "geometry": {"type": "Point", "coordinates": [99.5, 18.2]}, "properties": {"probability": 0.8534, "prob_ml": 0.0632, "prob_ca": 0.9861, "elevation": 268.0, "slope": 0.7}}, {"type": "Feature", "geometry": {"type": "Point", "coordinates": [99.54, 18.2]}, "properties": {"probability": 0.6968, "prob_ml": 0.1145, "prob_ca": 0.7108, "elevation": 350.0, "slope": 0.8}}, {"type": "Feature", "geometry": {"type": "Point", "coordinates": [99.58, 18.2]}, "properties": {"probability": 0.5249, "prob_ml": 0.127, "prob_ca": 0.4744, "elevation": 372.0, "slope": 0.3}}, {"type": "Feature", "geometry": {"type": "Point", "coordinates": [99.62, 18.2]}, "properties": {"probability": 0.3415, "prob_ml": 0.1258, "prob_ca": 0.2439, "elevation": 372.0, "slope": 0.3}}, {"type": "Feature", "geometry": {"type": "Point", "coordinates": [99.66, 18.2]}, "properties": {"probability": 0.1603, "prob_ml": 0.1128, "prob_ca": 0.0338, "elevation": 356.0, "slope": 0.7}}, {"type": "Feature", "geometry": {"type": "Point", "coordinates": [99.7, 18.2]}, "properties": {"probability": 0.0875, "prob_ml": 0.0739, "prob_ca": 0.0, "elevation": 294.0, "slope": 0.2}}, {"type": "Feature", "geometry": {"type": "Point", "coordinates": [99.74, 18.2]}, "properties": {"probability": 0.0456, "prob_ml": 0.0385, "prob_ca": 0.0, "elevation": 334.0, "slope": 2.6}}, {"type": "Feature", "geometry": {"type": "Point", "coordinates": [99.78, 18.2]}, "properties": {"probability": 0.0377, "prob_ml": 0.0318, "prob_ca": 0.0, "elevation": 674.0, "slope": 5.7}}, {"type": "Feature", "geometry": {"type": "Point", "coordinates": [99.82, 18.2]}, "properties": {"probability": 0.0398, "prob_ml": 0.0336, "prob_ca": 0.0, "elevation": 650.0, "slope": 6.3}}, {"type": "Feature", "geometry": {"type": "Point", "coordinates": [99.86, 18.2]}, "properties": {"probability": 0.036, "prob_ml": 0.0304, "prob_ca": 0.0, "elevation": 306.0, "slope": 1.6}}, {"type": "Feature", "geometry": {"type": "Point", "coordinates": [99.9, 18.2]}, "properties": {"probability": 0.0286, "prob_ml": 0.0242, "prob_ca": 0.0, "elevation": 389.0, "slope": 0.8}}, {"type": "Feature", "geometry": {"type": "Point", "coordinates": [99.94, 18.2]}, "properties": {"probability": 0.0152, "prob_ml": 0.0128, "prob_ca": 0.0, "elevation": 220.0, "slope": 1.5}}, {"type": "Feature", "geometry": {"type": "Point", "coordinates": [98.18, 18.24]}, "properties": {"probability": 0.0117, "prob_ml": 0.0099, "prob_ca": 0.0, "elevation": 1191.0, "slope": 0.1}}, {"type": "Feature", "geometry": {"type": "Point", "coordinates": [98.42, 18.24]}, "properties": {"probability": 0.0103, "prob_ml": 0.0087, "prob_ca": 0.0, "elevation": 768.0, "slope": 2.4}}, {"type": "Feature", "geometry": {"type": "Point", "coordinates": [98.46, 18.24]}, "properties": {"probability": 0.0172, "prob_ml": 0.0145, "prob_ca": 0.0, "elevation": 891.0, "slope": 3.5}}, {"type": "Feature", "geometry": {"type": "Point", "coordinates": [98.5, 18.24]}, "properties": {"probability": 0.0307, "prob_ml": 0.026, "prob_ca": 0.0, "elevation": 834.0, "slope": 2.0}}, {"type": "Feature", "geometry": {"type": "Point", "coordinates": [98.54, 18.24]}, "properties": {"probability": 0.0487, "prob_ml": 0.0411, "prob_ca": 0.0, "elevation": 662.0, "slope": 2.8}}, {"type": "Feature", "geometry": {"type": "Point", "coordinates": [98.58, 18.24]}, "properties": {"probability": 0.0505, "prob_ml": 0.0426, "prob_ca": 0.0, "elevation": 424.0, "slope": 3.4}}, {"type": "Feature", "geometry": {"type": "Point", "coordinates": [98.62, 18.24]}, "properties": {"probability": 0.048, "prob_ml": 0.0405, "prob_ca": 0.0, "elevation": 285.0, "slope": 0.3}}, {"type": "Feature", "geometry": {"type": "Point", "coordinates": [98.66, 18.24]}, "properties": {"probability": 0.0659, "prob_ml": 0.0557, "prob_ca": 0.0, "elevation": 285.0, "slope": 0.5}}, {"type": "Feature", "geometry": {"type": "Point", "coordinates": [98.7, 18.24]}, "properties": {"probability": 0.0837, "prob_ml": 0.0707, "prob_ca": 0.0, "elevation": 343.0, "slope": 1.7}}, {"type": "Feature", "geometry": {"type": "Point", "coordinates": [98.74, 18.24]}, "properties": {"probability": 0.0912, "prob_ml": 0.077, "prob_ca": 0.0, "elevation": 545.0, "slope": 2.0}}, {"type": "Feature", "geometry": {"type": "Point", "coordinates": [98.78, 18.24]}, "properties": {"probability": 0.0795, "prob_ml": 0.0671, "prob_ca": 0.0, "elevation": 574.0, "slope": 2.6}}, {"type": "Feature", "geometry": {"type": "Point", "coordinates": [98.82, 18.24]}, "properties": {"probability": 0.0546, "prob_ml": 0.0461, "prob_ca": 0.0, "elevation": 489.0, "slope": 2.8}}, {"type": "Feature", "geometry": {"type": "Point", "coordinates": [98.86, 18.24]}, "properties": {"probability": 0.0376, "prob_ml": 0.0318, "prob_ca": 0.0, "elevation": 387.0, "slope": 0.5}}, {"type": "Feature", "geometry": {"type": "Point", "coordinates": [98.9, 18.24]}, "properties": {"probability": 0.0186, "prob_ml": 0.0157, "prob_ca": 0.0, "elevation": 402.0, "slope": 1.4}}, {"type": "Feature", "geometry": {"type": "Point", "coordinates": [99.02, 18.24]}, "properties": {"probability": 0.0156, "prob_ml": 0.0132, "prob_ca": 0.0, "elevation": 794.0, "slope": 0.5}}, {"type": "Feature", "geometry": {"type": "Point", "coordinates": [99.06, 18.24]}, "properties": {"probability": 0.0355, "prob_ml": 0.03, "prob_ca": 0.0, "elevation": 785.0, "slope": 1.1}}, {"type": "Feature", "geometry": {"type": "Point", "coordinates": [99.1, 18.24]}, "properties": {"probability": 0.0417, "prob_ml": 0.0352, "prob_ca": 0.0, "elevation": 856.0, "slope": 1.0}}, {"type": "Feature", "geometry": {"type": "Point", "coordinates": [99.14, 18.24]}, "properties": {"probability": 0.0425, "prob_ml": 0.0359, "prob_ca": 0.0, "elevation": 667.0, "slope": 2.6}}, {"type": "Feature", "geometry": {"type": "Point", "coordinates": [99.18, 18.24]}, "properties": {"probability": 0.0433, "prob_ml": 0.0366, "prob_ca": 0.0, "elevation": 450.0, "slope": 2.9}}, {"type": "Feature", "geometry": {"type": "Point", "coordinates": [99.22, 18.24]}, "properties": {"probability": 0.0417, "prob_ml": 0.0352, "prob_ca": 0.0, "elevation": 314.0, "slope": 0.6}}, {"type": "Feature", "geometry": {"type": "Point", "coordinates": [99.26, 18.24]}, "properties": {"probability": 0.033, "prob_ml": 0.0279, "prob_ca": 0.0, "elevation": 275.0, "slope": 0.4}}, {"type": "Feature", "geometry": {"type": "Point", "coordinates": [99.3, 18.24]}, "properties": {"probability": 0.0257, "prob_ml": 0.0217, "prob_ca": 0.0, "elevation": 256.0, "slope": 0.2}}, {"type": "Feature", "geometry": {"type": "Point", "coordinates": [99.34, 18.24]}, "properties": {"probability": 0.0257, "prob_ml": 0.0205, "prob_ca": 0.0017, "elevation": 250.0, "slope": 0.2}}, {"type": "Feature", "geometry": {"type": "Point", "coordinates": [99.38, 18.24]}, "properties": {"probability": 0.102, "prob_ml": 0.0143, "prob_ca": 0.1077, "elevation": 238.0, "slope": 0.2}}, {"type": "Feature", "geometry": {"type": "Point", "coordinates": [99.42, 18.24]}, "properties": {"probability": 0.2996, "prob_ml": 0.0091, "prob_ca": 0.3658, "elevation": 232.0, "slope": 0.0}}, {"type": "Feature", "geometry": {"type": "Point", "coordinates": [99.46, 18.24]}, "properties": {"probability": 0.5023, "prob_ml": 0.0169, "prob_ca": 0.6109, "elevation": 237.0, "slope": 0.2}}, {"type": "Feature", "geometry": {"type": "Point", "coordinates": [99.5, 18.24]}, "properties": {"probability": 0.6506, "prob_ml": 0.0601, "prob_ca": 0.734, "elevation": 256.0, "slope": 0.6}}, {"type": "Feature", "geometry": {"type": "Point", "coordinates": [99.54, 18.24]}, "properties": {"probability": 0.6673, "prob_ml": 0.1148, "prob_ca": 0.673, "elevation": 327.0, "slope": 0.8}}, {"type": "Feature", "geometry": {"type": "Point", "coordinates": [99.58, 18.24]}, "properties": {"probability": 0.527, "prob_ml": 0.129, "prob_ca": 0.474, "elevation": 351.0, "slope": 0.3}}, {"type": "Feature", "geometry": {"type": "Point", "coordinates": [99.62, 18.24]}, "properties": {"probability": 0.3519, "prob_ml": 0.1264, "prob_ca": 0.2561, "elevation": 358.0, "slope": 0.6}}, {"type": "Feature", "geometry": {"type": "Point", "coordinates": [99.66, 18.24]}, "properties": {"probability": 0.1662, "prob_ml": 0.1105, "prob_ca": 0.0449, "elevation": 354.0, "slope": 0.4}}, {"type": "Feature", "geometry": {"type": "Point", "coordinates": [99.7, 18.24]}, "properties": {"probability": 0.0855, "prob_ml": 0.0722, "prob_ca": 0.0, "elevation": 320.0, "slope": 0.3}}, {"type": "Feature", "geometry": {"type": "Point", "coordinates": [99.74, 18.24]}, "properties": {"probability": 0.05, "prob_ml": 0.0422, "prob_ca": 0.0, "elevation": 320.0, "slope": 0.5}}, {"type": "Feature", "geometry": {"type": "Point", "coordinates": [99.78, 18.24]}, "properties": {"probability": 0.0427, "prob_ml": 0.0361, "prob_ca": 0.0, "elevation": 439.0, "slope": 3.2}}, {"type": "Feature", "geometry": {"type": "Point", "coordinates": [99.82, 18.24]}, "properties": {"probability": 0.0431, "prob_ml": 0.0364, "prob_ca": 0.0, "elevation": 505.0, "slope": 1.7}}, {"type": "Feature", "geometry": {"type": "Point", "coordinates": [99.86, 18.24]}, "properties": {"probability": 0.0418, "prob_ml": 0.0353, "prob_ca": 0.0, "elevation": 458.0, "slope": 1.7}}, {"type": "Feature", "geometry": {"type": "Point", "coordinates": [99.9, 18.24]}, "properties": {"probability": 0.0365, "prob_ml": 0.0308, "prob_ca": 0.0, "elevation": 352.0, "slope": 1.4}}, {"type": "Feature", "geometry": {"type": "Point", "coordinates": [99.94, 18.24]}, "properties": {"probability": 0.0228, "prob_ml": 0.0192, "prob_ca": 0.0, "elevation": 238.0, "slope": 1.3}}, {"type": "Feature", "geometry": {"type": "Point", "coordinates": [98.38, 18.28]}, "properties": {"probability": 0.0107, "prob_ml": 0.009, "prob_ca": 0.0, "elevation": 614.0, "slope": 0.7}}, {"type": "Feature", "geometry": {"type": "Point", "coordinates": [98.42, 18.28]}, "properties": {"probability": 0.0148, "prob_ml": 0.0125, "prob_ca": 0.0, "elevation": 759.0, "slope": 4.4}}, {"type": "Feature", "geometry": {"type": "Point", "coordinates": [98.46, 18.28]}, "properties": {"probability": 0.0222, "prob_ml": 0.0188, "prob_ca": 0.0, "elevation": 988.0, "slope": 0.1}}, {"type": "Feature", "geometry": {"type": "Point", "coordinates": [98.5, 18.28]}, "properties": {"probability": 0.0222, "prob_ml": 0.0188, "prob_ca": 0.0, "elevation": 876.0, "slope": 0.5}}, {"type": "Feature", "geometry": {"type": "Point", "coordinates": [98.54, 18.28]}, "properties": {"probability": 0.0229, "prob_ml": 0.0194, "prob_ca": 0.0, "elevation": 913.0, "slope": 4.4}}, {"type": "Feature", "geometry": {"type": "Point", "coordinates": [98.58, 18.28]}, "properties": {"probability": 0.0219, "prob_ml": 0.0185, "prob_ca": 0.0, "elevation": 564.0, "slope": 6.6}}, {"type": "Feature", "geometry": {"type": "Point", "coordinates": [98.62, 18.28]}, "properties": {"probability": 0.02, "prob_ml": 0.0169, "prob_ca": 0.0, "elevation": 303.0, "slope": 0.6}}, {"type": "Feature", "geometry": {"type": "Point", "coordinates": [98.66, 18.28]}, "properties": {"probability": 0.0231, "prob_ml": 0.0195, "prob_ca": 0.0, "elevation": 280.0, "slope": 0.3}}, {"type": "Feature", "geometry": {"type": "Point", "coordinates": [98.7, 18.28]}, "properties": {"probability": 0.0263, "prob_ml": 0.0222, "prob_ca": 0.0, "elevation": 323.0, "slope": 1.3}}, {"type": "Feature", "geometry": {"type": "Point", "coordinates": [98.74, 18.28]}, "properties": {"probability": 0.0273, "prob_ml": 0.0231, "prob_ca": 0.0, "elevation": 482.0, "slope": 1.5}}, {"type": "Feature", "geometry": {"type": "Point", "coordinates": [98.78, 18.28]}, "properties": {"probability": 0.0233, "prob_ml": 0.0196, "prob_ca": 0.0, "elevation": 459.0, "slope": 1.4}}, {"type": "Feature", "geometry": {"type": "Point", "coordinates": [98.82, 18.28]}, "properties": {"probability": 0.0154, "prob_ml": 0.013, "prob_ca": 0.0, "elevation": 407.0, "slope": 0.6}}, {"type": "Feature", "geometry": {"type": "Point", "coordinates": [98.86, 18.28]}, "properties": {"probability": 0.0107, "prob_ml": 0.009, "prob_ca": 0.0, "elevation": 437.0, "slope": 1.9}}, {"type": "Feature", "geometry": {"type": "Point", "coordinates": [99.02, 18.28]}, "properties": {"probability": 0.0144, "prob_ml": 0.0122, "prob_ca": 0.0, "elevation": 791.0, "slope": 2.3}}, {"type": "Feature", "geometry": {"type": "Point", "coordinates": [99.06, 18.28]}, "properties": {"probability": 0.0343, "prob_ml": 0.0289, "prob_ca": 0.0, "elevation": 681.0, "slope": 1.6}}, {"type": "Feature", "geometry": {"type": "Point", "coordinates": [99.1, 18.28]}, "properties": {"probability": 0.0414, "prob_ml": 0.0349, "prob_ca": 0.0, "elevation": 787.0, "slope": 1.7}}, {"type": "Feature", "geometry": {"type": "Point", "coordinates": [99.14, 18.28]}, "properties": {"probability": 0.0423, "prob_ml": 0.0358, "prob_ca": 0.0, "elevation": 645.0, "slope": 1.8}}, {"type": "Feature", "geometry": {"type": "Point", "coordinates": [99.18, 18.28]}, "properties": {"probability": 0.0431, "prob_ml": 0.0364, "prob_ca": 0.0, "elevation": 519.0, "slope": 2.0}}, {"type": "Feature", "geometry": {"type": "Point", "coordinates": [99.22, 18.28]}, "properties": {"probability": 0.0423, "prob_ml": 0.0357, "prob_ca": 0.0, "elevation": 389.0, "slope": 2.3}}, {"type": "Feature", "geometry": {"type": "Point", "coordinates": [99.26, 18.28]}, "properties": {"probability": 0.0377, "prob_ml": 0.0318, "prob_ca": 0.0, "elevation": 283.0, "slope": 0.5}}, {"type": "Feature", "geometry": {"type": "Point", "coordinates": [99.3, 18.28]}, "properties": {"probability": 0.0397, "prob_ml": 0.0336, "prob_ca": 0.0, "elevation": 282.0, "slope": 0.5}}, {"type": "Feature", "geometry": {"type": "Point", "coordinates": [99.34, 18.28]}, "properties": {"probability": 0.0484, "prob_ml": 0.0404, "prob_ca": 0.0008, "elevation": 271.0, "slope": 0.4}}, {"type": "Feature", "geometry": {"type": "Point", "coordinates": [99.38, 18.28]}, "properties": {"probability": 0.0832, "prob_ml": 0.0282, "prob_ca": 0.0631, "elevation": 251.0, "slope": 0.3}}, {"type": "Feature", "geometry": {"type": "Point", "coordinates": [99.42, 18.28]}, "properties": {"probability": 0.2343, "prob_ml": 0.0125, "prob_ca": 0.2781, "elevation": 237.0, "slope": 0.1}}, {"type": "Feature", "geometry": {"type": "Point", "coordinates": [99.46, 18.28]}, "properties": {"probability": 0.3677, "prob_ml": 0.0145, "prob_ca": 0.4441, "elevation": 235.0, "slope": 0.1}}, {"type": "Feature", "geometry": {"type": "Point", "coordinates": [99.5, 18.28]}, "properties": {"probability": 0.4664, "prob_ml": 0.0484, "prob_ca": 0.5182, "elevation": 245.0, "slope": 0.4}}, {"type": "Feature", "geometry": {"type": "Point", "coordinates": [99.54, 18.28]}, "properties": {"probability": 0.5145, "prob_ml": 0.103, "prob_ca": 0.4971, "elevation": 295.0, "slope": 1.3}}, {"type": "Feature", "geometry": {"type": "Point", "coordinates": [99.58, 18.28]}, "properties": {"probability": 0.4541, "prob_ml": 0.1284, "prob_ca": 0.3827, "elevation": 466.0, "slope": 3.4}}, {"type": "Feature", "geometry": {"type": "Point", "coordinates": [99.62, 18.28]}, "properties": {"probability": 0.3053, "prob_ml": 0.1264, "prob_ca": 0.1972, "elevation": 520.0, "slope": 3.1}}, {"type": "Feature", "geometry": {"type": "Point", "coordinates": [99.66, 18.28]}, "properties": {"probability": 0.1399, "prob_ml": 0.1009, "prob_ca": 0.0258, "elevation": 419.0, "slope": 1.7}}, {"type": "Feature", "geometry": {"type": "Point", "coordinates": [99.7, 18.28]}, "properties": {"probability": 0.0712, "prob_ml": 0.0602, "prob_ca": 0.0, "elevation": 325.0, "slope": 0.6}}, {"type": "Feature", "geometry": {"type": "Point", "coordinates": [99.74, 18.28]}, "properties": {"probability": 0.0471, "prob_ml": 0.0398, "prob_ca": 0.0, "elevation": 324.0, "slope": 0.2}}, {"type": "Feature", "geometry": {"type": "Point", "coordinates": [99.78, 18.28]}, "properties": {"probability": 0.0439, "prob_ml": 0.0371, "prob_ca": 0.0, "elevation": 351.0, "slope": 0.7}}, {"type": "Feature", "geometry": {"type": "Point", "coordinates": [99.82, 18.28]}, "properties": {"probability": 0.0439, "prob_ml": 0.0371, "prob_ca": 0.0, "elevation": 401.0, "slope": 1.4}}, {"type": "Feature", "geometry": {"type": "Point", "coordinates": [99.86, 18.28]}, "properties": {"probability": 0.0434, "prob_ml": 0.0366, "prob_ca": 0.0, "elevation": 440.0, "slope": 1.0}}, {"type": "Feature", "geometry": {"type": "Point", "coordinates": [99.9, 18.28]}, "properties": {"probability": 0.0408, "prob_ml": 0.0344, "prob_ca": 0.0, "elevation": 404.0, "slope": 1.2}}, {"type": "Feature", "geometry": {"type": "Point", "coordinates": [99.94, 18.28]}, "properties": {"probability": 0.0303, "prob_ml": 0.0256, "prob_ca": 0.0, "elevation": 355.0, "slope": 2.1}}, {"type": "Feature", "geometry": {"type": "Point", "coordinates": [99.98, 18.28]}, "properties": {"probability": 0.0114, "prob_ml": 0.0096, "prob_ca": 0.0, "elevation": 277.0, "slope": 1.5}}, {"type": "Feature", "geometry": {"type": "Point", "coordinates": [98.34, 18.32]}, "properties": {"probability": 0.0135, "prob_ml": 0.0114, "prob_ca": 0.0, "elevation": 706.0, "slope": 1.8}}, {"type": "Feature", "geometry": {"type": "Point", "coordinates": [98.38, 18.32]}, "properties": {"probability": 0.0246, "prob_ml": 0.0208, "prob_ca": 0.0, "elevation": 687.0, "slope": 1.9}}, {"type": "Feature", "geometry": {"type": "Point", "coordinates": [98.42, 18.32]}, "properties": {"probability": 0.0391, "prob_ml": 0.033, "prob_ca": 0.0, "elevation": 793.0, "slope": 3.5}}, {"type": "Feature", "geometry": {"type": "Point", "coordinates": [98.46, 18.32]}, "properties": {"probability": 0.0524, "prob_ml": 0.0442, "prob_ca": 0.0, "elevation": 1001.0, "slope": 1.2}}, {"type": "Feature", "geometry": {"type": "Point", "coordinates": [98.5, 18.32]}, "properties": {"probability": 0.0531, "prob_ml": 0.0448, "prob_ca": 0.0, "elevation": 1039.0, "slope": 4.2}}, {"type": "Feature", "geometry": {"type": "Point", "coordinates": [98.54, 18.32]}, "properties": {"probability": 0.0506, "prob_ml": 0.0427, "prob_ca": 0.0, "elevation": 1179.0, "slope": 2.7}}, {"type": "Feature", "geometry": {"type": "Point", "coordinates": [98.58, 18.32]}, "properties": {"probability": 0.0434, "prob_ml": 0.0367, "prob_ca": 0.0, "elevation": 890.0, "slope": 8.2}}, {"type": "Feature", "geometry": {"type": "Point", "coordinates": [98.62, 18.32]}, "properties": {"probability": 0.0272, "prob_ml": 0.023, "prob_ca": 0.0, "elevation": 546.0, "slope": 6.8}}, {"type": "Feature", "geometry": {"type": "Point", "coordinates": [98.66, 18.32]}, "properties": {"probability": 0.0138, "prob_ml": 0.0117, "prob_ca": 0.0, "elevation": 343.0, "slope": 2.1}}, {"type": "Feature", "geometry": {"type": "Point", "coordinates": [99.02, 18.32]}, "properties": {"probability": 0.0154, "prob_ml": 0.013, "prob_ca": 0.0, "elevation": 712.0, "slope": 3.0}}, {"type": "Feature", "geometry": {"type": "Point", "coordinates": [99.06, 18.32]}, "properties": {"probability": 0.031, "prob_ml": 0.0261, "prob_ca": 0.0, "elevation": 597.0, "slope": 0.6}}, {"type": "Feature", "geometry": {"type": "Point", "coordinates": [99.1, 18.32]}, "properties": {"probability": 0.0385, "prob_ml": 0.0325, "prob_ca": 0.0, "elevation": 677.0, "slope": 1.2}}, {"type": "Feature", "geometry": {"type": "Point", "coordinates": [99.14, 18.32]}, "properties": {"probability": 0.041, "prob_ml": 0.0346, "prob_ca": 0.0, "elevation": 616.0, "slope": 0.7}}, {"type": "Feature", "geometry": {"type": "Point", "coordinates": [99.18, 18.32]}, "properties": {"probability": 0.0424, "prob_ml": 0.0358, "prob_ca": 0.0, "elevation": 590.0, "slope": 0.5}}, {"type": "Feature", "geometry": {"type": "Point", "coordinates": [99.22, 18.32]}, "properties": {"probability": 0.0431, "prob_ml": 0.0364, "prob_ca": 0.0, "elevation": 485.0, "slope": 2.7}}, {"type": "Feature", "geometry": {"type": "Point", "coordinates": [99.26, 18.32]}, "properties": {"probability": 0.0433, "prob_ml": 0.0366, "prob_ca": 0.0, "elevation": 334.0, "slope": 1.4}}, {"type": "Feature", "geometry": {"type": "Point", "coordinates": [99.3, 18.32]}, "properties": {"probability": 0.0487, "prob_ml": 0.0411, "prob_ca": 0.0, "elevation": 312.0, "slope": 0.4}}, {"type": "Feature", "geometry": {"type": "Point", "coordinates": [99.34, 18.32]}, "properties": {"probability": 0.0609, "prob_ml": 0.0514, "prob_ca": 0.0, "elevation": 289.0, "slope": 0.3}}, {"type": "Feature", "geometry": {"type": "Point", "coordinates": [99.38, 18.32]}, "properties": {"probability": 0.0594, "prob_ml": 0.0404, "prob_ca": 0.0147, "elevation": 265.0, "slope": 0.4}}, {"type": "Feature", "geometry": {"type": "Point", "coordinates": [99.42, 18.32]}, "properties": {"probability": 0.1228, "prob_ml": 0.0185, "prob_ca": 0.1278, "elevation": 247.0, "slope": 0.2}}, {"type": "Feature", "geometry": {"type": "Point", "coordinates": [99.46, 18.32]}, "properties": {"probability": 0.2145, "prob_ml": 0.0155, "prob_ca": 0.2485, "elevation": 241.0, "slope": 0.2}}, {"type": "Feature", "geometry": {"type": "Point", "coordinates": [99.5, 18.32]}, "properties": {"probability": 0.283, "prob_ml": 0.0342, "prob_ca": 0.3071, "elevation": 251.0, "slope": 0.3}}, {"type": "Feature", "geometry": {"type": "Point", "coordinates": [99.54, 18.32]}, "properties": {"probability": 0.3264, "prob_ml": 0.0733, "prob_ca": 0.3035, "elevation": 265.0, "slope": 0.9}}, {"type": "Feature", "geometry": {"type": "Point", "coordinates": [99.58, 18.32]}, "properties": {"probability": 0.315, "prob_ml": 0.1047, "prob_ca": 0.2419, "elevation": 434.0, "slope": 4.0}}, {"type": "Feature", "geometry": {"type": "Point", "coordinates": [99.62, 18.32]}, "properties": {"probability": 0.2072, "prob_ml": 0.1024, "prob_ca": 0.1088, "elevation": 538.0, "slope": 2.4}}, {"type": "Feature", "geometry": {"type": "Point", "coordinates": [99.66, 18.32]}, "properties": {"probability": 0.0945, "prob_ml": 0.0754, "prob_ca": 0.0067, "elevation": 490.0, "slope": 1.7}}, {"type": "Feature", "geometry": {"type": "Point", "coordinates": [99.7, 18.32]}, "properties": {"probability": 0.0553, "prob_ml": 0.0467, "prob_ca": 0.0, "elevation": 333.0, "slope": 0.9}}, {"type": "Feature", "geometry": {"type": "Point", "coordinates": [99.74, 18.32]}, "properties": {"probability": 0.0447, "prob_ml": 0.0377, "prob_ca": 0.0, "elevation": 355.0, "slope": 0.7}}, {"type": "Feature", "geometry": {"type": "Point", "coordinates": [99.78, 18.32]}, "properties": {"probability": 0.0441, "prob_ml": 0.0372, "prob_ca": 0.0, "elevation": 364.0, "slope": 0.9}}, {"type": "Feature", "geometry": {"type": "Point", "coordinates": [99.82, 18.32]}, "properties": {"probability": 0.0439, "prob_ml": 0.0371, "prob_ca": 0.0, "elevation": 375.0, "slope": 0.5}}, {"type": "Feature", "geometry": {"type": "Point", "coordinates": [99.86, 18.32]}, "properties": {"probability": 0.0434, "prob_ml": 0.0367, "prob_ca": 0.0, "elevation": 398.0, "slope": 0.5}}, {"type": "Feature", "geometry": {"type": "Point", "coordinates": [99.9, 18.32]}, "properties": {"probability": 0.04, "prob_ml": 0.0337, "prob_ca": 0.0, "elevation": 444.0, "slope": 1.1}}, {"type": "Feature", "geometry": {"type": "Point", "coordinates": [99.94, 18.32]}, "properties": {"probability": 0.0271, "prob_ml": 0.0229, "prob_ca": 0.0, "elevation": 570.0, "slope": 3.6}}, {"type": "Feature", "geometry": {"type": "Point", "coordinates": [98.3, 18.36]}, "properties": {"probability": 0.0124, "prob_ml": 0.0105, "prob_ca": 0.0, "elevation": 744.0, "slope": 1.1}}, {"type": "Feature", "geometry": {"type": "Point", "coordinates": [98.34, 18.36]}, "properties": {"probability": 0.0332, "prob_ml": 0.028, "prob_ca": 0.0, "elevation": 784.0, "slope": 0.6}}, {"type": "Feature", "geometry": {"type": "Point", "coordinates": [98.38, 18.36]}, "properties": {"probability": 0.0616, "prob_ml": 0.052, "prob_ca": 0.0, "elevation": 777.0, "slope": 0.3}}, {"type": "Feature", "geometry": {"type": "Point", "coordinates": [98.42, 18.36]}, "properties": {"probability": 0.0751, "prob_ml": 0.0633, "prob_ca": 0.0001, "elevation": 840.0, "slope": 1.9}}, {"type": "Feature", "geometry": {"type": "Point", "coordinates": [98.46, 18.36]}, "properties": {"probability": 0.0823, "prob_ml": 0.0681, "prob_ca": 0.0022, "elevation": 1019.0, "slope": 3.1}}, {"type": "Feature", "geometry": {"type": "Point", "coordinates": [98.5, 18.36]}, "properties": {"probability": 0.0876, "prob_ml": 0.069, "prob_ca": 0.0073, "elevation": 1284.0, "slope": 2.3}}, {"type": "Feature", "geometry": {"type": "Point", "coordinates": [98.54, 18.36]}, "properties": {"probability": 0.087, "prob_ml": 0.0694, "prob_ca": 0.0061, "elevation": 1297.0, "slope": 0.9}}, {"type": "Feature", "geometry": {"type": "Point", "coordinates": [98.58, 18.36]}, "properties": {"probability": 0.078, "prob_ml": 0.0651, "prob_ca": 0.0012, "elevation": 1151.0, "slope": 3.2}}, {"type": "Feature", "geometry": {"type": "Point", "coordinates": [98.62, 18.36]}, "properties": {"probability": 0.055, "prob_ml": 0.0465, "prob_ca": 0.0, "elevation": 808.0, "slope": 6.5}}, {"type": "Feature", "geometry": {"type": "Point", "coordinates": [98.66, 18.36]}, "properties": {"probability": 0.0278, "prob_ml": 0.0235, "prob_ca": 0.0, "elevation": 410.0, "slope": 3.0}}, {"type": "Feature", "geometry": {"type": "Point", "coordinates": [98.7, 18.36]}, "properties": {"probability": 0.0124, "prob_ml": 0.0105, "prob_ca": 0.0, "elevation": 277.0, "slope": 0.5}}, {"type": "Feature", "geometry": {"type": "Point", "coordinates": [98.9, 18.36]}, "properties": {"probability": 0.0112, "prob_ml": 0.0095, "prob_ca": 0.0, "elevation": 391.0, "slope": 1.3}}, {"type": "Feature", "geometry": {"type": "Point", "coordinates": [98.94, 18.36]}, "properties": {"probability": 0.0205, "prob_ml": 0.0173, "prob_ca": 0.0, "elevation": 388.0, "slope": 0.8}}, {"type": "Feature", "geometry": {"type": "Point", "coordinates": [98.98, 18.36]}, "properties": {"probability": 0.027, "prob_ml": 0.0228, "prob_ca": 0.0, "elevation": 504.0, "slope": 2.8}}, {"type": "Feature", "geometry": {"type": "Point", "coordinates": [99.02, 18.36]}, "properties": {"probability": 0.0298, "prob_ml": 0.0252, "prob_ca": 0.0, "elevation": 562.0, "slope": 2.2}}, {"type": "Feature", "geometry": {"type": "Point", "coordinates": [99.06, 18.36]}, "properties": {"probability": 0.0329, "prob_ml": 0.0278, "prob_ca": 0.0, "elevation": 538.0, "slope": 1.1}}, {"type": "Feature", "geometry": {"type": "Point", "coordinates": [99.1, 18.36]}, "properties": {"probability": 0.032, "prob_ml": 0.027, "prob_ca": 0.0, "elevation": 573.0, "slope": 1.7}}, {"type": "Feature", "geometry": {"type": "Point", "coordinates": [99.14, 18.36]}, "properties": {"probability": 0.0326, "prob_ml": 0.0275, "prob_ca": 0.0, "elevation": 592.0, "slope": 0.4}}, {"type": "Feature", "geometry": {"type": "Point", "coordinates": [99.18, 18.36]}, "properties": {"probability": 0.0358, "prob_ml": 0.0302, "prob_ca": 0.0, "elevation": 629.0, "slope": 0.8}}, {"type": "Feature", "geometry": {"type": "Point", "coordinates": [99.22, 18.36]}, "properties": {"probability": 0.0401, "prob_ml": 0.0339, "prob_ca": 0.0, "elevation": 564.0, "slope": 2.4}}, {"type": "Feature", "geometry": {"type": "Point", "coordinates": [99.26, 18.36]}, "properties": {"probability": 0.0432, "prob_ml": 0.0365, "prob_ca": 0.0, "elevation": 423.0, "slope": 1.6}}, {"type": "Feature", "geometry": {"type": "Point", "coordinates": [99.3, 18.36]}, "properties": {"probability": 0.0459, "prob_ml": 0.0388, "prob_ca": 0.0, "elevation": 376.0, "slope": 2.1}}, {"type": "Feature", "geometry": {"type": "Point", "coordinates": [99.34, 18.36]}, "properties": {"probability": 0.0516, "prob_ml": 0.0436, "prob_ca": 0.0, "elevation": 311.0, "slope": 0.9}}, {"type": "Feature", "geometry": {"type": "Point", "coordinates": [99.38, 18.36]}, "properties": {"probability": 0.047, "prob_ml": 0.0393, "prob_ca": 0.0006, "elevation": 278.0, "slope": 0.4}}, {"type": "Feature", "geometry": {"type": "Point", "coordinates": [99.42, 18.36]}, "properties": {"probability": 0.0376, "prob_ml": 0.0233, "prob_ca": 0.0126, "elevation": 259.0, "slope": 0.3}}, {"type": "Feature", "geometry": {"type": "Point", "coordinates": [99.46, 18.36]}, "properties": {"probability": 0.067, "prob_ml": 0.0204, "prob_ca": 0.0542, "elevation": 253.0, "slope": 0.2}}, {"type": "Feature", "geometry": {"type": "Point", "coordinates": [99.5, 18.36]}, "properties": {"probability": 0.1152, "prob_ml": 0.0314, "prob_ca": 0.0987, "elevation": 272.0, "slope": 0.2}}, {"type": "Feature", "geometry": {"type": "Point", "coordinates": [99.54, 18.36]}, "properties": {"probability": 0.1307, "prob_ml": 0.0415, "prob_ca": 0.1032, "elevation": 250.0, "slope": 0.1}}, {"type": "Feature", "geometry": {"type": "Point", "coordinates": [99.58, 18.36]}, "properties": {"probability": 0.1189, "prob_ml": 0.0569, "prob_ca": 0.0651, "elevation": 264.0, "slope": 0.9}}, {"type": "Feature", "geometry": {"type": "Point", "coordinates": [99.62, 18.36]}, "properties": {"probability": 0.0849, "prob_ml": 0.0597, "prob_ca": 0.0179, "elevation": 374.0, "slope": 3.0}}, {"type": "Feature", "geometry": {"type": "Point", "coordinates": [99.66, 18.36]}, "properties": {"probability": 0.0579, "prob_ml": 0.0487, "prob_ca": 0.0004, "elevation": 486.0, "slope": 1.7}}, {"type": "Feature", "geometry": {"type": "Point", "coordinates": [99.7, 18.36]}, "properties": {"probability": 0.0464, "prob_ml": 0.0392, "prob_ca": 0.0, "elevation": 353.0, "slope": 0.7}}, {"type": "Feature", "geometry": {"type": "Point", "coordinates": [99.74, 18.36]}, "properties": {"probability": 0.044, "prob_ml": 0.0371, "prob_ca": 0.0, "elevation": 385.0, "slope": 0.4}}, {"type": "Feature", "geometry": {"type": "Point", "coordinates": [99.78, 18.36]}, "properties": {"probability": 0.0441, "prob_ml": 0.0372, "prob_ca": 0.0, "elevation": 418.0, "slope": 0.6}}, {"type": "Feature", "geometry": {"type": "Point", "coordinates": [99.82, 18.36]}, "properties": {"probability": 0.044, "prob_ml": 0.0371, "prob_ca": 0.0, "elevation": 413.0, "slope": 0.8}}, {"type": "Feature", "geometry": {"type": "Point", "coordinates": [99.86, 18.36]}, "properties": {"probability": 0.0434, "prob_ml": 0.0366, "prob_ca": 0.0, "elevation": 393.0, "slope": 0.4}}, {"type": "Feature", "geometry": {"type": "Point", "coordinates": [99.9, 18.36]}, "properties": {"probability": 0.0382, "prob_ml": 0.0323, "prob_ca": 0.0, "elevation": 444.0, "slope": 2.3}}, {"type": "Feature", "geometry": {"type": "Point", "coordinates": [99.94, 18.36]}, "properties": {"probability": 0.0208, "prob_ml": 0.0176, "prob_ca": 0.0, "elevation": 747.0, "slope": 2.0}}, {"type": "Feature", "geometry": {"type": "Point", "coordinates": [98.3, 18.4]}, "properties": {"probability": 0.0239, "prob_ml": 0.0202, "prob_ca": 0.0, "elevation": 657.0, "slope": 1.6}}, {"type": "Feature", "geometry": {"type": "Point", "coordinates": [98.34, 18.4]}, "properties": {"probability": 0.0598, "prob_ml": 0.0505, "prob_ca": 0.0, "elevation": 691.0, "slope": 1.2}}, {"type": "Feature", "geometry": {"type": "Point", "coordinates": [98.38, 18.4]}, "properties": {"probability": 0.0943, "prob_ml": 0.0794, "prob_ca": 0.0004, "elevation": 724.0, "slope": 1.2}}, {"type": "Feature", "geometry": {"type": "Point", "coordinates": [98.42, 18.4]}, "properties": {"probability": 0.1151, "prob_ml": 0.0857, "prob_ca": 0.0173, "elevation": 832.0, "slope": 2.5}}, {"type": "Feature", "geometry": {"type": "Point", "coordinates": [98.46, 18.4]}, "properties": {"probability": 0.176, "prob_ml": 0.0817, "prob_ca": 0.1003, "elevation": 1039.0, "slope": 3.3}}, {"type": "Feature", "geometry": {"type": "Point", "coordinates": [98.5, 18.4]}, "properties": {"probability": 0.2429, "prob_ml": 0.0811, "prob_ca": 0.186, "elevation": 1321.0, "slope": 0.7}}, {"type": "Feature", "geometry": {"type": "Point", "coordinates": [98.54, 18.4]}, "properties": {"probability": 0.2331, "prob_ml": 0.0841, "prob_ca": 0.1691, "elevation": 1146.0, "slope": 3.2}}, {"type": "Feature", "geometry": {"type": "Point", "coordinates": [98.58, 18.4]}, "properties": {"probability": 0.1508, "prob_ml": 0.0819, "prob_ca": 0.0681, "elevation": 792.0, "slope": 5.6}}, {"type": "Feature", "geometry": {"type": "Point", "coordinates": [98.62, 18.4]}, "properties": {"probability": 0.0846, "prob_ml": 0.0652, "prob_ca": 0.0094, "elevation": 468.0, "slope": 3.4}}, {"type": "Feature", "geometry": {"type": "Point", "coordinates": [98.66, 18.4]}, "properties": {"probability": 0.0495, "prob_ml": 0.0417, "prob_ca": 0.0001, "elevation": 289.0, "slope": 1.1}}, {"type": "Feature", "geometry": {"type": "Point", "coordinates": [98.7, 18.4]}, "properties": {"probability": 0.0227, "prob_ml": 0.0191, "prob_ca": 0.0, "elevation": 278.0, "slope": 0.1}}, {"type": "Feature", "geometry": {"type": "Point", "coordinates": [98.74, 18.4]}, "properties": {"probability": 0.0123, "prob_ml": 0.0104, "prob_ca": 0.0, "elevation": 287.0, "slope": 0.3}}, {"type": "Feature", "geometry": {"type": "Point", "coordinates": [98.78, 18.4]}, "properties": {"probability": 0.0103, "prob_ml": 0.0087, "prob_ca": 0.0, "elevation": 300.0, "slope": 0.3}}, {"type": "Feature", "geometry": {"type": "Point", "coordinates": [98.9, 18.4]}, "properties": {"probability": 0.014, "prob_ml": 0.0118, "prob_ca": 0.0, "elevation": 352.0, "slope": 0.4}}, {"type": "Feature", "geometry": {"type": "Point", "coordinates": [98.94, 18.4]}, "properties": {"probability": 0.0283, "prob_ml": 0.0239, "prob_ca": 0.0, "elevation": 358.0, "slope": 0.4}}, {"type": "Feature", "geometry": {"type": "Point", "coordinates": [98.98, 18.4]}, "properties": {"probability": 0.0389, "prob_ml": 0.0328, "prob_ca": 0.0, "elevation": 356.0, "slope": 0.4}}, {"type": "Feature", "geometry": {"type": "Point", "coordinates": [99.02, 18.4]}, "properties": {"probability": 0.0409, "prob_ml": 0.0345, "prob_ca": 0.0, "elevation": 393.0, "slope": 1.2}}, {"type": "Feature", "geometry": {"type": "Point", "coordinates": [99.06, 18.4]}, "properties": {"probability": 0.0394, "prob_ml": 0.0333, "prob_ca": 0.0, "elevation": 447.0, "slope": 0.9}}, {"type": "Feature", "geometry": {"type": "Point", "coordinates": [99.1, 18.4]}, "properties": {"probability": 0.034, "prob_ml": 0.0287, "prob_ca": 0.0, "elevation": 426.0, "slope": 1.3}}, {"type": "Feature", "geometry": {"type": "Point", "coordinates": [99.14, 18.4]}, "properties": {"probability": 0.0266, "prob_ml": 0.0225, "prob_ca": 0.0, "elevation": 576.0, "slope": 1.9}}, {"type": "Feature", "geometry": {"type": "Point", "coordinates": [99.18, 18.4]}, "properties": {"probability": 0.023, "prob_ml": 0.0194, "prob_ca": 0.0, "elevation": 675.0, "slope": 1.2}}, {"type": "Feature", "geometry": {"type": "Point", "coordinates": [99.22, 18.4]}, "properties": {"probability": 0.0279, "prob_ml": 0.0236, "prob_ca": 0.0, "elevation": 634.0, "slope": 2.1}}, {"type": "Feature", "geometry": {"type": "Point", "coordinates": [99.26, 18.4]}, "properties": {"probability": 0.0362, "prob_ml": 0.0306, "prob_ca": 0.0, "elevation": 522.0, "slope": 1.4}}, {"type": "Feature", "geometry": {"type": "Point", "coordinates": [99.3, 18.4]}, "properties": {"probability": 0.0418, "prob_ml": 0.0353, "prob_ca": 0.0, "elevation": 569.0, "slope": 3.2}}, {"type": "Feature", "geometry": {"type": "Point", "coordinates": [99.34, 18.4]}, "properties": {"probability": 0.0441, "prob_ml": 0.0372, "prob_ca": 0.0, "elevation": 361.0, "slope": 2.4}}, {"type": "Feature", "geometry": {"type": "Point", "coordinates": [99.38, 18.4]}, "properties": {"probability": 0.0418, "prob_ml": 0.0353, "prob_ca": 0.0, "elevation": 295.0, "slope": 0.5}}, {"type": "Feature", "geometry": {"type": "Point", "coordinates": [99.42, 18.4]}, "properties": {"probability": 0.0315, "prob_ml": 0.0266, "prob_ca": 0.0, "elevation": 275.0, "slope": 0.3}}, {"type": "Feature", "geometry": {"type": "Point", "coordinates": [99.46, 18.4]}, "properties": {"probability": 0.0304, "prob_ml": 0.0254, "prob_ca": 0.0005, "elevation": 265.0, "slope": 0.4}}, {"type": "Feature", "geometry": {"type": "Point", "coordinates": [99.5, 18.4]}, "properties": {"probability": 0.0407, "prob_ml": 0.033, "prob_ca": 0.002, "elevation": 284.0, "slope": 1.5}}, {"type": "Feature", "geometry": {"type": "Point", "coordinates": [99.54, 18.4]}, "properties": {"probability": 0.0368, "prob_ml": 0.0294, "prob_ca": 0.0025, "elevation": 262.0, "slope": 0.8}}, {"type": "Feature", "geometry": {"type": "Point", "coordinates": [99.58, 18.4]}, "properties": {"probability": 0.0335, "prob_ml": 0.0276, "prob_ca": 0.001, "elevation": 252.0, "slope": 0.3}}, {"type": "Feature", "geometry": {"type": "Point", "coordinates": [99.62, 18.4]}, "properties": {"probability": 0.0373, "prob_ml": 0.0315, "prob_ca": 0.0, "elevation": 263.0, "slope": 0.6}}, {"type": "Feature", "geometry": {"type": "Point", "coordinates": [99.66, 18.4]}, "properties": {"probability": 0.0426, "prob_ml": 0.036, "prob_ca": 0.0, "elevation": 303.0, "slope": 1.4}}, {"type": "Feature", "geometry": {"type": "Point", "coordinates": [99.7, 18.4]}, "properties": {"probability": 0.0439, "prob_ml": 0.0371, "prob_ca": 0.0, "elevation": 382.0, "slope": 0.4}}, {"type": "Feature", "geometry": {"type": "Point", "coordinates": [99.74, 18.4]}, "properties": {"probability": 0.0439, "prob_ml": 0.0371, "prob_ca": 0.0, "elevation": 351.0, "slope": 1.0}}, {"type": "Feature", "geometry": {"type": "Point", "coordinates": [99.78, 18.4]}, "properties": {"probability": 0.0441, "prob_ml": 0.0372, "prob_ca": 0.0, "elevation": 437.0, "slope": 1.7}}, {"type": "Feature", "geometry": {"type": "Point", "coordinates": [99.82, 18.4]}, "properties": {"probability": 0.044, "prob_ml": 0.0371, "prob_ca": 0.0, "elevation": 455.0, "slope": 1.2}}, {"type": "Feature", "geometry": {"type": "Point", "coordinates": [99.86, 18.4]}, "properties": {"probability": 0.0427, "prob_ml": 0.036, "prob_ca": 0.0, "elevation": 403.0, "slope": 0.7}}, {"type": "Feature", "geometry": {"type": "Point", "coordinates": [99.9, 18.4]}, "properties": {"probability": 0.0335, "prob_ml": 0.0283, "prob_ca": 0.0, "elevation": 454.0, "slope": 1.4}}, {"type": "Feature", "geometry": {"type": "Point", "coordinates": [99.94, 18.4]}, "properties": {"probability": 0.0137, "prob_ml": 0.0116, "prob_ca": 0.0, "elevation": 613.0, "slope": 2.6}}, {"type": "Feature", "geometry": {"type": "Point", "coordinates": [98.26, 18.44]}, "properties": {"probability": 0.0148, "prob_ml": 0.0125, "prob_ca": 0.0, "elevation": 1136.0, "slope": 4.8}}, {"type": "Feature", "geometry": {"type": "Point", "coordinates": [98.3, 18.44]}, "properties": {"probability": 0.0444, "prob_ml": 0.0375, "prob_ca": 0.0, "elevation": 656.0, "slope": 3.5}}, {"type": "Feature", "geometry": {"type": "Point", "coordinates": [98.34, 18.44]}, "properties": {"probability": 0.0846, "prob_ml": 0.0714, "prob_ca": 0.0, "elevation": 612.0, "slope": 0.9}}, {"type": "Feature", "geometry": {"type": "Point", "coordinates": [98.38, 18.44]}, "properties": {"probability": 0.1158, "prob_ml": 0.092, "prob_ca": 0.0086, "elevation": 596.0, "slope": 1.3}}, {"type": "Feature", "geometry": {"type": "Point", "coordinates": [98.42, 18.44]}, "properties": {"probability": 0.2305, "prob_ml": 0.1009, "prob_ca": 0.1405, "elevation": 738.0, "slope": 3.9}}, {"type": "Feature", "geometry": {"type": "Point", "coordinates": [98.46, 18.44]}, "properties": {"probability": 0.4035, "prob_ml": 0.0975, "prob_ca": 0.3648, "elevation": 1014.0, "slope": 3.3}}, {"type": "Feature", "geometry": {"type": "Point", "coordinates": [98.5, 18.44]}, "properties": {"probability": 0.4952, "prob_ml": 0.0947, "prob_ca": 0.4853, "elevation": 1252.0, "slope": 0.8}}, {"type": "Feature", "geometry": {"type": "Point", "coordinates": [98.54, 18.44]}, "properties": {"probability": 0.4737, "prob_ml": 0.0971, "prob_ca": 0.4543, "elevation": 1129.0, "slope": 2.4}}, {"type": "Feature", "geometry": {"type": "Point", "coordinates": [98.58, 18.44]}, "properties": {"probability": 0.3478, "prob_ml": 0.0951, "prob_ca": 0.2979, "elevation": 870.0, "slope": 4.5}}, {"type": "Feature", "geometry": {"type": "Point", "coordinates": [98.62, 18.44]}, "properties": {"probability": 0.1642, "prob_ml": 0.0818, "prob_ca": 0.0852, "elevation": 551.0, "slope": 4.7}}, {"type": "Feature", "geometry": {"type": "Point", "coordinates": [98.66, 18.44]}, "properties": {"probability": 0.0743, "prob_ml": 0.061, "prob_ca": 0.0027, "elevation": 298.0, "slope": 1.4}}, {"type": "Feature", "geometry": {"type": "Point", "coordinates": [98.7, 18.44]}, "properties": {"probability": 0.0386, "prob_ml": 0.0326, "prob_ca": 0.0, "elevation": 289.0, "slope": 0.3}}, {"type": "Feature", "geometry": {"type": "Point", "coordinates": [98.74, 18.44]}, "properties": {"probability": 0.0171, "prob_ml": 0.0144, "prob_ca": 0.0, "elevation": 288.0, "slope": 0.2}}, {"type": "Feature", "geometry": {"type": "Point", "coordinates": [98.78, 18.44]}, "properties": {"probability": 0.0111, "prob_ml": 0.0094, "prob_ca": 0.0, "elevation": 287.0, "slope": 0.0}}, {"type": "Feature", "geometry": {"type": "Point", "coordinates": [98.86, 18.44]}, "properties": {"probability": 0.0102, "prob_ml": 0.0086, "prob_ca": 0.0, "elevation": 314.0, "slope": 0.5}}, {"type": "Feature", "geometry": {"type": "Point", "coordinates": [98.9, 18.44]}, "properties": {"probability": 0.0144, "prob_ml": 0.0122, "prob_ca": 0.0, "elevation": 326.0, "slope": 0.3}}, {"type": "Feature", "geometry": {"type": "Point", "coordinates": [98.94, 18.44]}, "properties": {"probability": 0.0273, "prob_ml": 0.0231, "prob_ca": 0.0, "elevation": 324.0, "slope": 0.6}}, {"type": "Feature", "geometry": {"type": "Point", "coordinates": [98.98, 18.44]}, "properties": {"probability": 0.0393, "prob_ml": 0.0332, "prob_ca": 0.0, "elevation": 437.0, "slope": 2.0}}, {"type": "Feature", "geometry": {"type": "Point", "coordinates": [99.02, 18.44]}, "properties": {"probability": 0.0423, "prob_ml": 0.0357, "prob_ca": 0.0, "elevation": 470.0, "slope": 1.2}}, {"type": "Feature", "geometry": {"type": "Point", "coordinates": [99.06, 18.44]}, "properties": {"probability": 0.0422, "prob_ml": 0.0356, "prob_ca": 0.0, "elevation": 405.0, "slope": 0.4}}, {"type": "Feature", "geometry": {"type": "Point", "coordinates": [99.1, 18.44]}, "properties": {"probability": 0.0403, "prob_ml": 0.034, "prob_ca": 0.0, "elevation": 411.0, "slope": 0.4}}, {"type": "Feature", "geometry": {"type": "Point", "coordinates": [99.14, 18.44]}, "properties": {"probability": 0.0335, "prob_ml": 0.0283, "prob_ca": 0.0, "elevation": 454.0, "slope": 1.1}}, {"type": "Feature", "geometry": {"type": "Point", "coordinates": [99.18, 18.44]}, "properties": {"probability": 0.0211, "prob_ml": 0.0178, "prob_ca": 0.0, "elevation": 535.0, "slope": 1.8}}, {"type": "Feature", "geometry": {"type": "Point", "coordinates": [99.22, 18.44]}, "properties": {"probability": 0.0157, "prob_ml": 0.0132, "prob_ca": 0.0, "elevation": 586.0, "slope": 0.5}}, {"type": "Feature", "geometry": {"type": "Point", "coordinates": [99.26, 18.44]}, "properties": {"probability": 0.0231, "prob_ml": 0.0195, "prob_ca": 0.0, "elevation": 642.0, "slope": 2.5}}, {"type": "Feature", "geometry": {"type": "Point", "coordinates": [99.3, 18.44]}, "properties": {"probability": 0.0341, "prob_ml": 0.0288, "prob_ca": 0.0, "elevation": 839.0, "slope": 3.5}}, {"type": "Feature", "geometry": {"type": "Point", "coordinates": [99.34, 18.44]}, "properties": {"probability": 0.0412, "prob_ml": 0.0348, "prob_ca": 0.0, "elevation": 492.0, "slope": 4.1}}, {"type": "Feature", "geometry": {"type": "Point", "coordinates": [99.38, 18.44]}, "properties": {"probability": 0.0423, "prob_ml": 0.0357, "prob_ca": 0.0, "elevation": 345.0, "slope": 1.3}}, {"type": "Feature", "geometry": {"type": "Point", "coordinates": [99.42, 18.44]}, "properties": {"probability": 0.0377, "prob_ml": 0.0319, "prob_ca": 0.0, "elevation": 288.0, "slope": 0.5}}, {"type": "Feature", "geometry": {"type": "Point", "coordinates": [99.46, 18.44]}, "properties": {"probability": 0.0375, "prob_ml": 0.0316, "prob_ca": 0.0, "elevation": 311.0, "slope": 1.8}}, {"type": "Feature", "geometry": {"type": "Point", "coordinates": [99.5, 18.44]}, "properties": {"probability": 0.042, "prob_ml": 0.0354, "prob_ca": 0.0, "elevation": 502.0, "slope": 2.2}}, {"type": "Feature", "geometry": {"type": "Point", "coordinates": [99.54, 18.44]}, "properties": {"probability": 0.0408, "prob_ml": 0.0345, "prob_ca": 0.0, "elevation": 374.0, "slope": 1.9}}, {"type": "Feature", "geometry": {"type": "Point", "coordinates": [99.58, 18.44]}, "properties": {"probability": 0.0384, "prob_ml": 0.0324, "prob_ca": 0.0, "elevation": 312.0, "slope": 1.1}}, {"type": "Feature", "geometry": {"type": "Point", "coordinates": [99.62, 18.44]}, "properties": {"probability": 0.0384, "prob_ml": 0.0325, "prob_ca": 0.0, "elevation": 291.0, "slope": 0.5}}, {"type": "Feature", "geometry": {"type": "Point", "coordinates": [99.66, 18.44]}, "properties": {"probability": 0.0419, "prob_ml": 0.0354, "prob_ca": 0.0, "elevation": 313.0, "slope": 0.9}}, {"type": "Feature", "geometry": {"type": "Point", "coordinates": [99.7, 18.44]}, "properties": {"probability": 0.0437, "prob_ml": 0.0369, "prob_ca": 0.0, "elevation": 402.0, "slope": 1.5}}, {"type": "Feature", "geometry": {"type": "Point", "coordinates": [99.74, 18.44]}, "properties": {"probability": 0.0435, "prob_ml": 0.0368, "prob_ca": 0.0, "elevation": 539.0, "slope": 2.3}}, {"type": "Feature", "geometry": {"type": "Point", "coordinates": [99.78, 18.44]}, "properties": {"probability": 0.0435, "prob_ml": 0.0368, "prob_ca": 0.0, "elevation": 511.0, "slope": 1.4}}, {"type": "Feature", "geometry": {"type": "Point", "coordinates": [99.82, 18.44]}, "properties": {"probability": 0.0432, "prob_ml": 0.0364, "prob_ca": 0.0, "elevation": 481.0, "slope": 0.4}}, {"type": "Feature", "geometry": {"type": "Point", "coordinates": [99.86, 18.44]}, "properties": {"probability": 0.0385, "prob_ml": 0.0325, "prob_ca": 0.0, "elevation": 491.0, "slope": 0.9}}, {"type": "Feature", "geometry": {"type": "Point", "coordinates": [99.9, 18.44]}, "properties": {"probability": 0.0234, "prob_ml": 0.0198, "prob_ca": 0.0, "elevation": 466.0, "slope": 0.3}}, {"type": "Feature", "geometry": {"type": "Point", "coordinates": [98.26, 18.48]}, "properties": {"probability": 0.021, "prob_ml": 0.0178, "prob_ca": 0.0, "elevation": 1217.0, "slope": 3.2}}, {"type": "Feature", "geometry": {"type": "Point", "coordinates": [98.3, 18.48]}, "properties": {"probability": 0.0641, "prob_ml": 0.0542, "prob_ca": 0.0, "elevation": 855.0, "slope": 5.3}}, {"type": "Feature", "geometry": {"type": "Point", "coordinates": [98.34, 18.48]}, "properties": {"probability": 0.0969, "prob_ml": 0.0819, "prob_ca": 0.0, "elevation": 589.0, "slope": 2.5}}, {"type": "Feature", "geometry": {"type": "Point", "coordinates": [98.38, 18.48]}, "properties": {"probability": 0.1373, "prob_ml": 0.0917, "prob_ca": 0.0363, "elevation": 548.0, "slope": 0.5}}, {"type": "Feature", "geometry": {"type": "Point", "coordinates": [98.42, 18.48]}, "properties": {"probability": 0.3471, "prob_ml": 0.1062, "prob_ca": 0.2803, "elevation": 685.0, "slope": 3.1}}, {"type": "Feature", "geometry": {"type": "Point", "coordinates": [98.46, 18.48]}, "properties": {"probability": 0.5756, "prob_ml": 0.1081, "prob_ca": 0.5669, "elevation": 966.0, "slope": 4.7}}, {"type": "Feature", "geometry": {"type": "Point", "coordinates": [98.5, 18.48]}, "properties": {"probability": 0.7447, "prob_ml": 0.1059, "prob_ca": 0.7845, "elevation": 1367.0, "slope": 3.7}}, {"type": "Feature", "geometry": {"type": "Point", "coordinates": [98.54, 18.48]}, "properties": {"probability": 0.6621, "prob_ml": 0.1072, "prob_ca": 0.6778, "elevation": 1421.0, "slope": 5.1}}, {"type": "Feature", "geometry": {"type": "Point", "coordinates": [98.58, 18.48]}, "properties": {"probability": 0.4718, "prob_ml": 0.106, "prob_ca": 0.4387, "elevation": 1215.0, "slope": 6.7}}, {"type": "Feature", "geometry": {"type": "Point", "coordinates": [98.62, 18.48]}, "properties": {"probability": 0.2647, "prob_ml": 0.0992, "prob_ca": 0.1865, "elevation": 834.0, "slope": 7.5}}, {"type": "Feature", "geometry": {"type": "Point", "coordinates": [98.66, 18.48]}, "properties": {"probability": 0.1059, "prob_ml": 0.0809, "prob_ca": 0.0127, "elevation": 451.0, "slope": 3.7}}, {"type": "Feature", "geometry": {"type": "Point", "coordinates": [98.7, 18.48]}, "properties": {"probability": 0.054, "prob_ml": 0.0456, "prob_ca": 0.0, "elevation": 328.0, "slope": 0.9}}, {"type": "Feature", "geometry": {"type": "Point", "coordinates": [98.74, 18.48]}, "properties": {"probability": 0.019, "prob_ml": 0.0161, "prob_ca": 0.0, "elevation": 340.0, "slope": 0.9}}, {"type": "Feature", "geometry": {"type": "Point", "coordinates": [98.78, 18.48]}, "properties": {"probability": 0.0104, "prob_ml": 0.0088, "prob_ca": 0.0, "elevation": 313.0, "slope": 0.7}}, {"type": "Feature", "geometry": {"type": "Point", "coordinates": [98.82, 18.48]}, "properties": {"probability": 0.0102, "prob_ml": 0.0086, "prob_ca": 0.0, "elevation": 293.0, "slope": 0.1}}, {"type": "Feature", "geometry": {"type": "Point", "coordinates": [98.86, 18.48]}, "properties": {"probability": 0.0113, "prob_ml": 0.0095, "prob_ca": 0.0, "elevation": 295.0, "slope": 0.2}}, {"type": "Feature", "geometry": {"type": "Point", "coordinates": [98.9, 18.48]}, "properties": {"probability": 0.0149, "prob_ml": 0.0126, "prob_ca": 0.0, "elevation": 302.0, "slope": 0.3}}, {"type": "Feature", "geometry": {"type": "Point", "coordinates": [98.94, 18.48]}, "properties": {"probability": 0.0264, "prob_ml": 0.0223, "prob_ca": 0.0, "elevation": 304.0, "slope": 0.3}}, {"type": "Feature", "geometry": {"type": "Point", "coordinates": [98.98, 18.48]}, "properties": {"probability": 0.0387, "prob_ml": 0.0327, "prob_ca": 0.0, "elevation": 364.0, "slope": 1.9}}, {"type": "Feature", "geometry": {"type": "Point", "coordinates": [99.02, 18.48]}, "properties": {"probability": 0.042, "prob_ml": 0.0355, "prob_ca": 0.0, "elevation": 417.0, "slope": 1.3}}, {"type": "Feature", "geometry": {"type": "Point", "coordinates": [99.06, 18.48]}, "properties": {"probability": 0.0422, "prob_ml": 0.0356, "prob_ca": 0.0, "elevation": 427.0, "slope": 0.7}}, {"type": "Feature", "geometry": {"type": "Point", "coordinates": [99.1, 18.48]}, "properties": {"probability": 0.0417, "prob_ml": 0.0352, "prob_ca": 0.0, "elevation": 378.0, "slope": 0.7}}, {"type": "Feature", "geometry": {"type": "Point", "coordinates": [99.14, 18.48]}, "properties": {"probability": 0.0372, "prob_ml": 0.0314, "prob_ca": 0.0, "elevation": 495.0, "slope": 1.6}}, {"type": "Feature", "geometry": {"type": "Point", "coordinates": [99.18, 18.48]}, "properties": {"probability": 0.0244, "prob_ml": 0.0206, "prob_ca": 0.0, "elevation": 496.0, "slope": 0.5}}, {"type": "Feature", "geometry": {"type": "Point", "coordinates": [99.22, 18.48]}, "properties": {"probability": 0.0147, "prob_ml": 0.0124, "prob_ca": 0.0, "elevation": 569.0, "slope": 2.4}}, {"type": "Feature", "geometry": {"type": "Point", "coordinates": [99.26, 18.48]}, "properties": {"probability": 0.0185, "prob_ml": 0.0156, "prob_ca": 0.0, "elevation": 781.0, "slope": 3.9}}, {"type": "Feature", "geometry": {"type": "Point", "coordinates": [99.3, 18.48]}, "properties": {"probability": 0.0278, "prob_ml": 0.0235, "prob_ca": 0.0, "elevation": 1071.0, "slope": 2.9}}, {"type": "Feature", "geometry": {"type": "Point", "coordinates": [99.34, 18.48]}, "properties": {"probability": 0.0362, "prob_ml": 0.0305, "prob_ca": 0.0, "elevation": 664.0, "slope": 5.1}}, {"type": "Feature", "geometry": {"type": "Point", "coordinates": [99.38, 18.48]}, "properties": {"probability": 0.0417, "prob_ml": 0.0352, "prob_ca": 0.0, "elevation": 430.0, "slope": 2.6}}, {"type": "Feature", "geometry": {"type": "Point", "coordinates": [99.42, 18.48]}, "properties": {"probability": 0.0425, "prob_ml": 0.0359, "prob_ca": 0.0, "elevation": 324.0, "slope": 0.7}}, {"type": "Feature", "geometry": {"type": "Point", "coordinates": [99.46, 18.48]}, "properties": {"probability": 0.0425, "prob_ml": 0.0359, "prob_ca": 0.0, "elevation": 351.0, "slope": 2.0}}, {"type": "Feature", "geometry": {"type": "Point", "coordinates": [99.5, 18.48]}, "properties": {"probability": 0.0435, "prob_ml": 0.0367, "prob_ca": 0.0, "elevation": 566.0, "slope": 0.8}}, {"type": "Feature", "geometry": {"type": "Point", "coordinates": [99.54, 18.48]}, "properties": {"probability": 0.0438, "prob_ml": 0.037, "prob_ca": 0.0, "elevation": 465.0, "slope": 1.5}}, {"type": "Feature", "geometry": {"type": "Point", "coordinates": [99.58, 18.48]}, "properties": {"probability": 0.0437, "prob_ml": 0.0369, "prob_ca": 0.0, "elevation": 410.0, "slope": 1.5}}, {"type": "Feature", "geometry": {"type": "Point", "coordinates": [99.62, 18.48]}, "properties": {"probability": 0.0431, "prob_ml": 0.0364, "prob_ca": 0.0, "elevation": 356.0, "slope": 1.3}}, {"type": "Feature", "geometry": {"type": "Point", "coordinates": [99.66, 18.48]}, "properties": {"probability": 0.0433, "prob_ml": 0.0366, "prob_ca": 0.0, "elevation": 322.0, "slope": 0.5}}, {"type": "Feature", "geometry": {"type": "Point", "coordinates": [99.7, 18.48]}, "properties": {"probability": 0.0436, "prob_ml": 0.0368, "prob_ca": 0.0, "elevation": 394.0, "slope": 2.1}}, {"type": "Feature", "geometry": {"type": "Point", "coordinates": [99.74, 18.48]}, "properties": {"probability": 0.0428, "prob_ml": 0.0362, "prob_ca": 0.0, "elevation": 649.0, "slope": 2.2}}, {"type": "Feature", "geometry": {"type": "Point", "coordinates": [99.78, 18.48]}, "properties": {"probability": 0.0421, "prob_ml": 0.0355, "prob_ca": 0.0, "elevation": 575.0, "slope": 2.5}}, {"type": "Feature", "geometry": {"type": "Point", "coordinates": [99.82, 18.48]}, "properties": {"probability": 0.0382, "prob_ml": 0.0323, "prob_ca": 0.0, "elevation": 503.0, "slope": 0.6}}, {"type": "Feature", "geometry": {"type": "Point", "coordinates": [99.86, 18.48]}, "properties": {"probability": 0.0259, "prob_ml": 0.0219, "prob_ca": 0.0, "elevation": 530.0, "slope": 0.3}}, {"type": "Feature", "geometry": {"type": "Point", "coordinates": [99.9, 18.48]}, "properties": {"probability": 0.0101, "prob_ml": 0.0085, "prob_ca": 0.0, "elevation": 519.0, "slope": 1.2}}, {"type": "Feature", "geometry": {"type": "Point", "coordinates": [98.26, 18.52]}, "properties": {"probability": 0.0213, "prob_ml": 0.018, "prob_ca": 0.0, "elevation": 1184.0, "slope": 2.7}}, {"type": "Feature", "geometry": {"type": "Point", "coordinates": [98.3, 18.52]}, "properties": {"probability": 0.0657, "prob_ml": 0.0555, "prob_ca": 0.0, "elevation": 942.0, "slope": 4.1}}, {"type": "Feature", "geometry": {"type": "Point", "coordinates": [98.34, 18.52]}, "properties": {"probability": 0.0975, "prob_ml": 0.0823, "prob_ca": 0.0001, "elevation": 579.0, "slope": 3.2}}, {"type": "Feature", "geometry": {"type": "Point", "coordinates": [98.38, 18.52]}, "properties": {"probability": 0.152, "prob_ml": 0.0923, "prob_ca": 0.054, "elevation": 560.0, "slope": 1.4}}, {"type": "Feature", "geometry": {"type": "Point", "coordinates": [98.42, 18.52]}, "properties": {"probability": 0.3752, "prob_ml": 0.1071, "prob_ca": 0.3145, "elevation": 733.0, "slope": 3.7}}, {"type": "Feature", "geometry": {"type": "Point", "coordinates": [98.46, 18.52]}, "properties": {"probability": 0.6033, "prob_ml": 0.109, "prob_ca": 0.6006, "elevation": 1053.0, "slope": 6.6}}, {"type": "Feature", "geometry": {"type": "Point", "coordinates": [98.5, 18.52]}, "properties": {"probability": 0.7814, "prob_ml": 0.1082, "prob_ca": 0.8275, "elevation": 1577.0, "slope": 4.3}}, {"type": "Feature", "geometry": {"type": "Point", "coordinates": [98.54, 18.52]}, "properties": {"probability": 0.696, "prob_ml": 0.1093, "prob_ca": 0.7177, "elevation": 1503.0, "slope": 3.3}}, {"type": "Feature", "geometry": {"type": "Point", "coordinates": [98.58, 18.52]}, "properties": {"probability": 0.5114, "prob_ml": 0.1093, "prob_ca": 0.4839, "elevation": 1300.0, "slope": 4.6}}, {"type": "Feature", "geometry": {"type": "Point", "coordinates": [98.62, 18.52]}, "properties": {"probability": 0.31, "prob_ml": 0.1068, "prob_ca": 0.2324, "elevation": 953.0, "slope": 6.0}}, {"type": "Feature", "geometry": {"type": "Point", "coordinates": [98.66, 18.52]}, "properties": {"probability": 0.1253, "prob_ml": 0.0893, "prob_ca": 0.0247, "elevation": 576.0, "slope": 3.1}}, {"type": "Feature", "geometry": {"type": "Point", "coordinates": [98.7, 18.52]}, "properties": {"probability": 0.0584, "prob_ml": 0.0493, "prob_ca": 0.0, "elevation": 414.0, "slope": 2.0}}, {"type": "Feature", "geometry": {"type": "Point", "coordinates": [98.74, 18.52]}, "properties": {"probability": 0.0187, "prob_ml": 0.0158, "prob_ca": 0.0, "elevation": 388.0, "slope": 0.6}}, {"type": "Feature", "geometry": {"type": "Point", "coordinates": [98.82, 18.52]}, "properties": {"probability": 0.0104, "prob_ml": 0.0088, "prob_ca": 0.0, "elevation": 302.0, "slope": 0.3}}, {"type": "Feature", "geometry": {"type": "Point", "coordinates": [98.86, 18.52]}, "properties": {"probability": 0.0115, "prob_ml": 0.0097, "prob_ca": 0.0, "elevation": 289.0, "slope": 0.1}}, {"type": "Feature", "geometry": {"type": "Point", "coordinates": [98.9, 18.52]}, "properties": {"probability": 0.0139, "prob_ml": 0.0117, "prob_ca": 0.0, "elevation": 289.0, "slope": 0.0}}, {"type": "Feature", "geometry": {"type": "Point", "coordinates": [98.94, 18.52]}, "properties": {"probability": 0.0242, "prob_ml": 0.0205, "prob_ca": 0.0, "elevation": 293.0, "slope": 0.1}}, {"type": "Feature", "geometry": {"type": "Point", "coordinates": [98.98, 18.52]}, "properties": {"probability": 0.0376, "prob_ml": 0.0317, "prob_ca": 0.0, "elevation": 296.0, "slope": 0.1}}, {"type": "Feature", "geometry": {"type": "Point", "coordinates": [99.02, 18.52]}, "properties": {"probability": 0.0417, "prob_ml": 0.0352, "prob_ca": 0.0, "elevation": 340.0, "slope": 1.3}}, {"type": "Feature", "geometry": {"type": "Point", "coordinates": [99.06, 18.52]}, "properties": {"probability": 0.042, "prob_ml": 0.0355, "prob_ca": 0.0, "elevation": 393.0, "slope": 1.4}}, {"type": "Feature", "geometry": {"type": "Point", "coordinates": [99.1, 18.52]}, "properties": {"probability": 0.0407, "prob_ml": 0.0343, "prob_ca": 0.0, "elevation": 346.0, "slope": 0.9}}, {"type": "Feature", "geometry": {"type": "Point", "coordinates": [99.14, 18.52]}, "properties": {"probability": 0.0354, "prob_ml": 0.0299, "prob_ca": 0.0, "elevation": 516.0, "slope": 2.0}}, {"type": "Feature", "geometry": {"type": "Point", "coordinates": [99.18, 18.52]}, "properties": {"probability": 0.0262, "prob_ml": 0.0221, "prob_ca": 0.0, "elevation": 601.0, "slope": 2.9}}, {"type": "Feature", "geometry": {"type": "Point", "coordinates": [99.22, 18.52]}, "properties": {"probability": 0.0175, "prob_ml": 0.0148, "prob_ca": 0.0, "elevation": 634.0, "slope": 1.7}}, {"type": "Feature", "geometry": {"type": "Point", "coordinates": [99.26, 18.52]}, "properties": {"probability": 0.0188, "prob_ml": 0.0159, "prob_ca": 0.0, "elevation": 700.0, "slope": 4.6}}, {"type": "Feature", "geometry": {"type": "Point", "coordinates": [99.3, 18.52]}, "properties": {"probability": 0.0244, "prob_ml": 0.0206, "prob_ca": 0.0, "elevation": 939.0, "slope": 6.2}}, {"type": "Feature", "geometry": {"type": "Point", "coordinates": [99.34, 18.52]}, "properties": {"probability": 0.0269, "prob_ml": 0.0227, "prob_ca": 0.0, "elevation": 680.0, "slope": 3.6}}, {"type": "Feature", "geometry": {"type": "Point", "coordinates": [99.38, 18.52]}, "properties": {"probability": 0.0359, "prob_ml": 0.0303, "prob_ca": 0.0, "elevation": 495.0, "slope": 2.1}}, {"type": "Feature", "geometry": {"type": "Point", "coordinates": [99.42, 18.52]}, "properties": {"probability": 0.0427, "prob_ml": 0.036, "prob_ca": 0.0, "elevation": 380.0, "slope": 1.2}}, {"type": "Feature", "geometry": {"type": "Point", "coordinates": [99.46, 18.52]}, "properties": {"probability": 0.0437, "prob_ml": 0.0369, "prob_ca": 0.0, "elevation": 357.0, "slope": 1.0}}, {"type": "Feature", "geometry": {"type": "Point", "coordinates": [99.5, 18.52]}, "properties": {"probability": 0.0441, "prob_ml": 0.0372, "prob_ca": 0.0, "elevation": 476.0, "slope": 2.5}}, {"type": "Feature", "geometry": {"type": "Point", "coordinates": [99.54, 18.52]}, "properties": {"probability": 0.0443, "prob_ml": 0.0374, "prob_ca": 0.0, "elevation": 441.0, "slope": 1.8}}, {"type": "Feature", "geometry": {"type": "Point", "coordinates": [99.58, 18.52]}, "properties": {"probability": 0.044, "prob_ml": 0.0372, "prob_ca": 0.0, "elevation": 410.0, "slope": 1.5}}, {"type": "Feature", "geometry": {"type": "Point", "coordinates": [99.62, 18.52]}, "properties": {"probability": 0.0436, "prob_ml": 0.0368, "prob_ca": 0.0, "elevation": 362.0, "slope": 1.2}}, {"type": "Feature", "geometry": {"type": "Point", "coordinates": [99.66, 18.52]}, "properties": {"probability": 0.0436, "prob_ml": 0.0368, "prob_ca": 0.0, "elevation": 334.0, "slope": 0.6}}, {"type": "Feature", "geometry": {"type": "Point", "coordinates": [99.7, 18.52]}, "properties": {"probability": 0.0433, "prob_ml": 0.0366, "prob_ca": 0.0, "elevation": 420.0, "slope": 2.1}}, {"type": "Feature", "geometry": {"type": "Point", "coordinates": [99.74, 18.52]}, "properties": {"probability": 0.0415, "prob_ml": 0.0351, "prob_ca": 0.0, "elevation": 638.0, "slope": 2.3}}, {"type": "Feature", "geometry": {"type": "Point", "coordinates": [99.78, 18.52]}, "properties": {"probability": 0.0371, "prob_ml": 0.0313, "prob_ca": 0.0, "elevation": 629.0, "slope": 1.2}}, {"type": "Feature", "geometry": {"type": "Point", "coordinates": [99.82, 18.52]}, "properties": {"probability": 0.0253, "prob_ml": 0.0214, "prob_ca": 0.0, "elevation": 553.0, "slope": 1.3}}, {"type": "Feature", "geometry": {"type": "Point", "coordinates": [99.86, 18.52]}, "properties": {"probability": 0.0103, "prob_ml": 0.0087, "prob_ca": 0.0, "elevation": 498.0, "slope": 1.2}}, {"type": "Feature", "geometry": {"type": "Point", "coordinates": [98.26, 18.56]}, "properties": {"probability": 0.0157, "prob_ml": 0.0132, "prob_ca": 0.0, "elevation": 1132.0, "slope": 2.7}}, {"type": "Feature", "geometry": {"type": "Point", "coordinates": [98.3, 18.56]}, "properties": {"probability": 0.0494, "prob_ml": 0.0417, "prob_ca": 0.0, "elevation": 908.0, "slope": 3.7}}, {"type": "Feature", "geometry": {"type": "Point", "coordinates": [98.34, 18.56]}, "properties": {"probability": 0.0885, "prob_ml": 0.0748, "prob_ca": 0.0, "elevation": 581.0, "slope": 2.7}}, {"type": "Feature", "geometry": {"type": "Point", "coordinates": [98.38, 18.56]}, "properties": {"probability": 0.1373, "prob_ml": 0.0937, "prob_ca": 0.0334, "elevation": 608.0, "slope": 2.0}}, {"type": "Feature", "geometry": {"type": "Point", "coordinates": [98.42, 18.56]}, "properties": {"probability": 0.319, "prob_ml": 0.1058, "prob_ca": 0.2453, "elevation": 864.0, "slope": 5.0}}, {"type": "Feature", "geometry": {"type": "Point", "coordinates": [98.46, 18.56]}, "properties": {"probability": 0.495, "prob_ml": 0.1051, "prob_ca": 0.4693, "elevation": 1272.0, "slope": 6.8}}, {"type": "Feature", "geometry": {"type": "Point", "coordinates": [98.5, 18.56]}, "properties": {"probability": 0.5986, "prob_ml": 0.1055, "prob_ca": 0.6, "elevation": 1799.0, "slope": 2.3}}, {"type": "Feature", "geometry": {"type": "Point", "coordinates": [98.54, 18.56]}, "properties": {"probability": 0.5818, "prob_ml": 0.1078, "prob_ca": 0.5753, "elevation": 1354.0, "slope": 4.8}}, {"type": "Feature", "geometry": {"type": "Point", "coordinates": [98.58, 18.56]}, "properties": {"probability": 0.4657, "prob_ml": 0.1082, "prob_ca": 0.4276, "elevation": 1116.0, "slope": 2.2}}, {"type": "Feature", "geometry": {"type": "Point", "coordinates": [98.62, 18.56]}, "properties": {"probability": 0.2962, "prob_ml": 0.1056, "prob_ca": 0.2168, "elevation": 888.0, "slope": 3.7}}, {"type": "Feature", "geometry": {"type": "Point", "coordinates": [98.66, 18.56]}, "properties": {"probability": 0.1194, "prob_ml": 0.0845, "prob_ca": 0.0245, "elevation": 648.0, "slope": 2.5}}, {"type": "Feature", "geometry": {"type": "Point", "coordinates": [98.7, 18.56]}, "properties": {"probability": 0.0487, "prob_ml": 0.0411, "prob_ca": 0.0, "elevation": 548.0, "slope": 2.4}}, {"type": "Feature", "geometry": {"type": "Point", "coordinates": [98.74, 18.56]}, "properties": {"probability": 0.0153, "prob_ml": 0.0129, "prob_ca": 0.0, "elevation": 422.0, "slope": 1.5}}, {"type": "Feature", "geometry": {"type": "Point", "coordinates": [98.82, 18.56]}, "properties": {"probability": 0.0103, "prob_ml": 0.0087, "prob_ca": 0.0, "elevation": 310.0, "slope": 0.3}}, {"type": "Feature", "geometry": {"type": "Point", "coordinates": [98.86, 18.56]}, "properties": {"probability": 0.0119, "prob_ml": 0.0101, "prob_ca": 0.0, "elevation": 291.0, "slope": 0.1}}, {"type": "Feature", "geometry": {"type": "Point", "coordinates": [98.9, 18.56]}, "properties": {"probability": 0.0148, "prob_ml": 0.0125, "prob_ca": 0.0, "elevation": 289.0, "slope": 0.0}}, {"type": "Feature", "geometry": {"type": "Point", "coordinates": [98.94, 18.56]}, "properties": {"probability": 0.0249, "prob_ml": 0.021, "prob_ca": 0.0, "elevation": 288.0, "slope": 0.0}}, {"type": "Feature", "geometry": {"type": "Point", "coordinates": [98.98, 18.56]}, "properties": {"probability": 0.0377, "prob_ml": 0.0318, "prob_ca": 0.0, "elevation": 288.0, "slope": 0.0}}, {"type": "Feature", "geometry": {"type": "Point", "coordinates": [99.02, 18.56]}, "properties": {"probability": 0.0423, "prob_ml": 0.0358, "prob_ca": 0.0, "elevation": 295.0, "slope": 0.3}}, {"type": "Feature", "geometry": {"type": "Point", "coordinates": [99.06, 18.56]}, "properties": {"probability": 0.0424, "prob_ml": 0.0358, "prob_ca": 0.0, "elevation": 311.0, "slope": 0.4}}, {"type": "Feature", "geometry": {"type": "Point", "coordinates": [99.1, 18.56]}, "properties": {"probability": 0.0362, "prob_ml": 0.0306, "prob_ca": 0.0, "elevation": 339.0, "slope": 1.0}}, {"type": "Feature", "geometry": {"type": "Point", "coordinates": [99.14, 18.56]}, "properties": {"probability": 0.0279, "prob_ml": 0.0236, "prob_ca": 0.0, "elevation": 457.0, "slope": 2.2}}, {"type": "Feature", "geometry": {"type": "Point", "coordinates": [99.18, 18.56]}, "properties": {"probability": 0.0232, "prob_ml": 0.0196, "prob_ca": 0.0, "elevation": 699.0, "slope": 4.0}}, {"type": "Feature", "geometry": {"type": "Point", "coordinates": [99.22, 18.56]}, "properties": {"probability": 0.0153, "prob_ml": 0.0129, "prob_ca": 0.0, "elevation": 691.0, "slope": 4.0}}, {"type": "Feature", "geometry": {"type": "Point", "coordinates": [99.26, 18.56]}, "properties": {"probability": 0.0124, "prob_ml": 0.0105, "prob_ca": 0.0, "elevation": 488.0, "slope": 0.4}}, {"type": "Feature", "geometry": {"type": "Point", "coordinates": [99.3, 18.56]}, "properties": {"probability": 0.0141, "prob_ml": 0.0119, "prob_ca": 0.0, "elevation": 570.0, "slope": 1.9}}, {"type": "Feature", "geometry": {"type": "Point", "coordinates": [99.34, 18.56]}, "properties": {"probability": 0.015, "prob_ml": 0.0126, "prob_ca": 0.0, "elevation": 609.0, "slope": 1.2}}, {"type": "Feature", "geometry": {"type": "Point", "coordinates": [99.38, 18.56]}, "properties": {"probability": 0.0255, "prob_ml": 0.0215, "prob_ca": 0.0, "elevation": 554.0, "slope": 1.8}}, {"type": "Feature", "geometry": {"type": "Point", "coordinates": [99.42, 18.56]}, "properties": {"probability": 0.0391, "prob_ml": 0.0331, "prob_ca": 0.0, "elevation": 445.0, "slope": 1.9}}, {"type": "Feature", "geometry": {"type": "Point", "coordinates": [99.46, 18.56]}, "properties": {"probability": 0.0435, "prob_ml": 0.0367, "prob_ca": 0.0, "elevation": 346.0, "slope": 0.5}}, {"type": "Feature", "geometry": {"type": "Point", "coordinates": [99.5, 18.56]}, "properties": {"probability": 0.0444, "prob_ml": 0.0375, "prob_ca": 0.0, "elevation": 350.0, "slope": 0.1}}, {"type": "Feature", "geometry": {"type": "Point", "coordinates": [99.54, 18.56]}, "properties": {"probability": 0.0445, "prob_ml": 0.0376, "prob_ca": 0.0, "elevation": 340.0, "slope": 0.5}}, {"type": "Feature", "geometry": {"type": "Point", "coordinates": [99.58, 18.56]}, "properties": {"probability": 0.0436, "prob_ml": 0.0368, "prob_ca": 0.0, "elevation": 332.0, "slope": 0.1}}, {"type": "Feature", "geometry": {"type": "Point", "coordinates": [99.62, 18.56]}, "properties": {"probability": 0.0433, "prob_ml": 0.0366, "prob_ca": 0.0, "elevation": 336.0, "slope": 0.7}}, {"type": "Feature", "geometry": {"type": "Point", "coordinates": [99.66, 18.56]}, "properties": {"probability": 0.0427, "prob_ml": 0.0361, "prob_ca": 0.0, "elevation": 376.0, "slope": 1.7}}, {"type": "Feature", "geometry": {"type": "Point", "coordinates": [99.7, 18.56]}, "properties": {"probability": 0.0397, "prob_ml": 0.0335, "prob_ca": 0.0, "elevation": 493.0, "slope": 1.6}}, {"type": "Feature", "geometry": {"type": "Point", "coordinates": [99.74, 18.56]}, "properties": {"probability": 0.0329, "prob_ml": 0.0278, "prob_ca": 0.0, "elevation": 565.0, "slope": 1.2}}, {"type": "Feature", "geometry": {"type": "Point", "coordinates": [99.78, 18.56]}, "properties": {"probability": 0.0224, "prob_ml": 0.0189, "prob_ca": 0.0, "elevation": 688.0, "slope": 2.1}}, {"type": "Feature", "geometry": {"type": "Point", "coordinates": [98.14, 18.6]}, "properties": {"probability": 0.0108, "prob_ml": 0.0091, "prob_ca": 0.0, "elevation": 920.0, "slope": 0.3}}, {"type": "Feature", "geometry": {"type": "Point", "coordinates": [98.26, 18.6]}, "properties": {"probability": 0.0105, "prob_ml": 0.0088, "prob_ca": 0.0, "elevation": 1234.0, "slope": 2.0}}, {"type": "Feature", "geometry": {"type": "Point", "coordinates": [98.3, 18.6]}, "properties": {"probability": 0.0281, "prob_ml": 0.0237, "prob_ca": 0.0, "elevation": 1047.0, "slope": 4.0}}, {"type": "Feature", "geometry": {"type": "Point", "coordinates": [98.34, 18.6]}, "properties": {"probability": 0.0653, "prob_ml": 0.0551, "prob_ca": 0.0, "elevation": 633.0, "slope": 3.5}}, {"type": "Feature", "geometry": {"type": "Point", "coordinates": [98.38, 18.6]}, "properties": {"probability": 0.107, "prob_ml": 0.0853, "prob_ca": 0.0077, "elevation": 666.0, "slope": 2.3}}, {"type": "Feature", "geometry": {"type": "Point", "coordinates": [98.42, 18.6]}, "properties": {"probability": 0.2057, "prob_ml": 0.1008, "prob_ca": 0.1094, "elevation": 988.0, "slope": 6.0}}, {"type": "Feature", "geometry": {"type": "Point", "coordinates": [98.46, 18.6]}, "properties": {"probability": 0.3436, "prob_ml": 0.1016, "prob_ca": 0.2828, "elevation": 1460.0, "slope": 6.2}}, {"type": "Feature", "geometry": {"type": "Point", "coordinates": [98.5, 18.6]}, "properties": {"probability": 0.4237, "prob_ml": 0.1023, "prob_ca": 0.3833, "elevation": 1952.0, "slope": 2.2}}, {"type": "Feature", "geometry": {"type": "Point", "coordinates": [98.54, 18.6]}, "properties": {"probability": 0.4191, "prob_ml": 0.1053, "prob_ca": 0.3729, "elevation": 1456.0, "slope": 5.6}}, {"type": "Feature", "geometry": {"type": "Point", "coordinates": [98.58, 18.6]}, "properties": {"probability": 0.3508, "prob_ml": 0.1057, "prob_ca": 0.2858, "elevation": 1167.0, "slope": 3.0}}, {"type": "Feature", "geometry": {"type": "Point", "coordinates": [98.62, 18.6]}, "properties": {"probability": 0.2191, "prob_ml": 0.0962, "prob_ca": 0.1331, "elevation": 960.0, "slope": 2.6}}, {"type": "Feature", "geometry": {"type": "Point", "coordinates": [98.66, 18.6]}, "properties": {"probability": 0.0874, "prob_ml": 0.0671, "prob_ca": 0.01, "elevation": 794.0, "slope": 1.5}}, {"type": "Feature", "geometry": {"type": "Point", "coordinates": [98.7, 18.6]}, "properties": {"probability": 0.032, "prob_ml": 0.027, "prob_ca": 0.0, "elevation": 708.0, "slope": 2.1}}, {"type": "Feature", "geometry": {"type": "Point", "coordinates": [98.74, 18.6]}, "properties": {"probability": 0.0117, "prob_ml": 0.0098, "prob_ca": 0.0, "elevation": 471.0, "slope": 2.7}}, {"type": "Feature", "geometry": {"type": "Point", "coordinates": [98.82, 18.6]}, "properties": {"probability": 0.0123, "prob_ml": 0.0104, "prob_ca": 0.0, "elevation": 305.0, "slope": 0.2}}, {"type": "Feature", "geometry": {"type": "Point", "coordinates": [98.86, 18.6]}, "properties": {"probability": 0.0197, "prob_ml": 0.0166, "prob_ca": 0.0, "elevation": 299.0, "slope": 0.2}}, {"type": "Feature", "geometry": {"type": "Point", "coordinates": [98.9, 18.6]}, "properties": {"probability": 0.0267, "prob_ml": 0.0225, "prob_ca": 0.0, "elevation": 293.0, "slope": 0.1}}, {"type": "Feature", "geometry": {"type": "Point", "coordinates": [98.94, 18.6]}, "properties": {"probability": 0.0346, "prob_ml": 0.0293, "prob_ca": 0.0, "elevation": 289.0, "slope": 0.1}}, {"type": "Feature", "geometry": {"type": "Point", "coordinates": [98.98, 18.6]}, "properties": {"probability": 0.0422, "prob_ml": 0.0356, "prob_ca": 0.0, "elevation": 289.0, "slope": 0.0}}, {"type": "Feature", "geometry": {"type": "Point", "coordinates": [99.02, 18.6]}, "properties": {"probability": 0.0479, "prob_ml": 0.0405, "prob_ca": 0.0, "elevation": 293.0, "slope": 0.1}}, {"type": "Feature", "geometry": {"type": "Point", "coordinates": [99.06, 18.6]}, "properties": {"probability": 0.0492, "prob_ml": 0.0415, "prob_ca": 0.0, "elevation": 315.0, "slope": 0.7}}, {"type": "Feature", "geometry": {"type": "Point", "coordinates": [99.1, 18.6]}, "properties": {"probability": 0.0336, "prob_ml": 0.0284, "prob_ca": 0.0, "elevation": 389.0, "slope": 0.5}}, {"type": "Feature", "geometry": {"type": "Point", "coordinates": [99.14, 18.6]}, "properties": {"probability": 0.018, "prob_ml": 0.0152, "prob_ca": 0.0, "elevation": 383.0, "slope": 0.9}}, {"type": "Feature", "geometry": {"type": "Point", "coordinates": [99.18, 18.6]}, "properties": {"probability": 0.0142, "prob_ml": 0.012, "prob_ca": 0.0, "elevation": 450.0, "slope": 1.7}}, {"type": "Feature", "geometry": {"type": "Point", "coordinates": [99.22, 18.6]}, "properties": {"probability": 0.0104, "prob_ml": 0.0088, "prob_ca": 0.0, "elevation": 520.0, "slope": 0.6}}, {"type": "Feature", "geometry": {"type": "Point", "coordinates": [99.34, 18.6]}, "properties": {"probability": 0.0102, "prob_ml": 0.0087, "prob_ca": 0.0, "elevation": 785.0, "slope": 1.8}}, {"type": "Feature", "geometry": {"type": "Point", "coordinates": [99.38, 18.6]}, "properties": {"probability": 0.0177, "prob_ml": 0.015, "prob_ca": 0.0, "elevation": 693.0, "slope": 2.9}}, {"type": "Feature", "geometry": {"type": "Point", "coordinates": [99.42, 18.6]}, "properties": {"probability": 0.0323, "prob_ml": 0.0273, "prob_ca": 0.0, "elevation": 504.0, "slope": 2.6}}, {"type": "Feature", "geometry": {"type": "Point", "coordinates": [99.46, 18.6]}, "properties": {"probability": 0.0408, "prob_ml": 0.0344, "prob_ca": 0.0, "elevation": 381.0, "slope": 0.8}}, {"type": "Feature", "geometry": {"type": "Point", "coordinates": [99.5, 18.6]}, "properties": {"probability": 0.0421, "prob_ml": 0.0355, "prob_ca": 0.0, "elevation": 420.0, "slope": 0.4}}, {"type": "Feature", "geometry": {"type": "Point", "coordinates": [99.54, 18.6]}, "properties": {"probability": 0.0418, "prob_ml": 0.0353, "prob_ca": 0.0, "elevation": 339.0, "slope": 0.6}}, {"type": "Feature", "geometry": {"type": "Point", "coordinates": [99.58, 18.6]}, "properties": {"probability": 0.04, "prob_ml": 0.0338, "prob_ca": 0.0, "elevation": 360.0, "slope": 0.7}}, {"type": "Feature", "geometry": {"type": "Point", "coordinates": [99.62, 18.6]}, "properties": {"probability": 0.0375, "prob_ml": 0.0317, "prob_ca": 0.0, "elevation": 425.0, "slope": 1.2}}, {"type": "Feature", "geometry": {"type": "Point", "coordinates": [99.66, 18.6]}, "properties": {"probability": 0.0332, "prob_ml": 0.0281, "prob_ca": 0.0, "elevation": 501.0, "slope": 1.4}}, {"type": "Feature", "geometry": {"type": "Point", "coordinates": [99.7, 18.6]}, "properties": {"probability": 0.0241, "prob_ml": 0.0204, "prob_ca": 0.0, "elevation": 575.0, "slope": 0.7}}, {"type": "Feature", "geometry": {"type": "Point", "coordinates": [99.74, 18.6]}, "properties": {"probability": 0.0139, "prob_ml": 0.0117, "prob_ca": 0.0, "elevation": 593.0, "slope": 1.7}}, {"type": "Feature", "geometry": {"type": "Point", "coordinates": [98.3, 18.64]}, "properties": {"probability": 0.0139, "prob_ml": 0.0117, "prob_ca": 0.0, "elevation": 1047.0, "slope": 2.3}}, {"type": "Feature", "geometry": {"type": "Point", "coordinates": [98.34, 18.64]}, "properties": {"probability": 0.0359, "prob_ml": 0.0303, "prob_ca": 0.0, "elevation": 657.0, "slope": 3.4}}, {"type": "Feature", "geometry": {"type": "Point", "coordinates": [98.38, 18.64]}, "properties": {"probability": 0.0708, "prob_ml": 0.0596, "prob_ca": 0.0002, "elevation": 638.0, "slope": 1.4}}, {"type": "Feature", "geometry": {"type": "Point", "coordinates": [98.42, 18.64]}, "properties": {"probability": 0.108, "prob_ml": 0.0825, "prob_ca": 0.013, "elevation": 926.0, "slope": 6.1}}, {"type": "Feature", "geometry": {"type": "Point", "coordinates": [98.46, 18.64]}, "properties": {"probability": 0.1866, "prob_ml": 0.0912, "prob_ca": 0.0995, "elevation": 1316.0, "slope": 3.1}}, {"type": "Feature", "geometry": {"type": "Point", "coordinates": [98.5, 18.64]}, "properties": {"probability": 0.2597, "prob_ml": 0.0941, "prob_ca": 0.1878, "elevation": 1460.0, "slope": 4.2}}, {"type": "Feature", "geometry": {"type": "Point", "coordinates": [98.54, 18.64]}, "properties": {"probability": 0.2587, "prob_ml": 0.0965, "prob_ca": 0.183, "elevation": 1202.0, "slope": 4.0}}, {"type": "Feature", "geometry": {"type": "Point", "coordinates": [98.58, 18.64]}, "properties": {"probability": 0.1991, "prob_ml": 0.0897, "prob_ca": 0.1176, "elevation": 967.0, "slope": 3.4}}, {"type": "Feature", "geometry": {"type": "Point", "coordinates": [98.62, 18.64]}, "properties": {"probability": 0.1027, "prob_ml": 0.0673, "prob_ca": 0.0291, "elevation": 773.0, "slope": 2.5}}, {"type": "Feature", "geometry": {"type": "Point", "coordinates": [98.66, 18.64]}, "properties": {"probability": 0.0446, "prob_ml": 0.0369, "prob_ca": 0.0011, "elevation": 630.0, "slope": 1.6}}, {"type": "Feature", "geometry": {"type": "Point", "coordinates": [98.7, 18.64]}, "properties": {"probability": 0.0168, "prob_ml": 0.0142, "prob_ca": 0.0, "elevation": 541.0, "slope": 1.0}}, {"type": "Feature", "geometry": {"type": "Point", "coordinates": [98.78, 18.64]}, "properties": {"probability": 0.0115, "prob_ml": 0.0097, "prob_ca": 0.0, "elevation": 417.0, "slope": 2.2}}, {"type": "Feature", "geometry": {"type": "Point", "coordinates": [98.82, 18.64]}, "properties": {"probability": 0.0237, "prob_ml": 0.02, "prob_ca": 0.0, "elevation": 331.0, "slope": 0.4}}, {"type": "Feature", "geometry": {"type": "Point", "coordinates": [98.86, 18.64]}, "properties": {"probability": 0.0433, "prob_ml": 0.0365, "prob_ca": 0.0, "elevation": 321.0, "slope": 0.4}}, {"type": "Feature", "geometry": {"type": "Point", "coordinates": [98.9, 18.64]}, "properties": {"probability": 0.0516, "prob_ml": 0.0436, "prob_ca": 0.0, "elevation": 300.0, "slope": 0.2}}, {"type": "Feature", "geometry": {"type": "Point", "coordinates": [98.94, 18.64]}, "properties": {"probability": 0.0503, "prob_ml": 0.0425, "prob_ca": 0.0, "elevation": 294.0, "slope": 0.1}}, {"type": "Feature", "geometry": {"type": "Point", "coordinates": [98.98, 18.64]}, "properties": {"probability": 0.0511, "prob_ml": 0.043, "prob_ca": 0.0002, "elevation": 294.0, "slope": 0.1}}, {"type": "Feature", "geometry": {"type": "Point", "coordinates": [99.02, 18.64]}, "properties": {"probability": 0.0566, "prob_ml": 0.0477, "prob_ca": 0.0001, "elevation": 295.0, "slope": 0.0}}, {"type": "Feature", "geometry": {"type": "Point", "coordinates": [99.06, 18.64]}, "properties": {"probability": 0.057, "prob_ml": 0.0482, "prob_ca": 0.0, "elevation": 299.0, "slope": 0.2}}, {"type": "Feature", "geometry": {"type": "Point", "coordinates": [99.1, 18.64]}, "properties": {"probability": 0.0414, "prob_ml": 0.035, "prob_ca": 0.0, "elevation": 317.0, "slope": 0.7}}, {"type": "Feature", "geometry": {"type": "Point", "coordinates": [99.14, 18.64]}, "properties": {"probability": 0.0217, "prob_ml": 0.0183, "prob_ca": 0.0, "elevation": 329.0, "slope": 1.0}}, {"type": "Feature", "geometry": {"type": "Point", "coordinates": [99.18, 18.64]}, "properties": {"probability": 0.0118, "prob_ml": 0.0099, "prob_ca": 0.0, "elevation": 504.0, "slope": 3.0}}, {"type": "Feature", "geometry": {"type": "Point", "coordinates": [99.34, 18.64]}, "properties": {"probability": 0.0105, "prob_ml": 0.0089, "prob_ca": 0.0, "elevation": 745.0, "slope": 1.5}}, {"type": "Feature", "geometry": {"type": "Point", "coordinates": [99.38, 18.64]}, "properties": {"probability": 0.0138, "prob_ml": 0.0117, "prob_ca": 0.0, "elevation": 751.0, "slope": 0.9}}, {"type": "Feature", "geometry": {"type": "Point", "coordinates": [99.42, 18.64]}, "properties": {"probability": 0.0204, "prob_ml": 0.0172, "prob_ca": 0.0, "elevation": 632.0, "slope": 2.8}}, {"type": "Feature", "geometry": {"type": "Point", "coordinates": [99.46, 18.64]}, "properties": {"probability": 0.0267, "prob_ml": 0.0225, "prob_ca": 0.0, "elevation": 470.0, "slope": 1.7}}, {"type": "Feature", "geometry": {"type": "Point", "coordinates": [99.5, 18.64]}, "properties": {"probability": 0.0277, "prob_ml": 0.0234, "prob_ca": 0.0, "elevation": 387.0, "slope": 1.1}}, {"type": "Feature", "geometry": {"type": "Point", "coordinates": [99.54, 18.64]}, "properties": {"probability": 0.0271, "prob_ml": 0.0229, "prob_ca": 0.0, "elevation": 312.0, "slope": 0.5}}, {"type": "Feature", "geometry": {"type": "Point", "coordinates": [99.58, 18.64]}, "properties": {"probability": 0.0234, "prob_ml": 0.0198, "prob_ca": 0.0, "elevation": 344.0, "slope": 0.9}}, {"type": "Feature", "geometry": {"type": "Point", "coordinates": [99.62, 18.64]}, "properties": {"probability": 0.0176, "prob_ml": 0.0148, "prob_ca": 0.0, "elevation": 435.0, "slope": 1.5}}, {"type": "Feature", "geometry": {"type": "Point", "coordinates": [99.66, 18.64]}, "properties": {"probability": 0.0126, "prob_ml": 0.0106, "prob_ca": 0.0, "elevation": 528.0, "slope": 0.7}}, {"type": "Feature", "geometry": {"type": "Point", "coordinates": [98.34, 18.68]}, "properties": {"probability": 0.0156, "prob_ml": 0.0132, "prob_ca": 0.0, "elevation": 690.0, "slope": 1.7}}, {"type": "Feature", "geometry": {"type": "Point", "coordinates": [98.38, 18.68]}, "properties": {"probability": 0.0298, "prob_ml": 0.0252, "prob_ca": 0.0, "elevation": 674.0, "slope": 0.9}}, {"type": "Feature", "geometry": {"type": "Point", "coordinates": [98.42, 18.68]}, "properties": {"probability": 0.0508, "prob_ml": 0.0428, "prob_ca": 0.0001, "elevation": 933.0, "slope": 6.2}}, {"type": "Feature", "geometry": {"type": "Point", "coordinates": [98.46, 18.68]}, "properties": {"probability": 0.0688, "prob_ml": 0.0554, "prob_ca": 0.004, "elevation": 1331.0, "slope": 3.2}}, {"type": "Feature", "geometry": {"type": "Point", "coordinates": [98.5, 18.68]}, "properties": {"probability": 0.0838, "prob_ml": 0.0614, "prob_ca": 0.014, "elevation": 1486.0, "slope": 2.8}}, {"type": "Feature", "geometry": {"type": "Point", "coordinates": [98.54, 18.68]}, "properties": {"probability": 0.086, "prob_ml": 0.0621, "prob_ca": 0.0158, "elevation": 1156.0, "slope": 3.7}}, {"type": "Feature", "geometry": {"type": "Point", "coordinates": [98.58, 18.68]}, "properties": {"probability": 0.0631, "prob_ml": 0.0489, "prob_ca": 0.0065, "elevation": 953.0, "slope": 2.2}}, {"type": "Feature", "geometry": {"type": "Point", "coordinates": [98.62, 18.68]}, "properties": {"probability": 0.035, "prob_ml": 0.029, "prob_ca": 0.0007, "elevation": 830.0, "slope": 2.1}}, {"type": "Feature", "geometry": {"type": "Point", "coordinates": [98.66, 18.68]}, "properties": {"probability": 0.0173, "prob_ml": 0.0146, "prob_ca": 0.0, "elevation": 747.0, "slope": 2.9}}, {"type": "Feature", "geometry": {"type": "Point", "coordinates": [98.7, 18.68]}, "properties": {"probability": 0.0104, "prob_ml": 0.0088, "prob_ca": 0.0, "elevation": 673.0, "slope": 3.1}}, {"type": "Feature", "geometry": {"type": "Point", "coordinates": [98.78, 18.68]}, "properties": {"probability": 0.0202, "prob_ml": 0.017, "prob_ca": 0.0, "elevation": 452.0, "slope": 2.4}}, {"type": "Feature", "geometry": {"type": "Point", "coordinates": [98.82, 18.68]}, "properties": {"probability": 0.0476, "prob_ml": 0.0402, "prob_ca": 0.0, "elevation": 365.0, "slope": 0.5}}, {"type": "Feature", "geometry": {"type": "Point", "coordinates": [98.86, 18.68]}, "properties": {"probability": 0.0702, "prob_ml": 0.059, "prob_ca": 0.0004, "elevation": 358.0, "slope": 0.7}}, {"type": "Feature", "geometry": {"type": "Point", "coordinates": [98.9, 18.68]}, "properties": {"probability": 0.0772, "prob_ml": 0.0593, "prob_ca": 0.0088, "elevation": 314.0, "slope": 0.4}}, {"type": "Feature", "geometry": {"type": "Point", "coordinates": [98.94, 18.68]}, "properties": {"probability": 0.0916, "prob_ml": 0.053, "prob_ca": 0.0364, "elevation": 304.0, "slope": 0.2}}, {"type": "Feature", "geometry": {"type": "Point", "coordinates": [98.98, 18.68]}, "properties": {"probability": 0.1095, "prob_ml": 0.0513, "prob_ca": 0.0617, "elevation": 299.0, "slope": 0.1}}, {"type": "Feature", "geometry": {"type": "Point", "coordinates": [99.02, 18.68]}, "properties": {"probability": 0.0993, "prob_ml": 0.0509, "prob_ca": 0.0494, "elevation": 296.0, "slope": 0.0}}, {"type": "Feature", "geometry": {"type": "Point", "coordinates": [99.06, 18.68]}, "properties": {"probability": 0.0665, "prob_ml": 0.0445, "prob_ca": 0.0174, "elevation": 296.0, "slope": 0.0}}, {"type": "Feature", "geometry": {"type": "Point", "coordinates": [99.1, 18.68]}, "properties": {"probability": 0.0477, "prob_ml": 0.0392, "prob_ca": 0.0016, "elevation": 300.0, "slope": 0.1}}, {"type": "Feature", "geometry": {"type": "Point", "coordinates": [99.14, 18.68]}, "properties": {"probability": 0.0368, "prob_ml": 0.0311, "prob_ca": 0.0, "elevation": 314.0, "slope": 0.6}}, {"type": "Feature", "geometry": {"type": "Point", "coordinates": [99.18, 18.68]}, "properties": {"probability": 0.0188, "prob_ml": 0.0159, "prob_ca": 0.0, "elevation": 434.0, "slope": 2.5}}, {"type": "Feature", "geometry": {"type": "Point", "coordinates": [99.38, 18.68]}, "properties": {"probability": 0.0118, "prob_ml": 0.0099, "prob_ca": 0.0, "elevation": 773.0, "slope": 0.2}}, {"type": "Feature", "geometry": {"type": "Point", "coordinates": [99.42, 18.68]}, "properties": {"probability": 0.0111, "prob_ml": 0.0094, "prob_ca": 0.0, "elevation": 686.0, "slope": 2.1}}, {"type": "Feature", "geometry": {"type": "Point", "coordinates": [98.34, 18.72]}, "properties": {"probability": 0.0125, "prob_ml": 0.0106, "prob_ca": 0.0, "elevation": 713.0, "slope": 1.1}}, {"type": "Feature", "geometry": {"type": "Point", "coordinates": [98.38, 18.72]}, "properties": {"probability": 0.0143, "prob_ml": 0.0121, "prob_ca": 0.0, "elevation": 715.0, "slope": 0.7}}, {"type": "Feature", "geometry": {"type": "Point", "coordinates": [98.42, 18.72]}, "properties": {"probability": 0.0167, "prob_ml": 0.0141, "prob_ca": 0.0, "elevation": 978.0, "slope": 6.2}}, {"type": "Feature", "geometry": {"type": "Point", "coordinates": [98.46, 18.72]}, "properties": {"probability": 0.0212, "prob_ml": 0.0179, "prob_ca": 0.0, "elevation": 1371.0, "slope": 2.8}}, {"type": "Feature", "geometry": {"type": "Point", "coordinates": [98.5, 18.72]}, "properties": {"probability": 0.0244, "prob_ml": 0.0206, "prob_ca": 0.0, "elevation": 1501.0, "slope": 2.5}}, {"type": "Feature", "geometry": {"type": "Point", "coordinates": [98.54, 18.72]}, "properties": {"probability": 0.0254, "prob_ml": 0.0214, "prob_ca": 0.0, "elevation": 1200.0, "slope": 3.2}}, {"type": "Feature", "geometry": {"type": "Point", "coordinates": [98.58, 18.72]}, "properties": {"probability": 0.0221, "prob_ml": 0.0186, "prob_ca": 0.0, "elevation": 1081.0, "slope": 2.8}}, {"type": "Feature", "geometry": {"type": "Point", "coordinates": [98.62, 18.72]}, "properties": {"probability": 0.0167, "prob_ml": 0.0141, "prob_ca": 0.0, "elevation": 1005.0, "slope": 3.0}}, {"type": "Feature", "geometry": {"type": "Point", "coordinates": [98.66, 18.72]}, "properties": {"probability": 0.0113, "prob_ml": 0.0095, "prob_ca": 0.0, "elevation": 921.0, "slope": 1.9}}, {"type": "Feature", "geometry": {"type": "Point", "coordinates": [98.74, 18.72]}, "properties": {"probability": 0.0123, "prob_ml": 0.0103, "prob_ca": 0.0, "elevation": 673.0, "slope": 2.5}}, {"type": "Feature", "geometry": {"type": "Point", "coordinates": [98.78, 18.72]}, "properties": {"probability": 0.0345, "prob_ml": 0.0291, "prob_ca": 0.0, "elevation": 522.0, "slope": 2.3}}, {"type": "Feature", "geometry": {"type": "Point", "coordinates": [98.82, 18.72]}, "properties": {"probability": 0.0729, "prob_ml": 0.0615, "prob_ca": 0.0001, "elevation": 455.0, "slope": 1.9}}, {"type": "Feature", "geometry": {"type": "Point", "coordinates": [98.86, 18.72]}, "properties": {"probability": 0.1066, "prob_ml": 0.0785, "prob_ca": 0.0173, "elevation": 438.0, "slope": 1.7}}, {"type": "Feature", "geometry": {"type": "Point", "coordinates": [98.9, 18.72]}, "properties": {"probability": 0.2001, "prob_ml": 0.0746, "prob_ca": 0.1414, "elevation": 362.0, "slope": 1.3}}, {"type": "Feature", "geometry": {"type": "Point", "coordinates": [98.94, 18.72]}, "properties": {"probability": 0.2981, "prob_ml": 0.0647, "prob_ca": 0.2805, "elevation": 320.0, "slope": 0.5}}, {"type": "Feature", "geometry": {"type": "Point", "coordinates": [98.98, 18.72]}, "properties": {"probability": 0.3374, "prob_ml": 0.0569, "prob_ca": 0.342, "elevation": 304.0, "slope": 0.1}}, {"type": "Feature", "geometry": {"type": "Point", "coordinates": [99.02, 18.72]}, "properties": {"probability": 0.2996, "prob_ml": 0.0487, "prob_ca": 0.3065, "elevation": 300.0, "slope": 0.1}}, {"type": "Feature", "geometry": {"type": "Point", "coordinates": [99.06, 18.72]}, "properties": {"probability": 0.196, "prob_ml": 0.04, "prob_ca": 0.1882, "elevation": 299.0, "slope": 0.1}}, {"type": "Feature", "geometry": {"type": "Point", "coordinates": [99.1, 18.72]}, "properties": {"probability": 0.0803, "prob_ml": 0.0406, "prob_ca": 0.0408, "elevation": 301.0, "slope": 0.1}}, {"type": "Feature", "geometry": {"type": "Point", "coordinates": [99.14, 18.72]}, "properties": {"probability": 0.0508, "prob_ml": 0.0422, "prob_ca": 0.001, "elevation": 314.0, "slope": 0.4}}, {"type": "Feature", "geometry": {"type": "Point", "coordinates": [99.18, 18.72]}, "properties": {"probability": 0.0295, "prob_ml": 0.0249, "prob_ca": 0.0, "elevation": 383.0, "slope": 1.1}}, {"type": "Feature", "geometry": {"type": "Point", "coordinates": [99.22, 18.72]}, "properties": {"probability": 0.0121, "prob_ml": 0.0102, "prob_ca": 0.0, "elevation": 441.0, "slope": 0.6}}, {"type": "Feature", "geometry": {"type": "Point", "coordinates": [99.38, 18.72]}, "properties": {"probability": 0.0137, "prob_ml": 0.0116, "prob_ca": 0.0, "elevation": 818.0, "slope": 1.0}}, {"type": "Feature", "geometry": {"type": "Point", "coordinates": [99.42, 18.72]}, "properties": {"probability": 0.0168, "prob_ml": 0.0142, "prob_ca": 0.0, "elevation": 741.0, "slope": 2.5}}, {"type": "Feature", "geometry": {"type": "Point", "coordinates": [98.34, 18.76]}, "properties": {"probability": 0.0111, "prob_ml": 0.0093, "prob_ca": 0.0, "elevation": 723.0, "slope": 2.5}}, {"type": "Feature", "geometry": {"type": "Point", "coordinates": [98.38, 18.76]}, "properties": {"probability": 0.0112, "prob_ml": 0.0094, "prob_ca": 0.0, "elevation": 724.0, "slope": 1.3}}, {"type": "Feature", "geometry": {"type": "Point", "coordinates": [98.54, 18.76]}, "properties": {"probability": 0.0108, "prob_ml": 0.0092, "prob_ca": 0.0, "elevation": 1257.0, "slope": 1.4}}, {"type": "Feature", "geometry": {"type": "Point", "coordinates": [98.58, 18.76]}, "properties": {"probability": 0.013, "prob_ml": 0.011, "prob_ca": 0.0, "elevation": 1215.0, "slope": 0.2}}, {"type": "Feature", "geometry": {"type": "Point", "coordinates": [98.62, 18.76]}, "properties": {"probability": 0.0122, "prob_ml": 0.0103, "prob_ca": 0.0, "elevation": 1126.0, "slope": 2.3}}, {"type": "Feature", "geometry": {"type": "Point", "coordinates": [98.66, 18.76]}, "properties": {"probability": 0.0104, "prob_ml": 0.0088, "prob_ca": 0.0, "elevation": 980.0, "slope": 1.9}}, {"type": "Feature", "geometry": {"type": "Point", "coordinates": [98.7, 18.76]}, "properties": {"probability": 0.0103, "prob_ml": 0.0087, "prob_ca": 0.0, "elevation": 893.0, "slope": 3.4}}, {"type": "Feature", "geometry": {"type": "Point", "coordinates": [98.74, 18.76]}, "properties": {"probability": 0.0174, "prob_ml": 0.0147, "prob_ca": 0.0, "elevation": 707.0, "slope": 2.0}}, {"type": "Feature", "geometry": {"type": "Point", "coordinates": [98.78, 18.76]}, "properties": {"probability": 0.0534, "prob_ml": 0.0451, "prob_ca": 0.0, "elevation": 629.0, "slope": 1.3}}, {"type": "Feature", "geometry": {"type": "Point", "coordinates": [98.82, 18.76]}, "properties": {"probability": 0.0972, "prob_ml": 0.0813, "prob_ca": 0.0012, "elevation": 592.0, "slope": 1.6}}, {"type": "Feature", "geometry": {"type": "Point", "coordinates": [98.86, 18.76]}, "properties": {"probability": 0.1785, "prob_ml": 0.0969, "prob_ca": 0.0808, "elevation": 572.0, "slope": 2.2}}, {"type": "Feature", "geometry": {"type": "Point", "coordinates": [98.9, 18.76]}, "properties": {"probability": 0.3804, "prob_ml": 0.0967, "prob_ca": 0.3368, "elevation": 590.0, "slope": 6.9}}, {"type": "Feature", "geometry": {"type": "Point", "coordinates": [98.94, 18.76]}, "properties": {"probability": 0.5271, "prob_ml": 0.0836, "prob_ca": 0.5423, "elevation": 373.0, "slope": 2.6}}, {"type": "Feature", "geometry": {"type": "Point", "coordinates": [98.98, 18.76]}, "properties": {"probability": 0.5796, "prob_ml": 0.0634, "prob_ca": 0.6391, "elevation": 312.0, "slope": 0.2}}, {"type": "Feature", "geometry": {"type": "Point", "coordinates": [99.02, 18.76]}, "properties": {"probability": 0.5027, "prob_ml": 0.0469, "prob_ca": 0.5664, "elevation": 305.0, "slope": 0.1}}, {"type": "Feature", "geometry": {"type": "Point", "coordinates": [99.06, 18.76]}, "properties": {"probability": 0.3441, "prob_ml": 0.0392, "prob_ca": 0.377, "elevation": 304.0, "slope": 0.0}}, {"type": "Feature", "geometry": {"type": "Point", "coordinates": [99.1, 18.76]}, "properties": {"probability": 0.1795, "prob_ml": 0.0419, "prob_ca": 0.1646, "elevation": 304.0, "slope": 0.1}}, {"type": "Feature", "geometry": {"type": "Point", "coordinates": [99.14, 18.76]}, "properties": {"probability": 0.0667, "prob_ml": 0.0484, "prob_ca": 0.0119, "elevation": 317.0, "slope": 0.4}}, {"type": "Feature", "geometry": {"type": "Point", "coordinates": [99.18, 18.76]}, "properties": {"probability": 0.0402, "prob_ml": 0.0339, "prob_ca": 0.0, "elevation": 390.0, "slope": 1.2}}, {"type": "Feature", "geometry": {"type": "Point", "coordinates": [99.22, 18.76]}, "properties": {"probability": 0.0155, "prob_ml": 0.0131, "prob_ca": 0.0, "elevation": 414.0, "slope": 0.6}}, {"type": "Feature", "geometry": {"type": "Point", "coordinates": [99.3, 18.76]}, "properties": {"probability": 0.0132, "prob_ml": 0.0112, "prob_ca": 0.0, "elevation": 589.0, "slope": 2.5}}, {"type": "Feature", "geometry": {"type": "Point", "coordinates": [99.34, 18.76]}, "properties": {"probability": 0.0205, "prob_ml": 0.0173, "prob_ca": 0.0, "elevation": 812.0, "slope": 2.7}}, {"type": "Feature", "geometry": {"type": "Point", "coordinates": [99.38, 18.76]}, "properties": {"probability": 0.0289, "prob_ml": 0.0244, "prob_ca": 0.0, "elevation": 884.0, "slope": 0.6}}, {"type": "Feature", "geometry": {"type": "Point", "coordinates": [99.42, 18.76]}, "properties": {"probability": 0.0311, "prob_ml": 0.0263, "prob_ca": 0.0, "elevation": 779.0, "slope": 3.0}}, {"type": "Feature", "geometry": {"type": "Point", "coordinates": [99.46, 18.76]}, "properties": {"probability": 0.0176, "prob_ml": 0.0148, "prob_ca": 0.0, "elevation": 563.0, "slope": 2.5}}, {"type": "Feature", "geometry": {"type": "Point", "coordinates": [98.54, 18.8]}, "properties": {"probability": 0.0102, "prob_ml": 0.0086, "prob_ca": 0.0, "elevation": 1295.0, "slope": 2.1}}, {"type": "Feature", "geometry": {"type": "Point", "coordinates": [98.58, 18.8]}, "properties": {"probability": 0.0109, "prob_ml": 0.0092, "prob_ca": 0.0, "elevation": 1135.0, "slope": 2.5}}, {"type": "Feature", "geometry": {"type": "Point", "coordinates": [98.62, 18.8]}, "properties": {"probability": 0.0106, "prob_ml": 0.009, "prob_ca": 0.0, "elevation": 981.0, "slope": 2.5}}, {"type": "Feature", "geometry": {"type": "Point", "coordinates": [98.66, 18.8]}, "properties": {"probability": 0.0103, "prob_ml": 0.0087, "prob_ca": 0.0, "elevation": 803.0, "slope": 3.4}}, {"type": "Feature", "geometry": {"type": "Point", "coordinates": [98.7, 18.8]}, "properties": {"probability": 0.0102, "prob_ml": 0.0086, "prob_ca": 0.0, "elevation": 535.0, "slope": 2.4}}, {"type": "Feature", "geometry": {"type": "Point", "coordinates": [98.74, 18.8]}, "properties": {"probability": 0.0204, "prob_ml": 0.0172, "prob_ca": 0.0, "elevation": 631.0, "slope": 1.4}}, {"type": "Feature", "geometry": {"type": "Point", "coordinates": [98.78, 18.8]}, "properties": {"probability": 0.0652, "prob_ml": 0.0551, "prob_ca": 0.0, "elevation": 713.0, "slope": 2.0}}, {"type": "Feature", "geometry": {"type": "Point", "coordinates": [98.82, 18.8]}, "properties": {"probability": 0.1144, "prob_ml": 0.0941, "prob_ca": 0.0038, "elevation": 703.0, "slope": 3.5}}, {"type": "Feature", "geometry": {"type": "Point", "coordinates": [98.86, 18.8]}, "properties": {"probability": 0.2319, "prob_ml": 0.107, "prob_ca": 0.1333, "elevation": 757.0, "slope": 5.8}}, {"type": "Feature", "geometry": {"type": "Point", "coordinates": [98.9, 18.8]}, "properties": {"probability": 0.466, "prob_ml": 0.1082, "prob_ca": 0.428, "elevation": 1264.0, "slope": 4.6}}, {"type": "Feature", "geometry": {"type": "Point", "coordinates": [98.94, 18.8]}, "properties": {"probability": 0.6574, "prob_ml": 0.0969, "prob_ca": 0.6873, "elevation": 526.0, "slope": 7.3}}, {"type": "Feature", "geometry": {"type": "Point", "coordinates": [98.98, 18.8]}, "properties": {"probability": 0.8708, "prob_ml": 0.0686, "prob_ca": 1.0, "elevation": 322.0, "slope": 0.3}}, {"type": "Feature", "geometry": {"type": "Point", "coordinates": [99.02, 18.8]}, "properties": {"probability": 0.6187, "prob_ml": 0.0454, "prob_ca": 0.7156, "elevation": 308.0, "slope": 0.0}}, {"type": "Feature", "geometry": {"type": "Point", "coordinates": [99.06, 18.8]}, "properties": {"probability": 0.4221, "prob_ml": 0.0381, "prob_ca": 0.4775, "elevation": 307.0, "slope": 0.1}}, {"type": "Feature", "geometry": {"type": "Point", "coordinates": [99.1, 18.8]}, "properties": {"probability": 0.2439, "prob_ml": 0.0419, "prob_ca": 0.246, "elevation": 307.0, "slope": 0.1}}, {"type": "Feature", "geometry": {"type": "Point", "coordinates": [99.14, 18.8]}, "properties": {"probability": 0.0872, "prob_ml": 0.0497, "prob_ca": 0.036, "elevation": 319.0, "slope": 0.4}}, {"type": "Feature", "geometry": {"type": "Point", "coordinates": [99.18, 18.8]}, "properties": {"probability": 0.0429, "prob_ml": 0.0363, "prob_ca": 0.0, "elevation": 389.0, "slope": 1.2}}, {"type": "Feature", "geometry": {"type": "Point", "coordinates": [99.22, 18.8]}, "properties": {"probability": 0.0172, "prob_ml": 0.0145, "prob_ca": 0.0, "elevation": 427.0, "slope": 0.5}}, {"type": "Feature", "geometry": {"type": "Point", "coordinates": [99.26, 18.8]}, "properties": {"probability": 0.0151, "prob_ml": 0.0128, "prob_ca": 0.0, "elevation": 452.0, "slope": 1.5}}, {"type": "Feature", "geometry": {"type": "Point", "coordinates": [99.3, 18.8]}, "properties": {"probability": 0.0308, "prob_ml": 0.026, "prob_ca": 0.0, "elevation": 588.0, "slope": 3.3}}, {"type": "Feature", "geometry": {"type": "Point", "coordinates": [99.34, 18.8]}, "properties": {"probability": 0.0462, "prob_ml": 0.039, "prob_ca": 0.0, "elevation": 952.0, "slope": 3.4}}, {"type": "Feature", "geometry": {"type": "Point", "coordinates": [99.38, 18.8]}, "properties": {"probability": 0.0479, "prob_ml": 0.0404, "prob_ca": 0.0, "elevation": 912.0, "slope": 3.1}}, {"type": "Feature", "geometry": {"type": "Point", "coordinates": [99.42, 18.8]}, "properties": {"probability": 0.0375, "prob_ml": 0.0316, "prob_ca": 0.0, "elevation": 695.0, "slope": 3.8}}, {"type": "Feature", "geometry": {"type": "Point", "coordinates": [99.46, 18.8]}, "properties": {"probability": 0.0195, "prob_ml": 0.0164, "prob_ca": 0.0, "elevation": 477.0, "slope": 2.1}}, {"type": "Feature", "geometry": {"type": "Point", "coordinates": [98.26, 18.84]}, "properties": {"probability": 0.0102, "prob_ml": 0.0087, "prob_ca": 0.0, "elevation": 952.0, "slope": 0.8}}, {"type": "Feature", "geometry": {"type": "Point", "coordinates": [98.3, 18.84]}, "properties": {"probability": 0.0101, "prob_ml": 0.0085, "prob_ca": 0.0, "elevation": 1026.0, "slope": 1.7}}, {"type": "Feature", "geometry": {"type": "Point", "coordinates": [98.5, 18.84]}, "properties": {"probability": 0.0117, "prob_ml": 0.0098, "prob_ca": 0.0, "elevation": 1451.0, "slope": 0.9}}, {"type": "Feature", "geometry": {"type": "Point", "coordinates": [98.54, 18.84]}, "properties": {"probability": 0.0135, "prob_ml": 0.0114, "prob_ca": 0.0, "elevation": 1162.0, "slope": 3.6}}, {"type": "Feature", "geometry": {"type": "Point", "coordinates": [98.58, 18.84]}, "properties": {"probability": 0.0113, "prob_ml": 0.0095, "prob_ca": 0.0, "elevation": 991.0, "slope": 2.5}}, {"type": "Feature", "geometry": {"type": "Point", "coordinates": [98.74, 18.84]}, "properties": {"probability": 0.0183, "prob_ml": 0.0155, "prob_ca": 0.0, "elevation": 591.0, "slope": 1.6}}, {"type": "Feature", "geometry": {"type": "Point", "coordinates": [98.78, 18.84]}, "properties": {"probability": 0.0598, "prob_ml": 0.0505, "prob_ca": 0.0, "elevation": 901.0, "slope": 5.5}}, {"type": "Feature", "geometry": {"type": "Point", "coordinates": [98.82, 18.84]}, "properties": {"probability": 0.113, "prob_ml": 0.0918, "prob_ca": 0.0054, "elevation": 1098.0, "slope": 3.1}}, {"type": "Feature", "geometry": {"type": "Point", "coordinates": [98.86, 18.84]}, "properties": {"probability": 0.2535, "prob_ml": 0.1066, "prob_ca": 0.1612, "elevation": 1125.0, "slope": 2.5}}, {"type": "Feature", "geometry": {"type": "Point", "coordinates": [98.9, 18.84]}, "properties": {"probability": 0.4705, "prob_ml": 0.1082, "prob_ca": 0.4336, "elevation": 1264.0, "slope": 4.4}}, {"type": "Feature", "geometry": {"type": "Point", "coordinates": [98.94, 18.84]}, "properties": {"probability": 0.6282, "prob_ml": 0.0971, "prob_ca": 0.65, "elevation": 524.0, "slope": 7.2}}, {"type": "Feature", "geometry": {"type": "Point", "coordinates": [98.98, 18.84]}, "properties": {"probability": 0.6668, "prob_ml": 0.0656, "prob_ca": 0.7462, "elevation": 321.0, "slope": 0.3}}, {"type": "Feature", "geometry": {"type": "Point", "coordinates": [99.02, 18.84]}, "properties": {"probability": 0.585, "prob_ml": 0.0423, "prob_ca": 0.6775, "elevation": 311.0, "slope": 0.1}}, {"type": "Feature", "geometry": {"type": "Point", "coordinates": [99.06, 18.84]}, "properties": {"probability": 0.4216, "prob_ml": 0.038, "prob_ca": 0.4771, "elevation": 315.0, "slope": 0.1}}, {"type": "Feature", "geometry": {"type": "Point", "coordinates": [99.1, 18.84]}, "properties": {"probability": 0.2565, "prob_ml": 0.0437, "prob_ca": 0.2593, "elevation": 317.0, "slope": 0.2}}, {"type": "Feature", "geometry": {"type": "Point", "coordinates": [99.14, 18.84]}, "properties": {"probability": 0.0957, "prob_ml": 0.0485, "prob_ca": 0.0484, "elevation": 334.0, "slope": 0.5}}, {"type": "Feature", "geometry": {"type": "Point", "coordinates": [99.18, 18.84]}, "properties": {"probability": 0.0385, "prob_ml": 0.0325, "prob_ca": 0.0, "elevation": 418.0, "slope": 1.4}}, {"type": "Feature", "geometry": {"type": "Point", "coordinates": [99.22, 18.84]}, "properties": {"probability": 0.0222, "prob_ml": 0.0187, "prob_ca": 0.0, "elevation": 485.0, "slope": 0.7}}, {"type": "Feature", "geometry": {"type": "Point", "coordinates": [99.26, 18.84]}, "properties": {"probability": 0.0305, "prob_ml": 0.0258, "prob_ca": 0.0, "elevation": 536.0, "slope": 1.6}}, {"type": "Feature", "geometry": {"type": "Point", "coordinates": [99.3, 18.84]}, "properties": {"probability": 0.0506, "prob_ml": 0.0427, "prob_ca": 0.0, "elevation": 664.0, "slope": 3.6}}, {"type": "Feature", "geometry": {"type": "Point", "coordinates": [99.34, 18.84]}, "properties": {"probability": 0.0574, "prob_ml": 0.0485, "prob_ca": 0.0, "elevation": 1084.0, "slope": 4.3}}, {"type": "Feature", "geometry": {"type": "Point", "coordinates": [99.38, 18.84]}, "properties": {"probability": 0.0451, "prob_ml": 0.0381, "prob_ca": 0.0, "elevation": 1221.0, "slope": 2.7}}, {"type": "Feature", "geometry": {"type": "Point", "coordinates": [99.42, 18.84]}, "properties": {"probability": 0.0337, "prob_ml": 0.0284, "prob_ca": 0.0, "elevation": 1070.0, "slope": 5.6}}, {"type": "Feature", "geometry": {"type": "Point", "coordinates": [99.46, 18.84]}, "properties": {"probability": 0.0189, "prob_ml": 0.016, "prob_ca": 0.0, "elevation": 730.0, "slope": 5.0}}, {"type": "Feature", "geometry": {"type": "Point", "coordinates": [98.34, 18.88]}, "properties": {"probability": 0.0106, "prob_ml": 0.0089, "prob_ca": 0.0, "elevation": 899.0, "slope": 1.9}}, {"type": "Feature", "geometry": {"type": "Point", "coordinates": [98.5, 18.88]}, "properties": {"probability": 0.0126, "prob_ml": 0.0106, "prob_ca": 0.0, "elevation": 1320.0, "slope": 2.3}}, {"type": "Feature", "geometry": {"type": "Point", "coordinates": [98.54, 18.88]}, "properties": {"probability": 0.0146, "prob_ml": 0.0123, "prob_ca": 0.0, "elevation": 1037.0, "slope": 3.6}}, {"type": "Feature", "geometry": {"type": "Point", "coordinates": [98.58, 18.88]}, "properties": {"probability": 0.0114, "prob_ml": 0.0097, "prob_ca": 0.0, "elevation": 844.0, "slope": 2.8}}, {"type": "Feature", "geometry": {"type": "Point", "coordinates": [98.74, 18.88]}, "properties": {"probability": 0.0141, "prob_ml": 0.0119, "prob_ca": 0.0, "elevation": 672.0, "slope": 1.6}}, {"type": "Feature", "geometry": {"type": "Point", "coordinates": [98.78, 18.88]}, "properties": {"probability": 0.0422, "prob_ml": 0.0357, "prob_ca": 0.0, "elevation": 919.0, "slope": 4.5}}, {"type": "Feature", "geometry": {"type": "Point", "coordinates": [98.82, 18.88]}, "properties": {"probability": 0.0934, "prob_ml": 0.0757, "prob_ca": 0.0048, "elevation": 1022.0, "slope": 3.5}}, {"type": "Feature", "geometry": {"type": "Point", "coordinates": [98.86, 18.88]}, "properties": {"probability": 0.2302, "prob_ml": 0.1001, "prob_ca": 0.1415, "elevation": 886.0, "slope": 5.9}}, {"type": "Feature", "geometry": {"type": "Point", "coordinates": [98.9, 18.88]}, "properties": {"probability": 0.4034, "prob_ml": 0.1023, "prob_ca": 0.3575, "elevation": 780.0, "slope": 8.8}}, {"type": "Feature", "geometry": {"type": "Point", "coordinates": [98.94, 18.88]}, "properties": {"probability": 0.483, "prob_ml": 0.0872, "prob_ca": 0.481, "elevation": 418.0, "slope": 4.0}}, {"type": "Feature", "geometry": {"type": "Point", "coordinates": [98.98, 18.88]}, "properties": {"probability": 0.4889, "prob_ml": 0.0593, "prob_ca": 0.5304, "elevation": 318.0, "slope": 0.2}}, {"type": "Feature", "geometry": {"type": "Point", "coordinates": [99.02, 18.88]}, "properties": {"probability": 0.4488, "prob_ml": 0.0457, "prob_ca": 0.5, "elevation": 316.0, "slope": 0.1}}, {"type": "Feature", "geometry": {"type": "Point", "coordinates": [99.06, 18.88]}, "properties": {"probability": 0.357, "prob_ml": 0.0461, "prob_ca": 0.3831, "elevation": 323.0, "slope": 0.1}}, {"type": "Feature", "geometry": {"type": "Point", "coordinates": [99.1, 18.88]}, "properties": {"probability": 0.2254, "prob_ml": 0.0527, "prob_ca": 0.2065, "elevation": 327.0, "slope": 0.2}}, {"type": "Feature", "geometry": {"type": "Point", "coordinates": [99.14, 18.88]}, "properties": {"probability": 0.0882, "prob_ml": 0.0542, "prob_ca": 0.0304, "elevation": 348.0, "slope": 0.5}}, {"type": "Feature", "geometry": {"type": "Point", "coordinates": [99.18, 18.88]}, "properties": {"probability": 0.0495, "prob_ml": 0.0418, "prob_ca": 0.0, "elevation": 419.0, "slope": 1.1}}, {"type": "Feature", "geometry": {"type": "Point", "coordinates": [99.22, 18.88]}, "properties": {"probability": 0.0446, "prob_ml": 0.0376, "prob_ca": 0.0, "elevation": 502.0, "slope": 1.0}}, {"type": "Feature", "geometry": {"type": "Point", "coordinates": [99.26, 18.88]}, "properties": {"probability": 0.0515, "prob_ml": 0.0435, "prob_ca": 0.0, "elevation": 580.0, "slope": 1.0}}, {"type": "Feature", "geometry": {"type": "Point", "coordinates": [99.3, 18.88]}, "properties": {"probability": 0.0587, "prob_ml": 0.0495, "prob_ca": 0.0, "elevation": 652.0, "slope": 3.1}}, {"type": "Feature", "geometry": {"type": "Point", "coordinates": [99.34, 18.88]}, "properties": {"probability": 0.0492, "prob_ml": 0.0416, "prob_ca": 0.0, "elevation": 1059.0, "slope": 4.3}}, {"type": "Feature", "geometry": {"type": "Point", "coordinates": [99.38, 18.88]}, "properties": {"probability": 0.0288, "prob_ml": 0.0243, "prob_ca": 0.0, "elevation": 1224.0, "slope": 1.7}}, {"type": "Feature", "geometry": {"type": "Point", "coordinates": [99.42, 18.88]}, "properties": {"probability": 0.0219, "prob_ml": 0.0185, "prob_ca": 0.0, "elevation": 1133.0, "slope": 3.5}}, {"type": "Feature", "geometry": {"type": "Point", "coordinates": [99.46, 18.88]}, "properties": {"probability": 0.0145, "prob_ml": 0.0123, "prob_ca": 0.0, "elevation": 835.0, "slope": 4.7}}, {"type": "Feature", "geometry": {"type": "Point", "coordinates": [98.54, 18.92]}, "properties": {"probability": 0.01, "prob_ml": 0.0085, "prob_ca": 0.0, "elevation": 999.0, "slope": 2.0}}, {"type": "Feature", "geometry": {"type": "Point", "coordinates": [98.58, 18.92]}, "properties": {"probability": 0.01, "prob_ml": 0.0085, "prob_ca": 0.0, "elevation": 868.0, "slope": 3.0}}, {"type": "Feature", "geometry": {"type": "Point", "coordinates": [98.74, 18.92]}, "properties": {"probability": 0.0111, "prob_ml": 0.0094, "prob_ca": 0.0, "elevation": 720.0, "slope": 0.3}}, {"type": "Feature", "geometry": {"type": "Point", "coordinates": [98.78, 18.92]}, "properties": {"probability": 0.0219, "prob_ml": 0.0185, "prob_ca": 0.0, "elevation": 879.0, "slope": 3.2}}, {"type": "Feature", "geometry": {"type": "Point", "coordinates": [98.82, 18.92]}, "properties": {"probability": 0.0546, "prob_ml": 0.0453, "prob_ca": 0.0012, "elevation": 874.0, "slope": 3.4}}, {"type": "Feature", "geometry": {"type": "Point", "coordinates": [98.86, 18.92]}, "properties": {"probability": 0.1307, "prob_ml": 0.0758, "prob_ca": 0.0518, "elevation": 631.0, "slope": 3.0}}, {"type": "Feature", "geometry": {"type": "Point", "coordinates": [98.9, 18.92]}, "properties": {"probability": 0.2502, "prob_ml": 0.0814, "prob_ca": 0.1948, "elevation": 421.0, "slope": 2.1}}, {"type": "Feature", "geometry": {"type": "Point", "coordinates": [98.94, 18.92]}, "properties": {"probability": 0.3031, "prob_ml": 0.0678, "prob_ca": 0.2822, "elevation": 340.0, "slope": 0.8}}, {"type": "Feature", "geometry": {"type": "Point", "coordinates": [98.98, 18.92]}, "properties": {"probability": 0.3181, "prob_ml": 0.0548, "prob_ca": 0.3208, "elevation": 325.0, "slope": 0.2}}, {"type": "Feature", "geometry": {"type": "Point", "coordinates": [99.02, 18.92]}, "properties": {"probability": 0.3051, "prob_ml": 0.0543, "prob_ca": 0.3051, "elevation": 344.0, "slope": 0.8}}, {"type": "Feature", "geometry": {"type": "Point", "coordinates": [99.06, 18.92]}, "properties": {"probability": 0.2495, "prob_ml": 0.0583, "prob_ca": 0.2286, "elevation": 379.0, "slope": 1.4}}, {"type": "Feature", "geometry": {"type": "Point", "coordinates": [99.1, 18.92]}, "properties": {"probability": 0.1535, "prob_ml": 0.0666, "prob_ca": 0.0945, "elevation": 429.0, "slope": 2.6}}, {"type": "Feature", "geometry": {"type": "Point", "coordinates": [99.14, 18.92]}, "properties": {"probability": 0.0921, "prob_ml": 0.0733, "prob_ca": 0.0067, "elevation": 472.0, "slope": 3.1}}, {"type": "Feature", "geometry": {"type": "Point", "coordinates": [99.18, 18.92]}, "properties": {"probability": 0.087, "prob_ml": 0.0735, "prob_ca": 0.0, "elevation": 465.0, "slope": 1.3}}, {"type": "Feature", "geometry": {"type": "Point", "coordinates": [99.22, 18.92]}, "properties": {"probability": 0.0891, "prob_ml": 0.0753, "prob_ca": 0.0, "elevation": 502.0, "slope": 1.3}}, {"type": "Feature", "geometry": {"type": "Point", "coordinates": [99.26, 18.92]}, "properties": {"probability": 0.0893, "prob_ml": 0.0754, "prob_ca": 0.0, "elevation": 628.0, "slope": 2.5}}, {"type": "Feature", "geometry": {"type": "Point", "coordinates": [99.3, 18.92]}, "properties": {"probability": 0.074, "prob_ml": 0.0625, "prob_ca": 0.0, "elevation": 833.0, "slope": 5.8}}, {"type": "Feature", "geometry": {"type": "Point", "coordinates": [99.34, 18.92]}, "properties": {"probability": 0.0442, "prob_ml": 0.0374, "prob_ca": 0.0, "elevation": 1049.0, "slope": 2.8}}, {"type": "Feature", "geometry": {"type": "Point", "coordinates": [99.38, 18.92]}, "properties": {"probability": 0.022, "prob_ml": 0.0186, "prob_ca": 0.0, "elevation": 1239.0, "slope": 2.9}}, {"type": "Feature", "geometry": {"type": "Point", "coordinates": [99.42, 18.92]}, "properties": {"probability": 0.016, "prob_ml": 0.0135, "prob_ca": 0.0, "elevation": 1177.0, "slope": 4.2}}, {"type": "Feature", "geometry": {"type": "Point", "coordinates": [99.46, 18.92]}, "properties": {"probability": 0.0111, "prob_ml": 0.0094, "prob_ca": 0.0, "elevation": 870.0, "slope": 4.0}}, {"type": "Feature", "geometry": {"type": "Point", "coordinates": [98.66, 18.96]}, "properties": {"probability": 0.0105, "prob_ml": 0.0089, "prob_ca": 0.0, "elevation": 817.0, "slope": 2.6}}, {"type": "Feature", "geometry": {"type": "Point", "coordinates": [98.7, 18.96]}, "properties": {"probability": 0.0138, "prob_ml": 0.0116, "prob_ca": 0.0, "elevation": 836.0, "slope": 2.4}}, {"type": "Feature", "geometry": {"type": "Point", "coordinates": [98.74, 18.96]}, "properties": {"probability": 0.0144, "prob_ml": 0.0122, "prob_ca": 0.0, "elevation": 777.0, "slope": 2.8}}, {"type": "Feature", "geometry": {"type": "Point", "coordinates": [98.78, 18.96]}, "properties": {"probability": 0.0139, "prob_ml": 0.0117, "prob_ca": 0.0, "elevation": 848.0, "slope": 1.5}}, {"type": "Feature", "geometry": {"type": "Point", "coordinates": [98.82, 18.96]}, "properties": {"probability": 0.0229, "prob_ml": 0.0193, "prob_ca": 0.0, "elevation": 784.0, "slope": 3.6}}, {"type": "Feature", "geometry": {"type": "Point", "coordinates": [98.86, 18.96]}, "properties": {"probability": 0.0464, "prob_ml": 0.0367, "prob_ca": 0.0038, "elevation": 554.0, "slope": 2.9}}, {"type": "Feature", "geometry": {"type": "Point", "coordinates": [98.9, 18.96]}, "properties": {"probability": 0.0782, "prob_ml": 0.0458, "prob_ca": 0.0304, "elevation": 363.0, "slope": 1.5}}, {"type": "Feature", "geometry": {"type": "Point", "coordinates": [98.94, 18.96]}, "properties": {"probability": 0.1163, "prob_ml": 0.0445, "prob_ca": 0.0806, "elevation": 327.0, "slope": 0.3}}, {"type": "Feature", "geometry": {"type": "Point", "coordinates": [98.98, 18.96]}, "properties": {"probability": 0.1457, "prob_ml": 0.0468, "prob_ca": 0.1145, "elevation": 337.0, "slope": 0.3}}, {"type": "Feature", "geometry": {"type": "Point", "coordinates": [99.02, 18.96]}, "properties": {"probability": 0.1481, "prob_ml": 0.0546, "prob_ca": 0.1056, "elevation": 399.0, "slope": 1.5}}, {"type": "Feature", "geometry": {"type": "Point", "coordinates": [99.06, 18.96]}, "properties": {"probability": 0.1136, "prob_ml": 0.0616, "prob_ca": 0.0515, "elevation": 494.0, "slope": 2.2}}, {"type": "Feature", "geometry": {"type": "Point", "coordinates": [99.1, 18.96]}, "properties": {"probability": 0.0888, "prob_ml": 0.068, "prob_ca": 0.0104, "elevation": 587.0, "slope": 1.6}}, {"type": "Feature", "geometry": {"type": "Point", "coordinates": [99.14, 18.96]}, "properties": {"probability": 0.0968, "prob_ml": 0.0805, "prob_ca": 0.0019, "elevation": 679.0, "slope": 1.9}}, {"type": "Feature", "geometry": {"type": "Point", "coordinates": [99.18, 18.96]}, "properties": {"probability": 0.1181, "prob_ml": 0.0949, "prob_ca": 0.0073, "elevation": 576.0, "slope": 2.7}}, {"type": "Feature", "geometry": {"type": "Point", "coordinates": [99.22, 18.96]}, "properties": {"probability": 0.1305, "prob_ml": 0.1034, "prob_ca": 0.0103, "elevation": 541.0, "slope": 2.0}}, {"type": "Feature", "geometry": {"type": "Point", "coordinates": [99.26, 18.96]}, "properties": {"probability": 0.129, "prob_ml": 0.1049, "prob_ca": 0.0061, "elevation": 706.0, "slope": 4.1}}, {"type": "Feature", "geometry": {"type": "Point", "coordinates": [99.3, 18.96]}, "properties": {"probability": 0.1055, "prob_ml": 0.0885, "prob_ca": 0.0008, "elevation": 1076.0, "slope": 2.6}}, {"type": "Feature", "geometry": {"type": "Point", "coordinates": [99.34, 18.96]}, "properties": {"probability": 0.0687, "prob_ml": 0.058, "prob_ca": 0.0, "elevation": 1085.0, "slope": 1.4}}, {"type": "Feature", "geometry": {"type": "Point", "coordinates": [99.38, 18.96]}, "properties": {"probability": 0.0348, "prob_ml": 0.0294, "prob_ca": 0.0, "elevation": 1385.0, "slope": 5.6}}, {"type": "Feature", "geometry": {"type": "Point", "coordinates": [99.42, 18.96]}, "properties": {"probability": 0.0172, "prob_ml": 0.0145, "prob_ca": 0.0, "elevation": 1349.0, "slope": 6.9}}, {"type": "Feature", "geometry": {"type": "Point", "coordinates": [99.46, 18.96]}, "properties": {"probability": 0.0103, "prob_ml": 0.0087, "prob_ca": 0.0, "elevation": 939.0, "slope": 4.4}}, {"type": "Feature", "geometry": {"type": "Point", "coordinates": [98.66, 19.0]}, "properties": {"probability": 0.0109, "prob_ml": 0.0092, "prob_ca": 0.0, "elevation": 1094.0, "slope": 2.4}}, {"type": "Feature", "geometry": {"type": "Point", "coordinates": [98.7, 19.0]}, "properties": {"probability": 0.014, "prob_ml": 0.0118, "prob_ca": 0.0, "elevation": 1103.0, "slope": 0.7}}, {"type": "Feature", "geometry": {"type": "Point", "coordinates": [98.74, 19.0]}, "properties": {"probability": 0.0155, "prob_ml": 0.0131, "prob_ca": 0.0, "elevation": 1076.0, "slope": 2.1}}, {"type": "Feature", "geometry": {"type": "Point", "coordinates": [98.78, 19.0]}, "properties": {"probability": 0.0149, "prob_ml": 0.0126, "prob_ca": 0.0, "elevation": 854.0, "slope": 3.7}}, {"type": "Feature", "geometry": {"type": "Point", "coordinates": [98.82, 19.0]}, "properties": {"probability": 0.013, "prob_ml": 0.011, "prob_ca": 0.0, "elevation": 611.0, "slope": 3.1}}, {"type": "Feature", "geometry": {"type": "Point", "coordinates": [98.86, 19.0]}, "properties": {"probability": 0.0153, "prob_ml": 0.013, "prob_ca": 0.0, "elevation": 440.0, "slope": 1.8}}, {"type": "Feature", "geometry": {"type": "Point", "coordinates": [98.9, 19.0]}, "properties": {"probability": 0.0195, "prob_ml": 0.0164, "prob_ca": 0.0002, "elevation": 351.0, "slope": 0.7}}, {"type": "Feature", "geometry": {"type": "Point", "coordinates": [98.94, 19.0]}, "properties": {"probability": 0.0247, "prob_ml": 0.02, "prob_ca": 0.0014, "elevation": 326.0, "slope": 0.2}}, {"type": "Feature", "geometry": {"type": "Point", "coordinates": [98.98, 19.0]}, "properties": {"probability": 0.0362, "prob_ml": 0.0284, "prob_ca": 0.0033, "elevation": 334.0, "slope": 0.2}}, {"type": "Feature", "geometry": {"type": "Point", "coordinates": [99.02, 19.0]}, "properties": {"probability": 0.0586, "prob_ml": 0.0477, "prob_ca": 0.0027, "elevation": 465.0, "slope": 3.1}}, {"type": "Feature", "geometry": {"type": "Point", "coordinates": [99.06, 19.0]}, "properties": {"probability": 0.0781, "prob_ml": 0.0656, "prob_ca": 0.0006, "elevation": 644.0, "slope": 0.7}}, {"type": "Feature", "geometry": {"type": "Point", "coordinates": [99.1, 19.0]}, "properties": {"probability": 0.0893, "prob_ml": 0.0698, "prob_ca": 0.0084, "elevation": 635.0, "slope": 1.0}}, {"type": "Feature", "geometry": {"type": "Point", "coordinates": [99.14, 19.0]}, "properties": {"probability": 0.1474, "prob_ml": 0.0787, "prob_ca": 0.0687, "elevation": 798.0, "slope": 1.2}}, {"type": "Feature", "geometry": {"type": "Point", "coordinates": [99.18, 19.0]}, "properties": {"probability": 0.2487, "prob_ml": 0.096, "prob_ca": 0.171, "elevation": 717.0, "slope": 2.1}}, {"type": "Feature", "geometry": {"type": "Point", "coordinates": [99.22, 19.0]}, "properties": {"probability": 0.2857, "prob_ml": 0.1085, "prob_ca": 0.1991, "elevation": 708.0, "slope": 1.9}}, {"type": "Feature", "geometry": {"type": "Point", "coordinates": [99.26, 19.0]}, "properties": {"probability": 0.2495, "prob_ml": 0.109, "prob_ca": 0.1526, "elevation": 822.0, "slope": 0.9}}, {"type": "Feature", "geometry": {"type": "Point", "coordinates": [99.3, 19.0]}, "properties": {"probability": 0.16, "prob_ml": 0.1, "prob_ca": 0.0526, "elevation": 841.0, "slope": 1.5}}, {"type": "Feature", "geometry": {"type": "Point", "coordinates": [99.34, 19.0]}, "properties": {"probability": 0.103, "prob_ml": 0.0837, "prob_ca": 0.0049, "elevation": 1050.0, "slope": 4.2}}, {"type": "Feature", "geometry": {"type": "Point", "coordinates": [99.38, 19.0]}, "properties": {"probability": 0.0584, "prob_ml": 0.0493, "prob_ca": 0.0, "elevation": 1581.0, "slope": 8.2}}, {"type": "Feature", "geometry": {"type": "Point", "coordinates": [99.42, 19.0]}, "properties": {"probability": 0.0202, "prob_ml": 0.0171, "prob_ca": 0.0, "elevation": 1650.0, "slope": 6.5}}, {"type": "Feature", "geometry": {"type": "Point", "coordinates": [99.58, 19.0]}, "properties": {"probability": 0.0103, "prob_ml": 0.0087, "prob_ca": 0.0, "elevation": 531.0, "slope": 2.8}}, {"type": "Feature", "geometry": {"type": "Point", "coordinates": [99.62, 19.0]}, "properties": {"probability": 0.0133, "prob_ml": 0.0112, "prob_ca": 0.0, "elevation": 418.0, "slope": 0.3}}, {"type": "Feature", "geometry": {"type": "Point", "coordinates": [98.66, 19.04]}, "properties": {"probability": 0.0119, "prob_ml": 0.0101, "prob_ca": 0.0, "elevation": 1163.0, "slope": 2.0}}, {"type": "Feature", "geometry": {"type": "Point", "coordinates": [98.7, 19.04]}, "properties": {"probability": 0.012, "prob_ml": 0.0101, "prob_ca": 0.0, "elevation": 949.0, "slope": 1.6}}, {"type": "Feature", "geometry": {"type": "Point", "coordinates": [98.74, 19.04]}, "properties": {"probability": 0.0133, "prob_ml": 0.0112, "prob_ca": 0.0, "elevation": 1037.0, "slope": 0.6}}, {"type": "Feature", "geometry": {"type": "Point", "coordinates": [98.78, 19.04]}, "properties": {"probability": 0.016, "prob_ml": 0.0135, "prob_ca": 0.0, "elevation": 767.0, "slope": 5.1}}, {"type": "Feature", "geometry": {"type": "Point", "coordinates": [98.82, 19.04]}, "properties": {"probability": 0.0121, "prob_ml": 0.0102, "prob_ca": 0.0, "elevation": 509.0, "slope": 2.0}}, {"type": "Feature", "geometry": {"type": "Point", "coordinates": [98.86, 19.04]}, "properties": {"probability": 0.01, "prob_ml": 0.0085, "prob_ca": 0.0, "elevation": 407.0, "slope": 0.7}}, {"type": "Feature", "geometry": {"type": "Point", "coordinates": [98.9, 19.04]}, "properties": {"probability": 0.0102, "prob_ml": 0.0086, "prob_ca": 0.0, "elevation": 387.0, "slope": 0.5}}, {"type": "Feature", "geometry": {"type": "Point", "coordinates": [98.94, 19.04]}, "properties": {"probability": 0.0118, "prob_ml": 0.0099, "prob_ca": 0.0, "elevation": 338.0, "slope": 0.4}}, {"type": "Feature", "geometry": {"type": "Point", "coordinates": [98.98, 19.04]}, "properties": {"probability": 0.0247, "prob_ml": 0.0209, "prob_ca": 0.0, "elevation": 338.0, "slope": 0.2}}, {"type": "Feature", "geometry": {"type": "Point", "coordinates": [99.02, 19.04]}, "properties": {"probability": 0.0563, "prob_ml": 0.0476, "prob_ca": 0.0, "elevation": 403.0, "slope": 1.6}}, {"type": "Feature", "geometry": {"type": "Point", "coordinates": [99.06, 19.04]}, "properties": {"probability": 0.0826, "prob_ml": 0.0681, "prob_ca": 0.0024, "elevation": 506.0, "slope": 1.8}}, {"type": "Feature", "geometry": {"type": "Point", "coordinates": [99.1, 19.04]}, "properties": {"probability": 0.1549, "prob_ml": 0.075, "prob_ca": 0.0837, "elevation": 570.0, "slope": 1.1}}, {"type": "Feature", "geometry": {"type": "Point", "coordinates": [99.14, 19.04]}, "properties": {"probability": 0.3402, "prob_ml": 0.0808, "prob_ca": 0.3097, "elevation": 603.0, "slope": 1.5}}, {"type": "Feature", "geometry": {"type": "Point", "coordinates": [99.18, 19.04]}, "properties": {"probability": 0.4695, "prob_ml": 0.0908, "prob_ca": 0.4585, "elevation": 568.0, "slope": 1.5}}, {"type": "Feature", "geometry": {"type": "Point", "coordinates": [99.22, 19.04]}, "properties": {"probability": 0.5095, "prob_ml": 0.1049, "prob_ca": 0.488, "elevation": 625.0, "slope": 2.4}}, {"type": "Feature", "geometry": {"type": "Point", "coordinates": [99.26, 19.04]}, "properties": {"probability": 0.4467, "prob_ml": 0.1073, "prob_ca": 0.4049, "elevation": 809.0, "slope": 2.7}}, {"type": "Feature", "geometry": {"type": "Point", "coordinates": [99.3, 19.04]}, "properties": {"probability": 0.3096, "prob_ml": 0.1015, "prob_ca": 0.2399, "elevation": 1035.0, "slope": 1.9}}, {"type": "Feature", "geometry": {"type": "Point", "coordinates": [99.34, 19.04]}, "properties": {"probability": 0.1487, "prob_ml": 0.0928, "prob_ca": 0.0491, "elevation": 916.0, "slope": 0.5}}, {"type": "Feature", "geometry": {"type": "Point", "coordinates": [99.38, 19.04]}, "properties": {"probability": 0.0763, "prob_ml": 0.0637, "prob_ca": 0.0011, "elevation": 1251.0, "slope": 6.8}}, {"type": "Feature", "geometry": {"type": "Point", "coordinates": [99.42, 19.04]}, "properties": {"probability": 0.0269, "prob_ml": 0.0227, "prob_ca": 0.0, "elevation": 1449.0, "slope": 3.3}}, {"type": "Feature", "geometry": {"type": "Point", "coordinates": [99.58, 19.04]}, "properties": {"probability": 0.0107, "prob_ml": 0.0091, "prob_ca": 0.0, "elevation": 625.0, "slope": 5.1}}, {"type": "Feature", "geometry": {"type": "Point", "coordinates": [99.62, 19.04]}, "properties": {"probability": 0.0142, "prob_ml": 0.012, "prob_ca": 0.0, "elevation": 431.0, "slope": 0.1}}, {"type": "Feature", "geometry": {"type": "Point", "coordinates": [98.66, 19.08]}, "properties": {"probability": 0.0165, "prob_ml": 0.0139, "prob_ca": 0.0, "elevation": 1353.0, "slope": 4.4}}, {"type": "Feature", "geometry": {"type": "Point", "coordinates": [98.7, 19.08]}, "properties": {"probability": 0.0155, "prob_ml": 0.0131, "prob_ca": 0.0, "elevation": 927.0, "slope": 2.2}}, {"type": "Feature", "geometry": {"type": "Point", "coordinates": [98.74, 19.08]}, "properties": {"probability": 0.0136, "prob_ml": 0.0115, "prob_ca": 0.0, "elevation": 1013.0, "slope": 0.6}}, {"type": "Feature", "geometry": {"type": "Point", "coordinates": [98.78, 19.08]}, "properties": {"probability": 0.0173, "prob_ml": 0.0146, "prob_ca": 0.0, "elevation": 715.0, "slope": 5.5}}, {"type": "Feature", "geometry": {"type": "Point", "coordinates": [98.82, 19.08]}, "properties": {"probability": 0.0144, "prob_ml": 0.0122, "prob_ca": 0.0, "elevation": 458.0, "slope": 1.2}}, {"type": "Feature", "geometry": {"type": "Point", "coordinates": [98.86, 19.08]}, "properties": {"probability": 0.0106, "prob_ml": 0.009, "prob_ca": 0.0, "elevation": 391.0, "slope": 0.4}}, {"type": "Feature", "geometry": {"type": "Point", "coordinates": [98.94, 19.08]}, "properties": {"probability": 0.0115, "prob_ml": 0.0097, "prob_ca": 0.0, "elevation": 343.0, "slope": 0.4}}, {"type": "Feature", "geometry": {"type": "Point", "coordinates": [98.98, 19.08]}, "properties": {"probability": 0.029, "prob_ml": 0.0245, "prob_ca": 0.0, "elevation": 343.0, "slope": 0.2}}, {"type": "Feature", "geometry": {"type": "Point", "coordinates": [99.02, 19.08]}, "properties": {"probability": 0.0615, "prob_ml": 0.0519, "prob_ca": 0.0, "elevation": 375.0, "slope": 0.7}}, {"type": "Feature", "geometry": {"type": "Point", "coordinates": [99.06, 19.08]}, "properties": {"probability": 0.0937, "prob_ml": 0.0701, "prob_ca": 0.0134, "elevation": 428.0, "slope": 1.1}}, {"type": "Feature", "geometry": {"type": "Point", "coordinates": [99.1, 19.08]}, "properties": {"probability": 0.2593, "prob_ml": 0.0817, "prob_ca": 0.2059, "elevation": 495.0, "slope": 1.8}}, {"type": "Feature", "geometry": {"type": "Point", "coordinates": [99.14, 19.08]}, "properties": {"probability": 0.4877, "prob_ml": 0.0887, "prob_ca": 0.4847, "elevation": 657.0, "slope": 2.0}}, {"type": "Feature", "geometry": {"type": "Point", "coordinates": [99.18, 19.08]}, "properties": {"probability": 0.7051, "prob_ml": 0.092, "prob_ca": 0.755, "elevation": 566.0, "slope": 2.3}}, {"type": "Feature", "geometry": {"type": "Point", "coordinates": [99.22, 19.08]}, "properties": {"probability": 0.7407, "prob_ml": 0.1026, "prob_ca": 0.7843, "elevation": 601.0, "slope": 3.2}}, {"type": "Feature", "geometry": {"type": "Point", "coordinates": [99.26, 19.08]}, "properties": {"probability": 0.5881, "prob_ml": 0.1085, "prob_ca": 0.5822, "elevation": 839.0, "slope": 3.0}}, {"type": "Feature", "geometry": {"type": "Point", "coordinates": [99.3, 19.08]}, "properties": {"probability": 0.4154, "prob_ml": 0.1062, "prob_ca": 0.3669, "elevation": 1059.0, "slope": 2.7}}, {"type": "Feature", "geometry": {"type": "Point", "coordinates": [99.34, 19.08]}, "properties": {"probability": 0.2371, "prob_ml": 0.0985, "prob_ca": 0.1526, "elevation": 1258.0, "slope": 6.6}}, {"type": "Feature", "geometry": {"type": "Point", "coordinates": [99.38, 19.08]}, "properties": {"probability": 0.0907, "prob_ml": 0.0719, "prob_ca": 0.007, "elevation": 1257.0, "slope": 1.7}}, {"type": "Feature", "geometry": {"type": "Point", "coordinates": [99.42, 19.08]}, "properties": {"probability": 0.0342, "prob_ml": 0.0289, "prob_ca": 0.0, "elevation": 1127.0, "slope": 5.3}}, {"type": "Feature", "geometry": {"type": "Point", "coordinates": [99.46, 19.08]}, "properties": {"probability": 0.0107, "prob_ml": 0.009, "prob_ca": 0.0, "elevation": 926.0, "slope": 6.3}}, {"type": "Feature", "geometry": {"type": "Point", "coordinates": [99.58, 19.08]}, "properties": {"probability": 0.0101, "prob_ml": 0.0085, "prob_ca": 0.0, "elevation": 605.0, "slope": 4.8}}, {"type": "Feature", "geometry": {"type": "Point", "coordinates": [99.62, 19.08]}, "properties": {"probability": 0.013, "prob_ml": 0.0109, "prob_ca": 0.0, "elevation": 430.0, "slope": 0.3}}, {"type": "Feature", "geometry": {"type": "Point", "coordinates": [98.66, 19.12]}, "properties": {"probability": 0.013, "prob_ml": 0.011, "prob_ca": 0.0, "elevation": 1321.0, "slope": 5.2}}, {"type": "Feature", "geometry": {"type": "Point", "coordinates": [98.7, 19.12]}, "properties": {"probability": 0.0146, "prob_ml": 0.0124, "prob_ca": 0.0, "elevation": 886.0, "slope": 2.2}}, {"type": "Feature", "geometry": {"type": "Point", "coordinates": [98.74, 19.12]}, "properties": {"probability": 0.0141, "prob_ml": 0.0119, "prob_ca": 0.0, "elevation": 1045.0, "slope": 1.3}}, {"type": "Feature", "geometry": {"type": "Point", "coordinates": [98.78, 19.12]}, "properties": {"probability": 0.0211, "prob_ml": 0.0178, "prob_ca": 0.0, "elevation": 878.0, "slope": 5.9}}, {"type": "Feature", "geometry": {"type": "Point", "coordinates": [98.82, 19.12]}, "properties": {"probability": 0.021, "prob_ml": 0.0177, "prob_ca": 0.0, "elevation": 609.0, "slope": 5.5}}, {"type": "Feature", "geometry": {"type": "Point", "coordinates": [98.86, 19.12]}, "properties": {"probability": 0.0127, "prob_ml": 0.0108, "prob_ca": 0.0, "elevation": 410.0, "slope": 1.2}}, {"type": "Feature", "geometry": {"type": "Point", "coordinates": [98.94, 19.12]}, "properties": {"probability": 0.0116, "prob_ml": 0.0098, "prob_ca": 0.0, "elevation": 368.0, "slope": 0.7}}, {"type": "Feature", "geometry": {"type": "Point", "coordinates": [98.98, 19.12]}, "properties": {"probability": 0.0304, "prob_ml": 0.0257, "prob_ca": 0.0, "elevation": 354.0, "slope": 0.2}}, {"type": "Feature", "geometry": {"type": "Point", "coordinates": [99.02, 19.12]}, "properties": {"probability": 0.0667, "prob_ml": 0.0563, "prob_ca": 0.0, "elevation": 392.0, "slope": 1.3}}, {"type": "Feature", "geometry": {"type": "Point", "coordinates": [99.06, 19.12]}, "properties": {"probability": 0.1138, "prob_ml": 0.0794, "prob_ca": 0.025, "elevation": 478.0, "slope": 2.3}}, {"type": "Feature", "geometry": {"type": "Point", "coordinates": [99.1, 19.12]}, "properties": {"probability": 0.311, "prob_ml": 0.0929, "prob_ca": 0.2545, "elevation": 559.0, "slope": 3.1}}, {"type": "Feature", "geometry": {"type": "Point", "coordinates": [99.14, 19.12]}, "properties": {"probability": 0.5377, "prob_ml": 0.0968, "prob_ca": 0.5359, "elevation": 716.0, "slope": 0.8}}, {"type": "Feature", "geometry": {"type": "Point", "coordinates": [99.18, 19.12]}, "properties": {"probability": 0.7544, "prob_ml": 0.0946, "prob_ca": 0.8137, "elevation": 586.0, "slope": 2.9}}, {"type": "Feature", "geometry": {"type": "Point", "coordinates": [99.22, 19.12]}, "properties": {"probability": 0.7881, "prob_ml": 0.1013, "prob_ca": 0.8463, "elevation": 640.0, "slope": 4.4}}, {"type": "Feature", "geometry": {"type": "Point", "coordinates": [99.26, 19.12]}, "properties": {"probability": 0.6238, "prob_ml": 0.1098, "prob_ca": 0.6254, "elevation": 925.0, "slope": 2.9}}, {"type": "Feature", "geometry": {"type": "Point", "coordinates": [99.3, 19.12]}, "properties": {"probability": 0.4522, "prob_ml": 0.1093, "prob_ca": 0.4087, "elevation": 1063.0, "slope": 3.3}}, {"type": "Feature", "geometry": {"type": "Point", "coordinates": [99.34, 19.12]}, "properties": {"probability": 0.2759, "prob_ml": 0.1011, "prob_ca": 0.1978, "elevation": 1434.0, "slope": 3.3}}, {"type": "Feature", "geometry": {"type": "Point", "coordinates": [99.38, 19.12]}, "properties": {"probability": 0.0978, "prob_ml": 0.0735, "prob_ca": 0.0137, "elevation": 1315.0, "slope": 3.6}}, {"type": "Feature", "geometry": {"type": "Point", "coordinates": [99.42, 19.12]}, "properties": {"probability": 0.0351, "prob_ml": 0.0297, "prob_ca": 0.0, "elevation": 991.0, "slope": 4.8}}, {"type": "Feature", "geometry": {"type": "Point", "coordinates": [99.46, 19.12]}, "properties": {"probability": 0.0106, "prob_ml": 0.009, "prob_ca": 0.0, "elevation": 712.0, "slope": 1.4}}, {"type": "Feature", "geometry": {"type": "Point", "coordinates": [98.74, 19.16]}, "properties": {"probability": 0.011, "prob_ml": 0.0093, "prob_ca": 0.0, "elevation": 1087.0, "slope": 2.6}}, {"type": "Feature", "geometry": {"type": "Point", "coordinates": [98.78, 19.16]}, "properties": {"probability": 0.0174, "prob_ml": 0.0147, "prob_ca": 0.0, "elevation": 1096.0, "slope": 1.5}}, {"type": "Feature", "geometry": {"type": "Point", "coordinates": [98.82, 19.16]}, "properties": {"probability": 0.0203, "prob_ml": 0.0171, "prob_ca": 0.0, "elevation": 826.0, "slope": 5.8}}, {"type": "Feature", "geometry": {"type": "Point", "coordinates": [98.86, 19.16]}, "properties": {"probability": 0.0137, "prob_ml": 0.0115, "prob_ca": 0.0, "elevation": 475.0, "slope": 2.3}}, {"type": "Feature", "geometry": {"type": "Point", "coordinates": [98.9, 19.16]}, "properties": {"probability": 0.0105, "prob_ml": 0.0089, "prob_ca": 0.0, "elevation": 428.0, "slope": 0.6}}, {"type": "Feature", "geometry": {"type": "Point", "coordinates": [98.94, 19.16]}, "properties": {"probability": 0.011, "prob_ml": 0.0093, "prob_ca": 0.0, "elevation": 407.0, "slope": 0.4}}, {"type": "Feature", "geometry": {"type": "Point", "coordinates": [98.98, 19.16]}, "properties": {"probability": 0.0258, "prob_ml": 0.0218, "prob_ca": 0.0, "elevation": 368.0, "slope": 0.6}}, {"type": "Feature", "geometry": {"type": "Point", "coordinates": [99.02, 19.16]}, "properties": {"probability": 0.0668, "prob_ml": 0.0565, "prob_ca": 0.0, "elevation": 445.0, "slope": 2.7}}, {"type": "Feature", "geometry": {"type": "Point", "coordinates": [99.06, 19.16]}, "properties": {"probability": 0.1195, "prob_ml": 0.0859, "prob_ca": 0.0226, "elevation": 607.0, "slope": 1.5}}, {"type": "Feature", "geometry": {"type": "Point", "coordinates": [99.1, 19.16]}, "properties": {"probability": 0.3009, "prob_ml": 0.0967, "prob_ca": 0.2361, "elevation": 658.0, "slope": 1.5}}, {"type": "Feature", "geometry": {"type": "Point", "coordinates": [99.14, 19.16]}, "properties": {"probability": 0.4865, "prob_ml": 0.0967, "prob_ca": 0.4711, "elevation": 644.0, "slope": 2.4}}, {"type": "Feature", "geometry": {"type": "Point", "coordinates": [99.18, 19.16]}, "properties": {"probability": 0.5985, "prob_ml": 0.0946, "prob_ca": 0.6162, "elevation": 554.0, "slope": 1.8}}, {"type": "Feature", "geometry": {"type": "Point", "coordinates": [99.22, 19.16]}, "properties": {"probability": 0.6256, "prob_ml": 0.1027, "prob_ca": 0.6384, "elevation": 698.0, "slope": 5.2}}, {"type": "Feature", "geometry": {"type": "Point", "coordinates": [99.26, 19.16]}, "properties": {"probability": 0.5627, "prob_ml": 0.1115, "prob_ca": 0.5455, "elevation": 1030.0, "slope": 2.6}}, {"type": "Feature", "geometry": {"type": "Point", "coordinates": [99.3, 19.16]}, "properties": {"probability": 0.4186, "prob_ml": 0.1097, "prob_ca": 0.3657, "elevation": 1150.0, "slope": 2.8}}, {"type": "Feature", "geometry": {"type": "Point", "coordinates": [99.34, 19.16]}, "properties": {"probability": 0.2538, "prob_ml": 0.098, "prob_ca": 0.1745, "elevation": 1279.0, "slope": 2.4}}, {"type": "Feature", "geometry": {"type": "Point", "coordinates": [99.38, 19.16]}, "properties": {"probability": 0.0873, "prob_ml": 0.0647, "prob_ca": 0.0136, "elevation": 1228.0, "slope": 3.6}}, {"type": "Feature", "geometry": {"type": "Point", "coordinates": [99.42, 19.16]}, "properties": {"probability": 0.0273, "prob_ml": 0.0231, "prob_ca": 0.0, "elevation": 1002.0, "slope": 4.8}}, {"type": "Feature", "geometry": {"type": "Point", "coordinates": [98.78, 19.2]}, "properties": {"probability": 0.0112, "prob_ml": 0.0094, "prob_ca": 0.0, "elevation": 873.0, "slope": 3.8}}, {"type": "Feature", "geometry": {"type": "Point", "coordinates": [98.82, 19.2]}, "properties": {"probability": 0.0142, "prob_ml": 0.012, "prob_ca": 0.0, "elevation": 690.0, "slope": 1.4}}, {"type": "Feature", "geometry": {"type": "Point", "coordinates": [98.86, 19.2]}, "properties": {"probability": 0.0154, "prob_ml": 0.013, "prob_ca": 0.0, "elevation": 588.0, "slope": 3.7}}, {"type": "Feature", "geometry": {"type": "Point", "coordinates": [98.9, 19.2]}, "properties": {"probability": 0.0154, "prob_ml": 0.013, "prob_ca": 0.0, "elevation": 465.0, "slope": 2.6}}, {"type": "Feature", "geometry": {"type": "Point", "coordinates": [98.94, 19.2]}, "properties": {"probability": 0.0125, "prob_ml": 0.0106, "prob_ca": 0.0, "elevation": 419.0, "slope": 2.0}}, {"type": "Feature", "geometry": {"type": "Point", "coordinates": [98.98, 19.2]}, "properties": {"probability": 0.0178, "prob_ml": 0.015, "prob_ca": 0.0, "elevation": 379.0, "slope": 2.1}}, {"type": "Feature", "geometry": {"type": "Point", "coordinates": [99.02, 19.2]}, "properties": {"probability": 0.048, "prob_ml": 0.0405, "prob_ca": 0.0, "elevation": 500.0, "slope": 3.9}}, {"type": "Feature", "geometry": {"type": "Point", "coordinates": [99.06, 19.2]}, "properties": {"probability": 0.096, "prob_ml": 0.0743, "prob_ca": 0.0102, "elevation": 654.0, "slope": 1.4}}, {"type": "Feature", "geometry": {"type": "Point", "coordinates": [99.1, 19.2]}, "properties": {"probability": 0.2213, "prob_ml": 0.0922, "prob_ca": 0.142, "elevation": 436.0, "slope": 2.2}}, {"type": "Feature", "geometry": {"type": "Point", "coordinates": [99.14, 19.2]}, "properties": {"probability": 0.3595, "prob_ml": 0.0932, "prob_ca": 0.3156, "elevation": 410.0, "slope": 0.4}}, {"type": "Feature", "geometry": {"type": "Point", "coordinates": [99.18, 19.2]}, "properties": {"probability": 0.4352, "prob_ml": 0.0931, "prob_ca": 0.4117, "elevation": 452.0, "slope": 1.0}}, {"type": "Feature", "geometry": {"type": "Point", "coordinates": [99.22, 19.2]}, "properties": {"probability": 0.4665, "prob_ml": 0.1029, "prob_ca": 0.4365, "elevation": 687.0, "slope": 5.3}}, {"type": "Feature", "geometry": {"type": "Point", "coordinates": [99.26, 19.2]}, "properties": {"probability": 0.4348, "prob_ml": 0.1078, "prob_ca": 0.389, "elevation": 1068.0, "slope": 4.5}}, {"type": "Feature", "geometry": {"type": "Point", "coordinates": [99.3, 19.2]}, "properties": {"probability": 0.3272, "prob_ml": 0.1017, "prob_ca": 0.2618, "elevation": 1376.0, "slope": 0.5}}, {"type": "Feature", "geometry": {"type": "Point", "coordinates": [99.34, 19.2]}, "properties": {"probability": 0.1654, "prob_ml": 0.0821, "prob_ca": 0.0864, "elevation": 1098.0, "slope": 3.4}}, {"type": "Feature", "geometry": {"type": "Point", "coordinates": [99.38, 19.2]}, "properties": {"probability": 0.0554, "prob_ml": 0.0441, "prob_ca": 0.0041, "elevation": 886.0, "slope": 3.0}}, {"type": "Feature", "geometry": {"type": "Point", "coordinates": [99.42, 19.2]}, "properties": {"probability": 0.0167, "prob_ml": 0.0141, "prob_ca": 0.0, "elevation": 778.0, "slope": 1.4}}, {"type": "Feature", "geometry": {"type": "Point", "coordinates": [98.82, 19.24]}, "properties": {"probability": 0.01, "prob_ml": 0.0085, "prob_ca": 0.0, "elevation": 941.0, "slope": 3.6}}, {"type": "Feature", "geometry": {"type": "Point", "coordinates": [98.86, 19.24]}, "properties": {"probability": 0.0138, "prob_ml": 0.0116, "prob_ca": 0.0, "elevation": 993.0, "slope": 5.0}}, {"type": "Feature", "geometry": {"type": "Point", "coordinates": [98.9, 19.24]}, "properties": {"probability": 0.0149, "prob_ml": 0.0126, "prob_ca": 0.0, "elevation": 791.0, "slope": 3.9}}, {"type": "Feature", "geometry": {"type": "Point", "coordinates": [98.94, 19.24]}, "properties": {"probability": 0.0118, "prob_ml": 0.01, "prob_ca": 0.0, "elevation": 707.0, "slope": 2.4}}, {"type": "Feature", "geometry": {"type": "Point", "coordinates": [98.98, 19.24]}, "properties": {"probability": 0.0114, "prob_ml": 0.0096, "prob_ca": 0.0, "elevation": 684.0, "slope": 2.2}}, {"type": "Feature", "geometry": {"type": "Point", "coordinates": [99.02, 19.24]}, "properties": {"probability": 0.0233, "prob_ml": 0.0197, "prob_ca": 0.0, "elevation": 675.0, "slope": 1.3}}, {"type": "Feature", "geometry": {"type": "Point", "coordinates": [99.06, 19.24]}, "properties": {"probability": 0.0537, "prob_ml": 0.0449, "prob_ca": 0.0007, "elevation": 712.0, "slope": 2.0}}, {"type": "Feature", "geometry": {"type": "Point", "coordinates": [99.1, 19.24]}, "properties": {"probability": 0.1043, "prob_ml": 0.0727, "prob_ca": 0.023, "elevation": 907.0, "slope": 4.6}}, {"type": "Feature", "geometry": {"type": "Point", "coordinates": [99.14, 19.24]}, "properties": {"probability": 0.1971, "prob_ml": 0.0827, "prob_ca": 0.1256, "elevation": 581.0, "slope": 3.6}}, {"type": "Feature", "geometry": {"type": "Point", "coordinates": [99.18, 19.24]}, "properties": {"probability": 0.2569, "prob_ml": 0.0811, "prob_ca": 0.2038, "elevation": 482.0, "slope": 0.4}}, {"type": "Feature", "geometry": {"type": "Point", "coordinates": [99.22, 19.24]}, "properties": {"probability": 0.2904, "prob_ml": 0.089, "prob_ca": 0.2343, "elevation": 575.0, "slope": 2.9}}, {"type": "Feature", "geometry": {"type": "Point", "coordinates": [99.26, 19.24]}, "properties": {"probability": 0.2766, "prob_ml": 0.0911, "prob_ca": 0.2137, "elevation": 831.0, "slope": 5.1}}, {"type": "Feature", "geometry": {"type": "Point", "coordinates": [99.3, 19.24]}, "properties": {"probability": 0.1935, "prob_ml": 0.0775, "prob_ca": 0.1288, "elevation": 1223.0, "slope": 3.2}}, {"type": "Feature", "geometry": {"type": "Point", "coordinates": [99.34, 19.24]}, "properties": {"probability": 0.0734, "prob_ml": 0.0502, "prob_ca": 0.0176, "elevation": 1143.0, "slope": 1.5}}, {"type": "Feature", "geometry": {"type": "Point", "coordinates": [99.38, 19.24]}, "properties": {"probability": 0.0259, "prob_ml": 0.0218, "prob_ca": 0.0002, "elevation": 968.0, "slope": 2.8}}, {"type": "Feature", "geometry": {"type": "Point", "coordinates": [99.42, 19.24]}, "properties": {"probability": 0.0107, "prob_ml": 0.009, "prob_ca": 0.0, "elevation": 791.0, "slope": 1.9}}, {"type": "Feature", "geometry": {"type": "Point", "coordinates": [99.5, 19.24]}, "properties": {"probability": 0.0106, "prob_ml": 0.0089, "prob_ca": 0.0, "elevation": 578.0, "slope": 0.7}}, {"type": "Feature", "geometry": {"type": "Point", "coordinates": [99.54, 19.24]}, "properties": {"probability": 0.013, "prob_ml": 0.011, "prob_ca": 0.0, "elevation": 604.0, "slope": 0.3}}, {"type": "Feature", "geometry": {"type": "Point", "coordinates": [99.58, 19.24]}, "properties": {"probability": 0.0104, "prob_ml": 0.0087, "prob_ca": 0.0, "elevation": 559.0, "slope": 1.0}}, {"type": "Feature", "geometry": {"type": "Point", "coordinates": [99.02, 19.28]}, "properties": {"probability": 0.0107, "prob_ml": 0.009, "prob_ca": 0.0, "elevation": 616.0, "slope": 2.1}}, {"type": "Feature", "geometry": {"type": "Point", "coordinates": [99.06, 19.28]}, "properties": {"probability": 0.0206, "prob_ml": 0.0174, "prob_ca": 0.0, "elevation": 749.0, "slope": 2.9}}, {"type": "Feature", "geometry": {"type": "Point", "coordinates": [99.1, 19.28]}, "properties": {"probability": 0.0422, "prob_ml": 0.0352, "prob_ca": 0.0007, "elevation": 1019.0, "slope": 0.8}}, {"type": "Feature", "geometry": {"type": "Point", "coordinates": [99.14, 19.28]}, "properties": {"probability": 0.063, "prob_ml": 0.0477, "prob_ca": 0.0084, "elevation": 631.0, "slope": 4.0}}, {"type": "Feature", "geometry": {"type": "Point", "coordinates": [99.18, 19.28]}, "properties": {"probability": 0.0769, "prob_ml": 0.0483, "prob_ca": 0.0249, "elevation": 487.0, "slope": 0.8}}, {"type": "Feature", "geometry": {"type": "Point", "coordinates": [99.22, 19.28]}, "properties": {"probability": 0.091, "prob_ml": 0.0511, "prob_ca": 0.0386, "elevation": 551.0, "slope": 2.4}}, {"type": "Feature", "geometry": {"type": "Point", "coordinates": [99.26, 19.28]}, "properties": {"probability": 0.0856, "prob_ml": 0.0499, "prob_ca": 0.0336, "elevation": 746.0, "slope": 2.7}}, {"type": "Feature", "geometry": {"type": "Point", "coordinates": [99.3, 19.28]}, "properties": {"probability": 0.0538, "prob_ml": 0.0361, "prob_ca": 0.014, "elevation": 961.0, "slope": 4.5}}, {"type": "Feature", "geometry": {"type": "Point", "coordinates": [99.34, 19.28]}, "properties": {"probability": 0.0233, "prob_ml": 0.0191, "prob_ca": 0.0009, "elevation": 1095.0, "slope": 1.2}}, {"type": "Feature", "geometry": {"type": "Point", "coordinates": [99.38, 19.28]}, "properties": {"probability": 0.0116, "prob_ml": 0.0098, "prob_ca": 0.0, "elevation": 958.0, "slope": 3.0}}, {"type": "Feature", "geometry": {"type": "Point", "coordinates": [99.54, 19.28]}, "properties": {"probability": 0.0138, "prob_ml": 0.0116, "prob_ca": 0.0, "elevation": 606.0, "slope": 0.3}}, {"type": "Feature", "geometry": {"type": "Point", "coordinates": [99.58, 19.28]}, "properties": {"probability": 0.012, "prob_ml": 0.0101, "prob_ca": 0.0, "elevation": 591.0, "slope": 0.6}}, {"type": "Feature", "geometry": {"type": "Point", "coordinates": [99.1, 19.32]}, "properties": {"probability": 0.0137, "prob_ml": 0.0116, "prob_ca": 0.0, "elevation": 981.0, "slope": 1.1}}, {"type": "Feature", "geometry": {"type": "Point", "coordinates": [99.14, 19.32]}, "properties": {"probability": 0.0179, "prob_ml": 0.0151, "prob_ca": 0.0, "elevation": 609.0, "slope": 3.8}}, {"type": "Feature", "geometry": {"type": "Point", "coordinates": [99.18, 19.32]}, "properties": {"probability": 0.019, "prob_ml": 0.016, "prob_ca": 0.0, "elevation": 471.0, "slope": 0.8}}, {"type": "Feature", "geometry": {"type": "Point", "coordinates": [99.22, 19.32]}, "properties": {"probability": 0.0191, "prob_ml": 0.0161, "prob_ca": 0.0, "elevation": 523.0, "slope": 2.2}}, {"type": "Feature", "geometry": {"type": "Point", "coordinates": [99.26, 19.32]}, "properties": {"probability": 0.0176, "prob_ml": 0.0149, "prob_ca": 0.0, "elevation": 688.0, "slope": 2.5}}, {"type": "Feature", "geometry": {"type": "Point", "coordinates": [99.3, 19.32]}, "properties": {"probability": 0.0132, "prob_ml": 0.0111, "prob_ca": 0.0, "elevation": 866.0, "slope": 3.1}}, {"type": "Feature", "geometry": {"type": "Point", "coordinates": [99.54, 19.32]}, "properties": {"probability": 0.0107, "prob_ml": 0.009, "prob_ca": 0.0, "elevation": 599.0, "slope": 0.6}}, {"type": "Feature", "geometry": {"type": "Point", "coordinates": [98.98, 19.44]}, "properties": {"probability": 0.0128, "prob_ml": 0.0108, "prob_ca": 0.0, "elevation": 459.0, "slope": 0.2}}, {"type": "Feature", "geometry": {"type": "Point", "coordinates": [99.02, 19.44]}, "properties": {"probability": 0.0102, "prob_ml": 0.0086, "prob_ca": 0.0, "elevation": 499.0, "slope": 1.9}}]}