time,wind_speed_10m,wind_direction_10m,wind_gusts_10m,temperature_2m,relative_humidity_2m,precipitation,lat,lon
2026-03-20 00:00:00,1.43,245,3.5,20.5,58,0.0,18.33,99.15
2026-03-20 01:00:00,1.64,239,3.5,20.5,59,0.0,18.33,99.15
2026-03-20 02:00:00,1.95,244,4.3,21.0,54,0.0,18.33,99.15
2026-03-20 03:00:00,1.66,245,4.4,20.9,56,0.0,18.33,99.15
2026-03-20 04:00:00,1.5,240,3.7,20.5,58,0.0,18.33,99.15
2026-03-20 05:00:00,0.96,264,3.3,20.4,60,0.0,18.33,99.15
2026-03-20 06:00:00,0.4,300,2.5,20.4,60,0.0,18.33,99.15
2026-03-20 07:00:00,0.07,225,1.6,21.0,60,0.0,18.33,99.15
2026-03-20 08:00:00,0.5,264,1.5,23.5,55,0.0,18.33,99.15
2026-03-20 09:00:00,0.57,322,2.3,26.2,49,0.0,18.33,99.15
2026-03-20 10:00:00,0.25,323,2.6,28.0,45,0.0,18.33,99.15
2026-03-20 11:00:00,0.05,270,2.5,29.2,41,0.0,18.33,99.15
2026-03-20 12:00:00,0.21,194,2.7,30.5,35,0.0,18.33,99.15
2026-03-20 13:00:00,0.21,256,2.8,31.5,28,0.0,18.33,99.15
2026-03-20 14:00:00,0.94,238,3.5,32.1,28,0.0,18.33,99.15
2026-03-20 15:00:00,1.79,243,4.9,31.9,28,0.0,18.33,99.15
2026-03-20 16:00:00,2.73,246,6.7,31.0,29,0.0,18.33,99.15
2026-03-20 17:00:00,2.0,269,6.8,29.5,36,0.0,18.33,99.15
2026-03-20 18:00:00,1.81,321,5.0,26.5,47,0.0,18.33,99.15
2026-03-20 19:00:00,0.3,279,4.3,25.5,53,0.0,18.33,99.15
2026-03-20 20:00:00,0.07,225,1.4,24.9,53,0.0,18.33,99.15
2026-03-20 21:00:00,0.99,210,2.1,24.0,52,0.0,18.33,99.15
2026-03-20 22:00:00,1.56,230,3.6,23.4,54,0.0,18.33,99.15
2026-03-20 23:00:00,1.35,248,3.5,22.4,60,0.0,18.33,99.15
2026-03-21 00:00:00,1.31,252,3.2,21.9,64,0.0,18.33,99.15
2026-03-21 01:00:00,0.56,207,3.1,21.8,64,0.0,18.33,99.15
2026-03-21 02:00:00,0.61,189,1.6,21.5,65,0.0,18.33,99.15
2026-03-21 03:00:00,0.86,187,2.0,21.0,67,0.0,18.33,99.15
2026-03-21 04:00:00,0.58,211,1.9,20.8,68,0.0,18.33,99.15
2026-03-21 05:00:00,0.32,219,1.7,20.6,69,0.0,18.33,99.15
2026-03-21 06:00:00,0.21,194,1.2,20.6,70,0.0,18.33,99.15
2026-03-21 07:00:00,0.61,215,0.8,20.3,74,0.0,18.33,99.15
2026-03-21 08:00:00,1.24,194,2.8,23.0,69,0.0,18.33,99.15
2026-03-21 09:00:00,1.07,152,3.4,26.1,57,0.0,18.33,99.15
2026-03-21 10:00:00,1.14,151,3.9,27.9,50,0.0,18.33,99.15
2026-03-21 11:00:00,1.39,150,4.6,29.2,46,0.0,18.33,99.15
2026-03-21 12:00:00,2.03,164,6.1,30.5,42,0.0,18.33,99.15
2026-03-21 13:00:00,2.26,185,7.0,31.2,40,0.0,18.33,99.15
2026-03-21 14:00:00,2.4,197,6.4,31.6,39,0.0,18.33,99.15
2026-03-21 15:00:00,2.77,214,6.9,31.3,41,0.3,18.33,99.15
2026-03-21 16:00:00,2.44,223,7.3,30.0,39,0.1,18.33,99.15
2026-03-21 17:00:00,1.41,203,5.8,30.0,41,0.0,18.33,99.15
2026-03-21 18:00:00,2.17,128,4.3,27.0,53,0.0,18.33,99.15
2026-03-21 19:00:00,1.92,205,4.9,23.5,72,0.0,18.33,99.15
2026-03-21 20:00:00,2.11,175,5.1,23.8,64,0.0,18.33,99.15
2026-03-21 21:00:00,1.96,195,5.3,24.0,64,0.0,18.33,99.15
2026-03-21 22:00:00,1.43,192,4.8,23.2,68,0.0,18.33,99.15
2026-03-21 23:00:00,1.43,216,3.8,22.5,72,0.0,18.33,99.15
2026-03-22 00:00:00,1.42,228,3.6,21.9,74,0.0,18.33,99.15
2026-03-22 01:00:00,0.34,153,3.4,23.0,73,0.0,18.33,99.15
2026-03-22 02:00:00,0.34,153,2.4,22.5,76,0.0,18.33,99.15
2026-03-22 03:00:00,0.81,202,2.3,21.3,82,0.0,18.33,99.15
2026-03-22 04:00:00,1.37,246,3.3,20.8,87,0.0,18.33,99.15
2026-03-22 05:00:00,1.68,240,4.1,20.5,85,0.0,18.33,99.15
2026-03-22 06:00:00,1.35,248,4.1,20.6,82,0.0,18.33,99.15
2026-03-22 07:00:00,1.74,231,3.5,22.0,73,0.0,18.33,99.15
2026-03-22 08:00:00,2.05,225,4.8,25.5,63,0.0,18.33,99.15
2026-03-22 09:00:00,2.73,230,6.6,27.3,50,0.0,18.33,99.15
2026-03-22 10:00:00,2.62,228,6.9,28.2,48,0.0,18.33,99.15
2026-03-22 11:00:00,2.95,236,7.6,29.5,44,0.0,18.33,99.15
2026-03-22 12:00:00,3.93,239,9.4,30.2,38,0.0,18.33,99.15
2026-03-22 13:00:00,4.64,233,9.8,30.5,37,0.0,18.33,99.15
2026-03-22 14:00:00,3.67,218,10.8,31.1,35,0.0,18.33,99.15
2026-03-22 15:00:00,3.61,225,8.9,32.2,32,0.0,18.33,99.15
2026-03-22 16:00:00,4.74,242,10.9,31.0,33,0.0,18.33,99.15
2026-03-22 17:00:00,3.84,252,11.1,29.8,40,0.0,18.33,99.15
2026-03-22 18:00:00,2.84,261,8.8,27.5,48,0.0,18.33,99.15
2026-03-22 19:00:00,3.35,253,7.2,26.0,48,0.0,18.33,99.15
2026-03-22 20:00:00,4.47,248,10.1,26.5,46,0.0,18.33,99.15
2026-03-22 21:00:00,4.36,245,10.0,25.8,48,0.0,18.33,99.15
2026-03-22 22:00:00,3.74,254,9.8,24.9,51,0.0,18.33,99.15
2026-03-22 23:00:00,3.13,257,8.5,23.8,53,0.0,18.33,99.15
2026-03-23 00:00:00,2.49,248,7.3,22.7,55,0.0,18.33,99.15
2026-03-23 01:00:00,2.47,252,6.1,22.7,59,0.0,18.33,99.15
2026-03-23 02:00:00,2.53,252,6.3,22.8,57,0.0,18.33,99.15
2026-03-23 03:00:00,2.75,245,6.3,22.3,58,0.0,18.33,99.15
2026-03-23 04:00:00,2.82,237,6.5,22.0,60,0.0,18.33,99.15
2026-03-23 05:00:00,2.59,230,6.5,21.4,63,0.0,18.33,99.15
2026-03-23 06:00:00,1.95,230,5.9,20.6,65,0.0,18.33,99.15
2026-03-23 07:00:00,1.35,239,4.7,20.3,72,0.0,18.33,99.15
2026-03-23 08:00:00,1.76,263,4.2,23.7,66,0.0,18.33,99.15
2026-03-23 09:00:00,2.26,252,5.7,27.1,39,0.0,18.33,99.15
2026-03-23 10:00:00,3.2,241,7.8,28.5,29,0.0,18.33,99.15
2026-03-23 11:00:00,3.1,239,8.0,29.5,26,0.0,18.33,99.15
2026-03-23 12:00:00,3.03,239,8.0,30.8,21,0.0,18.33,99.15
2026-03-23 13:00:00,3.7,235,9.0,31.6,22,0.0,18.33,99.15
2026-03-23 14:00:00,3.09,230,9.1,31.6,27,0.0,18.33,99.15
2026-03-23 15:00:00,2.39,237,7.8,32.5,22,0.0,18.33,99.15
2026-03-23 16:00:00,3.2,247,7.7,32.2,21,0.0,18.33,99.15
2026-03-23 17:00:00,2.86,254,8.2,30.5,28,0.0,18.33,99.15
2026-03-23 18:00:00,2.45,269,6.9,27.5,37,0.0,18.33,99.15
2026-03-23 19:00:00,2.38,260,7.1,25.2,41,0.0,18.33,99.15
2026-03-23 20:00:00,3.98,252,8.3,25.7,35,0.0,18.33,99.15
2026-03-23 21:00:00,3.46,259,8.8,25.6,35,0.0,18.33,99.15
2026-03-23 22:00:00,2.68,256,7.6,23.6,40,0.0,18.33,99.15
2026-03-23 23:00:00,2.82,253,6.3,22.6,41,0.0,18.33,99.15
2026-03-24 00:00:00,2.4,247,6.3,22.0,42,0.0,18.33,99.15
2026-03-24 01:00:00,2.47,252,5.6,21.4,45,0.0,18.33,99.15
2026-03-24 02:00:00,3.15,255,7.0,21.6,43,0.0,18.33,99.15
2026-03-24 03:00:00,3.16,259,7.1,21.8,43,0.0,18.33,99.15
2026-03-24 04:00:00,2.75,271,7.0,21.4,45,0.0,18.33,99.15
2026-03-24 05:00:00,1.87,286,6.3,20.4,49,0.0,18.33,99.15
2026-03-24 06:00:00,1.25,293,4.6,19.4,54,0.0,18.33,99.15
2026-03-24 07:00:00,0.7,291,3.2,20.2,56,0.0,18.33,99.15
2026-03-24 08:00:00,0.99,300,2.4,23.1,52,0.0,18.33,99.15
2026-03-24 09:00:00,1.15,326,3.6,26.0,42,0.0,18.33,99.15
2026-03-24 10:00:00,1.35,318,4.5,27.5,38,0.0,18.33,99.15
2026-03-24 11:00:00,1.39,308,4.9,29.0,35,0.0,18.33,99.15
2026-03-24 12:00:00,1.41,287,5.0,30.5,31,0.0,18.33,99.15
2026-03-24 13:00:00,1.49,250,5.7,32.2,26,0.0,18.33,99.15
2026-03-24 14:00:00,2.41,223,6.5,33.0,22,0.0,18.33,99.15
2026-03-24 15:00:00,3.54,223,8.6,32.8,21,0.0,18.33,99.15
2026-03-24 16:00:00,3.29,227,8.8,32.0,25,0.0,18.33,99.15
2026-03-24 17:00:00,1.83,235,7.9,31.3,29,0.0,18.33,99.15
2026-03-24 18:00:00,0.92,299,4.6,28.9,45,0.0,18.33,99.15
2026-03-24 19:00:00,0.11,297,3.8,27.0,48,0.0,18.33,99.15
2026-03-24 20:00:00,1.01,279,2.5,25.0,50,0.0,18.33,99.15
2026-03-24 21:00:00,0.7,249,2.5,24.1,53,0.0,18.33,99.15
2026-03-24 22:00:00,0.53,221,2.1,23.4,53,0.0,18.33,99.15
2026-03-24 23:00:00,0.39,220,2.1,22.4,54,0.0,18.33,99.15
2026-03-25 00:00:00,0.74,250,2.5,21.2,55,0.0,18.33,99.15
2026-03-25 01:00:00,1.57,261,3.5,21.1,55,0.0,18.33,99.15
2026-03-25 02:00:00,3.11,274,6.3,21.6,51,0.0,18.33,99.15
2026-03-25 03:00:00,3.35,268,7.6,22.9,42,0.0,18.33,99.15
2026-03-25 04:00:00,2.25,258,7.4,22.0,44,0.0,18.33,99.15
2026-03-25 05:00:00,1.27,261,5.2,20.6,50,0.0,18.33,99.15
2026-03-25 06:00:00,0.22,243,3.2,20.8,51,0.0,18.33,99.15
2026-03-25 07:00:00,0.36,254,1.6,21.3,57,0.0,18.33,99.15
2026-03-25 08:00:00,0.81,281,2.4,23.9,54,0.0,18.33,99.15
2026-03-25 09:00:00,0.46,311,2.6,27.4,40,0.0,18.33,99.15
2026-03-25 10:00:00,0.64,309,3.2,28.7,37,0.0,18.33,99.15
2026-03-25 11:00:00,1.0,323,4.1,30.0,36,0.0,18.33,99.15
2026-03-25 12:00:00,1.17,301,4.6,31.3,34,0.0,18.33,99.15
2026-03-25 13:00:00,1.45,266,5.6,33.0,29,0.0,18.33,99.15
2026-03-25 14:00:00,2.66,254,7.0,33.5,26,0.0,18.33,99.15
2026-03-25 15:00:00,3.89,242,9.4,33.2,26,0.0,18.33,99.15
2026-03-25 16:00:00,3.54,241,9.7,32.2,29,0.0,18.33,99.15
2026-03-25 17:00:00,1.61,277,8.3,31.9,32,0.0,18.33,99.15
2026-03-25 18:00:00,2.51,301,5.7,29.0,38,0.0,18.33,99.15
2026-03-25 19:00:00,1.72,296,6.6,26.4,47,0.0,18.33,99.15
2026-03-25 20:00:00,1.5,270,4.3,25.5,44,0.0,18.33,99.15
2026-03-25 21:00:00,2.04,281,4.9,24.5,44,0.0,18.33,99.15
2026-03-25 22:00:00,2.43,278,5.7,24.1,45,0.0,18.33,99.15
2026-03-25 23:00:00,2.5,268,5.8,23.6,49,0.0,18.33,99.15
2026-03-26 00:00:00,2.69,252,6.4,23.4,49,0.0,18.33,99.15
2026-03-26 01:00:00,2.18,250,6.3,22.6,52,0.0,18.33,99.15
2026-03-26 02:00:00,2.03,254,5.4,22.3,52,0.0,18.33,99.15
2026-03-26 03:00:00,1.86,265,5.0,22.0,53,0.0,18.33,99.15
2026-03-26 04:00:00,1.7,284,4.7,21.5,54,0.0,18.33,99.15
2026-03-26 05:00:00,1.59,298,4.4,20.7,57,0.0,18.33,99.15
2026-03-26 06:00:00,1.35,301,4.1,19.9,60,0.0,18.33,99.15
2026-03-26 07:00:00,1.21,308,3.5,20.3,65,0.0,18.33,99.15
2026-03-26 08:00:00,1.65,305,3.5,23.2,58,0.0,18.33,99.15
2026-03-26 09:00:00,1.57,323,4.5,26.1,45,0.0,18.33,99.15
2026-03-26 10:00:00,1.57,323,5.1,28.0,39,0.0,18.33,99.15
2026-03-26 11:00:00,1.91,315,5.8,30.0,35,0.0,18.33,99.15
2026-03-26 12:00:00,2.1,308,6.2,31.5,31,0.0,18.33,99.15
2026-03-26 13:00:00,2.19,305,7.2,33.4,27,0.0,18.33,99.15
2026-03-26 14:00:00,2.91,286,7.7,33.9,24,0.0,18.33,99.15
2026-03-26 15:00:00,3.35,267,8.3,33.9,23,0.0,18.33,99.15
2026-03-26 16:00:00,3.52,255,8.5,33.3,27,0.0,18.33,99.15
2026-03-26 17:00:00,2.41,257,8.4,32.4,28,0.0,18.33,99.15
2026-03-26 18:00:00,2.6,273,6.0,29.4,34,0.0,18.33,99.15
2026-03-26 19:00:00,2.4,272,7.6,27.2,38,0.0,18.33,99.15
2026-03-26 20:00:00,2.21,257,5.6,26.0,40,0.0,18.33,99.15
2026-03-26 21:00:00,2.95,255,6.5,26.0,40,0.0,18.33,99.15
2026-03-26 22:00:00,3.0,259,6.6,25.6,39,0.0,18.33,99.15
2026-03-26 23:00:00,2.51,257,6.5,24.8,43,0.0,18.33,99.15
2026-03-27 00:00:00,2.14,249,5.6,23.8,50,0.0,18.33,99.15
2026-03-27 01:00:00,1.84,241,4.9,22.9,58,0.0,18.33,99.15
2026-03-27 02:00:00,1.68,233,4.3,22.7,56,0.0,18.33,99.15
2026-03-27 03:00:00,1.31,223,4.0,22.2,55,0.0,18.33,99.15
2026-03-27 04:00:00,0.45,264,3.2,22.0,53,0.0,18.33,99.15
2026-03-27 05:00:00,0.34,297,2.0,21.5,53,0.0,18.33,99.15
2026-03-27 06:00:00,0.58,301,2.1,20.7,55,0.0,18.33,99.15
2026-03-27 07:00:00,0.67,297,2.5,20.8,60,0.0,18.33,99.15
2026-03-27 08:00:00,1.53,308,3.3,23.6,57,0.0,18.33,99.15
2026-03-27 09:00:00,1.45,316,4.2,27.4,44,0.0,18.33,99.15
2026-03-27 10:00:00,1.9,293,5.5,29.5,37,0.0,18.33,99.15
2026-03-27 11:00:00,2.5,272,6.8,31.1,31,0.0,18.33,99.15
2026-03-27 12:00:00,3.17,258,8.1,32.5,26,0.0,18.33,99.15
2026-03-27 13:00:00,4.05,237,9.1,33.5,21,0.0,18.33,99.15
2026-03-27 14:00:00,4.06,232,10.1,33.5,23,0.0,18.33,99.15
2026-03-27 15:00:00,3.39,226,9.8,33.3,27,0.0,18.33,99.15
2026-03-27 16:00:00,2.75,237,8.2,33.7,24,0.0,18.33,99.15
2026-03-27 17:00:00,3.42,255,8.5,31.9,27,0.0,18.33,99.15
2026-03-27 18:00:00,3.51,273,8.3,29.0,35,0.0,18.33,99.15
2026-03-27 19:00:00,2.55,267,8.7,26.8,40,0.0,18.33,99.15
2026-03-27 20:00:00,2.98,262,6.8,26.2,42,0.0,18.33,99.15
2026-03-27 21:00:00,3.33,262,7.3,25.9,45,0.0,18.33,99.15
2026-03-27 22:00:00,3.61,260,7.9,26.0,47,0.0,18.33,99.15
2026-03-27 23:00:00,3.28,258,7.9,25.4,49,0.0,18.33,99.15
2026-03-28 00:00:00,2.83,253,7.3,24.1,52,0.0,18.33,99.15
2026-03-28 01:00:00,2.28,251,6.3,22.9,55,0.0,18.33,99.15
2026-03-28 02:00:00,2.44,251,5.9,22.9,52,0.0,18.33,99.15
2026-03-28 03:00:00,1.69,258,5.6,22.2,55,0.0,18.33,99.15
2026-03-28 04:00:00,0.92,283,4.2,21.6,59,0.0,18.33,99.15
2026-03-28 05:00:00,0.81,313,2.6,21.0,62,0.0,18.33,99.15
2026-03-28 06:00:00,0.92,315,2.4,20.3,66,0.0,18.33,99.15
2026-03-28 07:00:00,0.71,315,2.3,21.2,68,0.0,18.33,99.15
2026-03-28 08:00:00,0.63,342,2.0,24.1,62,0.0,18.33,99.15
2026-03-28 09:00:00,0.5,6,2.5,27.2,50,0.0,18.33,99.15
2026-03-28 10:00:00,0.74,332,3.4,29.1,43,0.0,18.33,99.15
2026-03-28 11:00:00,0.73,286,3.7,30.8,37,0.0,18.33,99.15
2026-03-28 12:00:00,1.31,252,4.7,32.4,29,0.0,18.33,99.15
2026-03-28 13:00:00,2.23,226,6.2,34.0,23,0.0,18.33,99.15
2026-03-28 14:00:00,4.17,236,10.0,33.3,26,0.0,18.33,99.15
2026-03-28 15:00:00,4.14,227,10.8,33.0,28,0.0,18.33,99.15
2026-03-28 16:00:00,3.08,212,9.8,33.0,28,0.0,18.33,99.15
2026-03-28 17:00:00,1.7,227,7.8,32.7,29,0.0,18.33,99.15
2026-03-28 18:00:00,1.7,272,4.4,29.2,41,0.0,18.33,99.15
2026-03-28 19:00:00,1.58,252,4.5,26.9,46,0.0,18.33,99.15
2026-03-28 20:00:00,1.5,233,4.0,26.2,46,0.0,18.33,99.15
2026-03-28 21:00:00,2.13,246,5.2,26.0,46,0.0,18.33,99.15
2026-03-28 22:00:00,1.65,235,5.1,24.8,53,0.0,18.33,99.15
2026-03-28 23:00:00,1.51,236,4.1,24.0,58,0.0,18.33,99.15
2026-03-29 00:00:00,1.93,260,4.7,23.7,59,0.0,18.33,99.15
2026-03-29 01:00:00,1.97,261,5.3,23.6,60,0.0,18.33,99.15
2026-03-29 02:00:00,2.14,254,5.2,23.8,58,0.0,18.33,99.15
2026-03-29 03:00:00,1.82,249,5.1,23.6,58,0.0,18.33,99.15
2026-03-29 04:00:00,1.84,241,4.5,23.3,58,0.0,18.33,99.15
2026-03-29 05:00:00,2.15,248,5.1,23.4,57,0.0,18.33,99.15
2026-03-29 06:00:00,1.3,274,5.0,22.7,60,0.0,18.33,99.15
2026-03-29 07:00:00,1.07,259,3.5,23.8,63,0.0,18.33,99.15
2026-03-29 08:00:00,0.72,295,3.2,26.2,57,0.0,18.33,99.15
2026-03-29 09:00:00,0.4,180,2.5,28.8,45,0.0,18.33,99.15
2026-03-29 10:00:00,1.06,221,3.8,30.5,37,0.0,18.33,99.15
2026-03-29 11:00:00,2.17,232,5.9,32.0,30,0.0,18.33,99.15
2026-03-29 12:00:00,3.45,240,8.7,32.5,29,0.0,18.33,99.15
2026-03-29 13:00:00,4.3,245,11.2,32.9,28,0.0,18.33,99.15
2026-03-29 14:00:00,3.49,236,10.3,33.1,29,0.0,18.33,99.15
2026-03-29 15:00:00,3.97,229,9.5,33.3,27,0.0,18.33,99.15
2026-03-29 16:00:00,4.01,234,9.9,32.6,26,0.0,18.33,99.15
2026-03-29 17:00:00,3.54,251,9.4,31.5,29,0.0,18.33,99.15
2026-03-29 18:00:00,2.74,255,8.4,29.1,36,0.0,18.33,99.15
2026-03-29 19:00:00,3.49,245,6.9,28.2,36,0.0,18.33,99.15
2026-03-29 20:00:00,3.97,253,9.1,28.1,38,0.0,18.33,99.15
2026-03-29 21:00:00,2.8,259,8.9,27.0,40,0.0,18.33,99.15
2026-03-29 22:00:00,2.27,248,6.7,25.8,45,0.0,18.33,99.15
2026-03-29 23:00:00,2.48,236,5.9,25.2,47,0.0,18.33,99.15
2026-03-30 00:00:00,2.04,248,6.0,24.5,47,0.0,18.33,99.15
2026-03-30 01:00:00,1.79,234,5.2,23.6,53,0.0,18.33,99.15
2026-03-30 02:00:00,1.73,248,4.4,23.4,51,0.0,18.33,99.15
2026-03-30 03:00:00,1.99,252,4.9,23.1,49,0.0,18.33,99.15
2026-03-30 04:00:00,2.09,259,5.0,22.6,50,0.0,18.33,99.15
2026-03-30 05:00:00,1.86,264,5.0,22.2,52,0.0,18.33,99.15
2026-03-30 06:00:00,1.4,274,4.5,21.7,56,0.0,18.33,99.15
2026-03-30 07:00:00,0.7,266,3.4,23.0,58,0.0,18.33,99.15
2026-03-30 08:00:00,0.53,319,2.2,25.7,54,0.0,18.33,99.15
2026-03-30 09:00:00,0.16,108,1.9,28.2,43,0.0,18.33,99.15
2026-03-30 10:00:00,0.45,180,2.9,30.0,38,0.0,18.33,99.15
2026-03-30 11:00:00,0.72,205,3.6,31.5,33,0.0,18.33,99.15
2026-03-30 12:00:00,1.44,236,4.8,32.8,28,0.0,18.33,99.15
2026-03-30 13:00:00,3.41,215,7.1,33.8,23,0.0,18.33,99.15
2026-03-30 14:00:00,3.75,226,9.4,33.8,22,0.0,18.33,99.15
2026-03-30 15:00:00,3.13,236,9.2,34.0,23,0.0,18.33,99.15
2026-03-30 16:00:00,2.84,236,7.8,34.0,23,0.0,18.33,99.15
2026-03-30 17:00:00,2.97,243,7.5,32.7,26,0.0,18.33,99.15
2026-03-30 18:00:00,3.13,263,7.4,29.9,33,0.0,18.33,99.15
2026-03-30 19:00:00,2.71,258,8.1,27.9,39,0.0,18.33,99.15
2026-03-30 20:00:00,3.4,267,7.8,27.9,39,0.0,18.33,99.15
2026-03-30 21:00:00,2.61,265,7.7,26.9,42,0.0,18.33,99.15
2026-03-30 22:00:00,2.48,261,6.4,26.1,41,0.0,18.33,99.15
2026-03-30 23:00:00,1.9,256,6.3,25.5,44,0.0,18.33,99.15
2026-03-31 00:00:00,1.7,246,5.1,24.9,46,0.0,18.33,99.15
2026-03-31 01:00:00,2.33,261,5.8,24.9,47,0.0,18.33,99.15
2026-03-31 02:00:00,2.77,257,6.4,24.9,47,0.0,18.33,99.15
2026-03-31 03:00:00,2.79,249,6.3,24.2,50,0.0,18.33,99.15
2026-03-31 04:00:00,3.1,255,7.1,23.9,52,0.0,18.33,99.15
2026-03-31 05:00:00,3.21,259,7.6,24.0,54,0.0,18.33,99.15
2026-03-31 06:00:00,2.1,267,7.2,23.1,58,0.0,18.33,99.15
2026-03-31 07:00:00,1.18,282,5.1,22.8,69,0.0,18.33,99.15
2026-03-31 08:00:00,0.89,322,3.5,26.1,62,0.0,18.33,99.15
2026-03-31 09:00:00,1.01,290,3.6,28.8,45,0.0,18.33,99.15
2026-03-31 10:00:00,1.42,288,4.7,30.3,39,0.0,18.33,99.15
2026-03-31 11:00:00,1.6,274,5.2,31.9,33,0.0,18.33,99.15
2026-03-31 12:00:00,2.16,263,6.3,32.9,29,0.0,18.33,99.15
2026-03-31 13:00:00,2.38,280,7.5,33.7,26,0.0,18.33,99.15
2026-03-31 14:00:00,2.86,265,7.4,34.0,25,0.0,18.33,99.15
2026-03-31 15:00:00,3.59,257,8.7,33.8,23,0.0,18.33,99.15
2026-03-31 16:00:00,3.69,257,8.9,33.3,23,0.0,18.33,99.15
2026-03-31 17:00:00,3.26,259,8.7,32.4,25,0.0,18.33,99.15
2026-03-31 18:00:00,2.37,263,7.5,29.8,33,0.0,18.33,99.15
2026-03-31 19:00:00,1.96,255,5.5,27.6,36,0.0,18.33,99.15
2026-03-31 20:00:00,1.64,250,4.4,26.8,38,0.0,18.33,99.15
2026-03-31 21:00:00,1.25,203,3.5,26.1,42,0.0,18.33,99.15
2026-03-31 22:00:00,1.69,214,3.8,25.1,44,0.0,18.33,99.15
2026-03-31 23:00:00,1.63,220,4.0,24.4,48,0.0,18.33,99.15
2026-04-01 00:00:00,1.56,228,4.0,23.5,53,0.0,18.33,99.15
2026-04-01 01:00:00,1.87,226,4.5,23.5,57,0.0,18.33,99.15
2026-04-01 02:00:00,2.05,236,5.0,23.7,55,0.0,18.33,99.15
2026-04-01 03:00:00,2.17,247,5.0,23.6,54,0.0,18.33,99.15
2026-04-01 04:00:00,2.07,255,5.0,23.4,54,0.0,18.33,99.15
2026-04-01 05:00:00,2.27,256,4.9,23.2,54,0.0,18.33,99.15
2026-04-01 06:00:00,1.88,259,5.0,23.0,55,0.0,18.33,99.15
2026-04-01 07:00:00,1.42,280,4.1,23.0,64,0.0,18.33,99.15
2026-04-01 08:00:00,1.39,322,3.6,26.1,59,0.0,18.33,99.15
2026-04-01 09:00:00,0.96,298,3.4,28.9,45,0.0,18.33,99.15
2026-04-01 10:00:00,1.12,302,4.2,30.4,40,0.0,18.33,99.15
2026-04-01 11:00:00,0.89,322,4.3,31.9,35,0.0,18.33,99.15
2026-04-01 12:00:00,1.01,327,4.2,32.6,32,0.0,18.33,99.15
2026-04-01 13:00:00,0.75,356,4.2,33.5,29,0.0,18.33,99.15
2026-04-01 14:00:00,0.35,98,3.6,33.8,29,0.0,18.33,99.15
2026-04-01 15:00:00,1.19,195,4.0,34.0,29,0.0,18.33,99.15
2026-04-01 16:00:00,2.08,210,5.3,33.4,30,0.0,18.33,99.15
2026-04-01 17:00:00,2.22,211,6.0,32.5,29,0.0,18.33,99.15
2026-04-01 18:00:00,1.12,212,5.4,30.1,45,0.0,18.33,99.15
2026-04-01 19:00:00,1.17,220,4.0,28.2,41,0.0,18.33,99.15
2026-04-01 20:00:00,0.49,204,3.2,28.0,40,0.0,18.33,99.15
2026-04-01 21:00:00,1.05,149,2.7,27.0,41,0.0,18.33,99.15
2026-04-01 22:00:00,1.36,186,3.4,26.0,42,0.0,18.33,99.15
2026-04-01 23:00:00,1.56,225,3.9,25.4,44,0.0,18.33,99.15
2026-04-02 00:00:00,1.85,232,4.4,24.9,49,0.0,18.33,99.15
2026-04-02 01:00:00,2.42,240,4.9,25.5,48,0.0,18.33,99.15
2026-04-02 02:00:00,1.84,241,5.6,25.4,50,0.0,18.33,99.15
2026-04-02 03:00:00,1.46,232,4.3,24.2,55,0.0,18.33,99.15
2026-04-02 04:00:00,1.34,243,3.5,23.5,58,0.0,18.33,99.15
2026-04-02 05:00:00,1.19,255,3.4,23.0,59,0.0,18.33,99.15
2026-04-02 06:00:00,0.9,267,3.0,22.6,61,0.0,18.33,99.15
2026-04-02 07:00:00,0.45,270,2.5,23.2,67,0.0,18.33,99.15
2026-04-02 08:00:00,0.45,360,1.8,25.9,62,0.0,18.33,99.15
2026-04-02 09:00:00,0.55,355,2.6,28.7,46,0.0,18.33,99.15
2026-04-02 10:00:00,0.9,304,3.7,30.4,42,0.0,18.33,99.15
2026-04-02 11:00:00,0.91,264,4.0,32.0,36,0.0,18.33,99.15
2026-04-02 12:00:00,1.37,246,4.9,33.2,31,0.0,18.33,99.15
2026-04-02 13:00:00,1.98,221,6.2,34.2,26,0.0,18.33,99.15
2026-04-02 14:00:00,3.19,221,7.9,34.2,26,0.0,18.33,99.15
2026-04-02 15:00:00,3.75,222,9.3,34.0,24,0.0,18.33,99.15
2026-04-02 16:00:00,2.51,224,9.0,33.8,26,0.0,18.33,99.15
2026-04-02 17:00:00,1.46,254,6.2,33.3,30,0.0,18.33,99.15
2026-04-02 18:00:00,1.46,278,4.1,30.1,42,0.0,18.33,99.15
2026-04-02 19:00:00,2.69,252,5.4,27.7,44,0.0,18.33,99.15
2026-04-02 20:00:00,3.01,259,6.7,27.6,40,0.0,18.33,99.15
2026-04-02 21:00:00,2.46,257,6.7,27.2,40,0.0,18.33,99.15
2026-04-02 22:00:00,1.72,253,5.7,26.1,43,0.0,18.33,99.15
2026-04-02 23:00:00,1.93,253,4.8,25.2,45,0.0,18.33,99.15
2026-04-03 00:00:00,2.41,249,5.8,24.8,47,0.0,18.33,99.15
2026-04-03 01:00:00,1.91,237,5.7,23.9,55,0.0,18.33,99.15
2026-04-03 02:00:00,2.53,240,5.6,24.1,54,0.0,18.33,99.15
2026-04-03 03:00:00,2.17,247,5.6,24.0,55,0.0,18.33,99.15
2026-04-03 04:00:00,1.78,260,5.1,23.3,57,0.0,18.33,99.15
2026-04-03 05:00:00,1.4,268,4.4,22.5,59,0.0,18.33,99.15
2026-04-03 06:00:00,0.96,276,3.4,21.8,62,0.0,18.33,99.15
2026-04-03 07:00:00,0.51,259,2.4,23.0,68,0.0,18.33,99.15
2026-04-03 08:00:00,0.6,318,1.9,26.2,62,0.0,18.33,99.15
2026-04-03 09:00:00,0.68,343,2.8,28.9,45,0.0,18.33,99.15
2026-04-03 10:00:00,1.21,322,4.2,30.5,41,0.0,18.33,99.15
2026-04-03 11:00:00,1.1,321,4.6,31.9,37,0.0,18.33,99.15
2026-04-03 12:00:00,0.81,313,4.3,33.2,33,0.0,18.33,99.15
2026-04-03 13:00:00,0.6,95,3.9,34.0,29,0.0,18.33,99.15
2026-04-03 14:00:00,0.63,151,3.7,34.7,27,0.0,18.33,99.15
2026-04-03 15:00:00,0.83,245,3.3,35.1,24,0.0,18.33,99.15
2026-04-03 16:00:00,1.65,273,4.6,34.7,25,0.0,18.33,99.15
2026-04-03 17:00:00,1.46,264,4.7,33.3,28,0.0,18.33,99.15
2026-04-03 18:00:00,0.58,239,4.2,31.0,47,0.0,18.33,99.15
2026-04-03 19:00:00,0.38,293,3.2,28.2,47,0.0,18.33,99.15
2026-04-03 20:00:00,0.61,145,1.5,27.5,49,0.0,18.33,99.15
2026-04-03 21:00:00,1.29,167,2.8,26.2,51,0.0,18.33,99.15
2026-04-03 22:00:00,2.09,213,4.4,25.0,53,0.0,18.33,99.15
2026-04-03 23:00:00,3.02,243,6.7,25.4,56,0.0,18.33,99.15
2026-04-04 00:00:00,3.53,258,7.7,25.5,57,0.0,18.33,99.15
2026-04-04 01:00:00,3.37,263,7.7,24.8,62,0.0,18.33,99.15
2026-04-04 02:00:00,3.38,257,7.5,25.5,59,0.0,18.33,99.15
2026-04-04 03:00:00,3.21,259,7.5,25.1,58,0.0,18.33,99.15
2026-04-04 04:00:00,2.66,266,7.1,24.5,58,0.0,18.33,99.15
2026-04-04 05:00:00,1.95,267,5.9,23.5,60,0.0,18.33,99.15
2026-04-04 06:00:00,1.3,268,4.4,22.6,64,0.0,18.33,99.15
2026-04-04 07:00:00,0.93,286,3.1,22.9,74,0.0,18.33,99.15
2026-04-04 08:00:00,0.7,4,2.6,26.4,64,0.0,18.33,99.15
2026-04-04 09:00:00,0.81,338,3.3,28.4,52,0.0,18.33,99.15
2026-04-04 10:00:00,0.96,321,4.0,29.9,49,0.0,18.33,99.15
2026-04-04 11:00:00,0.99,330,4.3,31.5,44,0.0,18.33,99.15
2026-04-04 12:00:00,1.48,332,5.0,33.0,37,0.0,18.33,99.15
2026-04-04 13:00:00,2.66,320,5.7,33.2,35,0.0,18.33,99.15
2026-04-04 14:00:00,2.58,317,7.1,33.5,33,0.0,18.33,99.15
2026-04-04 15:00:00,2.37,312,6.9,32.5,37,0.0,18.33,99.15
2026-04-04 16:00:00,1.59,298,6.0,33.0,35,0.0,18.33,99.15
2026-04-04 17:00:00,1.52,243,4.5,32.4,37,0.0,18.33,99.15
2026-04-04 18:00:00,1.7,223,4.3,30.0,46,0.0,18.33,99.15
2026-04-04 19:00:00,1.25,185,5.1,28.8,51,0.0,18.33,99.15
2026-04-04 20:00:00,1.38,193,3.3,27.8,49,0.0,18.33,99.15
2026-04-04 21:00:00,2.47,201,5.7,27.1,48,0.0,18.33,99.15
2026-04-04 22:00:00,1.61,240,5.7,26.3,55,0.0,18.33,99.15
2026-04-04 23:00:00,1.58,259,3.9,25.4,59,0.0,18.33,99.15
2026-04-05 00:00:00,1.49,256,3.8,24.6,63,0.0,18.33,99.15
2026-04-05 01:00:00,1.56,264,4.8,24.0,69,0.0,18.33,99.15
2026-04-05 02:00:00,2.07,262,4.9,24.4,70,0.0,18.33,99.15
2026-04-05 03:00:00,1.96,255,4.9,24.0,73,0.0,18.33,99.15
2026-04-05 04:00:00,2.03,260,4.8,23.5,74,0.0,18.33,99.15
2026-04-05 05:00:00,1.75,257,4.8,23.1,74,0.0,18.33,99.15
2026-04-05 06:00:00,1.26,263,4.0,22.5,75,0.0,18.33,99.15
2026-04-05 07:00:00,1.42,280,2.9,23.1,78,0.0,18.33,99.15
2026-04-05 08:00:00,1.11,288,3.3,26.9,63,0.0,18.33,99.15
2026-04-05 09:00:00,1.1,270,3.8,28.9,53,0.0,18.33,99.15
2026-04-05 10:00:00,0.72,282,3.9,30.5,49,0.0,18.33,99.15
2026-04-05 11:00:00,0.42,315,3.6,32.2,42,0.0,18.33,99.15
2026-04-05 12:00:00,0.39,310,3.4,33.6,35,0.0,18.33,99.15
2026-04-05 13:00:00,1.49,310,3.7,34.5,32,0.0,18.33,99.15
2026-04-05 14:00:00,1.7,267,5.3,35.0,29,0.0,18.33,99.15
2026-04-05 15:00:00,2.53,243,6.5,35.0,27,0.0,18.33,99.15
2026-04-05 16:00:00,3.24,243,7.8,34.7,27,0.0,18.33,99.15
2026-04-05 17:00:00,3.13,253,8.1,33.5,28,0.0,18.33,99.15
2026-04-05 18:00:00,2.25,258,7.3,31.0,36,0.0,18.33,99.15
2026-04-05 19:00:00,3.15,243,6.3,28.8,39,0.0,18.33,99.15
2026-04-05 20:00:00,1.6,212,6.8,27.9,42,0.0,18.33,99.15
2026-04-05 21:00:00,1.12,212,3.6,27.0,47,0.0,18.33,99.15
2026-04-05 22:00:00,1.41,253,3.7,25.9,54,0.0,18.33,99.15
2026-04-05 23:00:00,1.7,267,4.2,25.0,64,0.0,18.33,99.15
2026-04-06 00:00:00,2.37,263,5.4,24.2,71,0.0,18.33,99.15
2026-04-06 01:00:00,2.25,258,6.3,23.8,76,0.0,18.33,99.15
2026-04-06 02:00:00,2.96,254,6.6,24.1,73,0.0,18.33,99.15
2026-04-06 03:00:00,2.84,260,6.8,24.0,70,0.0,18.33,99.15
2026-04-06 04:00:00,2.11,263,6.4,23.3,72,0.0,18.33,99.15
2026-04-06 05:00:00,1.43,258,4.7,22.5,75,0.0,18.33,99.15
2026-04-06 06:00:00,1.27,259,3.2,21.9,80,0.0,18.33,99.15
2026-04-06 07:00:00,1.64,250,2.9,22.6,80,0.0,18.33,99.15
2026-04-06 08:00:00,1.13,257,3.4,26.2,68,0.0,18.33,99.15
2026-04-06 09:00:00,1.06,262,3.8,28.5,57,0.0,18.33,99.15
2026-04-06 10:00:00,1.03,284,4.2,30.4,51,0.0,18.33,99.15
2026-04-06 11:00:00,0.67,283,4.7,31.9,45,0.0,18.33,99.15
2026-04-06 12:00:00,0.45,207,3.8,33.1,41,0.0,18.33,99.15
2026-04-06 13:00:00,0.75,143,3.5,34.4,32,0.0,18.33,99.15
2026-04-06 14:00:00,1.03,133,4.0,34.5,31,0.0,18.33,99.15
2026-04-06 15:00:00,1.18,168,4.0,34.7,29,0.0,18.33,99.15
2026-04-06 16:00:00,1.38,193,4.0,34.4,30,0.0,18.33,99.15
2026-04-06 17:00:00,1.32,209,3.9,33.5,32,0.0,18.33,99.15
2026-04-06 18:00:00,0.98,204,3.8,30.9,47,0.0,18.33,99.15
2026-04-06 19:00:00,0.81,169,2.6,29.5,47,0.0,18.33,99.15
2026-04-06 20:00:00,1.01,160,2.7,28.1,49,0.0,18.33,99.15
2026-04-06 21:00:00,0.93,234,2.9,27.2,49,0.0,18.33,99.15
2026-04-06 22:00:00,2.15,273,5.1,26.5,50,0.0,18.33,99.15
2026-04-06 23:00:00,2.73,262,6.0,26.0,60,0.0,18.33,99.15
2026-04-07 00:00:00,2.95,259,6.5,25.8,64,0.0,18.33,99.15
2026-04-07 01:00:00,4.33,263,8.4,26.5,68,0.0,18.33,99.15
2026-04-07 02:00:00,3.26,266,9.3,26.0,70,0.0,18.33,99.15
2026-04-07 03:00:00,2.45,266,7.3,25.1,75,0.0,18.33,99.15
2026-04-07 04:00:00,1.75,294,5.4,24.0,80,0.0,18.33,99.15
2026-04-07 05:00:00,1.45,268,4.0,23.1,85,0.0,18.33,99.15
2026-04-07 06:00:00,1.27,261,3.3,22.5,89,0.0,18.33,99.15
2026-04-07 07:00:00,1.64,250,3.1,23.2,86,0.0,18.33,99.15
2026-04-07 08:00:00,1.2,275,3.5,26.9,70,0.0,18.33,99.15
2026-04-07 09:00:00,1.38,289,4.5,29.0,58,0.0,18.33,99.15
2026-04-07 10:00:00,0.9,289,4.8,30.5,52,0.0,18.33,99.15
2026-04-07 11:00:00,0.7,270,4.6,32.0,45,0.0,18.33,99.15
2026-04-07 12:00:00,1.36,262,4.9,33.2,40,0.0,18.33,99.15
2026-04-07 13:00:00,1.75,246,6.4,34.1,37,0.0,18.33,99.15
2026-04-07 14:00:00,2.02,247,6.0,34.2,30,0.0,18.33,99.15
2026-04-07 15:00:00,2.63,231,6.8,34.5,29,0.0,18.33,99.15
2026-04-07 16:00:00,3.41,231,8.2,34.1,28,0.0,18.33,99.15
2026-04-07 17:00:00,3.14,239,8.2,33.0,30,0.0,18.33,99.15
2026-04-07 18:00:00,2.28,247,7.5,30.8,37,0.0,18.33,99.15
2026-04-07 19:00:00,1.52,229,5.7,28.8,46,0.0,18.33,99.15
2026-04-07 20:00:00,2.56,266,5.5,27.8,44,0.0,18.33,99.15
2026-04-07 21:00:00,3.47,264,7.8,28.0,49,0.0,18.33,99.15
2026-04-07 22:00:00,3.4,269,7.8,26.5,57,0.0,18.33,99.15
2026-04-07 23:00:00,4.16,273,9.2,26.0,60,0.0,18.33,99.15
2026-04-08 00:00:00,4.8,271,10.6,26.0,59,0.0,18.33,99.15
2026-04-08 01:00:00,4.65,269,10.8,25.8,61,0.0,18.33,99.15
2026-04-08 02:00:00,3.55,271,9.8,25.5,61,0.0,18.33,99.15
2026-04-08 03:00:00,2.55,286,7.7,24.5,65,0.0,18.33,99.15
2026-04-08 04:00:00,2.29,302,5.6,23.5,71,0.0,18.33,99.15
2026-04-08 05:00:00,1.75,294,5.0,22.9,76,0.0,18.33,99.15
2026-04-08 06:00:00,1.25,275,3.9,22.4,80,0.0,18.33,99.15
2026-04-08 07:00:00,1.22,251,2.8,23.0,79,0.0,18.33,99.15
2026-04-08 08:00:00,0.81,300,2.7,26.6,64,0.0,18.33,99.15
2026-04-08 09:00:00,1.61,306,4.9,28.2,55,0.0,18.33,99.15
2026-04-08 10:00:00,1.04,287,5.1,29.9,47,0.0,18.33,99.15
2026-04-08 11:00:00,0.81,240,4.4,31.5,38,0.0,18.33,99.15
2026-04-08 12:00:00,1.38,226,4.9,32.8,32,0.0,18.33,99.15
2026-04-08 13:00:00,2.15,234,6.7,34.3,26,0.0,18.33,99.15
2026-04-08 14:00:00,3.33,237,8.5,34.5,24,0.0,18.33,99.15
2026-04-08 15:00:00,3.65,247,9.2,34.5,24,0.0,18.33,99.15
2026-04-08 16:00:00,3.17,249,9.0,34.3,23,0.0,18.33,99.15
2026-04-08 17:00:00,3.57,259,8.5,33.5,23,0.0,18.33,99.15
2026-04-08 18:00:00,3.06,264,8.6,30.9,29,0.0,18.33,99.15
2026-04-08 19:00:00,3.18,246,9.9,29.0,35,0.0,18.33,99.15
2026-04-08 20:00:00,4.04,255,9.2,28.8,38,0.0,18.33,99.15
2026-04-08 21:00:00,3.97,251,9.5,28.0,43,0.0,18.33,99.15
2026-04-08 22:00:00,3.74,254,9.0,27.1,46,0.0,18.33,99.15
2026-04-08 23:00:00,3.65,269,8.4,26.2,49,0.0,18.33,99.15
2026-04-09 00:00:00,3.92,264,8.9,25.9,51,0.0,18.33,99.15
2026-04-09 01:00:00,4.15,261,9.1,25.4,56,0.0,18.33,99.15
2026-04-09 02:00:00,3.45,253,9.0,25.0,59,0.0,18.33,99.15
2026-04-09 03:00:00,2.6,259,7.8,24.1,63,0.0,18.33,99.15
2026-04-09 04:00:00,1.31,277,6.0,23.0,69,0.0,18.33,99.15
2026-04-09 05:00:00,0.9,267,3.4,22.1,73,0.0,18.33,99.15
2026-04-09 06:00:00,0.7,249,2.4,21.5,76,0.0,18.33,99.15
2026-04-09 07:00:00,1.08,257,2.3,22.8,73,0.0,18.33,99.15
2026-04-09 08:00:00,1.08,292,3.4,26.1,63,0.0,18.33,99.15
2026-04-09 09:00:00,1.39,285,4.5,28.5,51,0.0,18.33,99.15
2026-04-09 10:00:00,1.57,279,5.3,30.2,43,0.0,18.33,99.15
2026-04-09 11:00:00,2.1,271,6.3,31.6,36,0.0,18.33,99.15
2026-04-09 12:00:00,2.81,266,7.8,32.7,32,0.0,18.33,99.15
2026-04-09 13:00:00,3.58,258,9.0,33.7,27,0.0,18.33,99.15
2026-04-09 14:00:00,3.57,255,9.3,34.0,26,0.0,18.33,99.15
2026-04-09 15:00:00,3.5,260,9.1,34.2,25,0.0,18.33,99.15
2026-04-09 16:00:00,3.72,264,9.0,33.8,23,0.0,18.33,99.15
2026-04-09 17:00:00,3.95,270,9.2,32.9,26,0.0,18.33,99.15
2026-04-09 18:00:00,3.1,269,9.2,30.6,33,0.0,18.33,99.15
2026-04-09 19:00:00,3.36,266,7.9,28.8,35,0.0,18.33,99.15
2026-04-09 20:00:00,4.28,259,9.5,28.5,39,0.0,18.33,99.15
2026-04-09 21:00:00,4.44,262,10.0,27.6,43,0.0,18.33,99.15
2026-04-09 22:00:00,4.34,263,10.1,27.0,45,0.0,18.33,99.15
2026-04-09 23:00:00,4.23,263,9.7,26.3,46,0.0,18.33,99.15
2026-04-10 00:00:00,4.21,265,9.6,25.8,49,0.0,18.33,99.15
2026-04-10 01:00:00,4.01,266,9.6,24.7,55,0.0,18.33,99.15
2026-04-10 02:00:00,4.43,264,9.9,25.1,55,0.0,18.33,99.15
2026-04-10 03:00:00,4.62,264,10.4,25.1,57,0.0,18.33,99.15
2026-04-10 04:00:00,4.3,261,10.4,24.8,59,0.0,18.33,99.15
2026-04-10 05:00:00,3.04,261,9.7,24.1,64,0.0,18.33,99.15
2026-04-10 06:00:00,1.55,266,7.1,22.6,72,0.0,18.33,99.15
2026-04-10 07:00:00,2.07,263,4.2,23.6,74,0.0,18.33,99.15
2026-04-10 08:00:00,2.27,278,5.9,26.5,62,0.0,18.33,99.15
2026-04-10 09:00:00,3.19,279,8.1,28.5,51,0.0,18.33,99.15
2026-04-10 10:00:00,3.6,272,9.1,30.1,41,0.0,18.33,99.15
2026-04-10 11:00:00,3.9,268,10.0,31.5,35,0.0,18.33,99.15
2026-04-10 12:00:00,4.03,263,10.2,32.6,32,0.0,18.33,99.15
2026-04-10 13:00:00,4.26,257,11.2,34.0,28,0.0,18.33,99.15
2026-04-10 14:00:00,4.16,260,10.6,34.2,26,0.0,18.33,99.15
2026-04-10 15:00:00,4.35,267,10.6,34.4,25,0.0,18.33,99.15
2026-04-10 16:00:00,4.8,262,11.1,33.9,25,0.0,18.33,99.15
2026-04-10 17:00:00,4.24,258,11.1,32.9,26,0.0,18.33,99.15
2026-04-10 18:00:00,3.14,256,9.8,30.9,32,0.0,18.33,99.15
2026-04-10 19:00:00,3.5,253,8.7,29.2,37,0.0,18.33,99.15
2026-04-10 20:00:00,4.38,253,9.8,29.2,38,0.0,18.33,99.15
2026-04-10 21:00:00,4.41,257,10.0,28.4,43,0.0,18.33,99.15
2026-04-10 22:00:00,4.51,253,10.0,27.6,47,0.0,18.33,99.15
2026-04-10 23:00:00,4.51,255,10.2,27.0,49,0.0,18.33,99.15
2026-04-11 00:00:00,4.45,258,10.2,26.4,49,0.0,18.33,99.15
2026-04-11 01:00:00,4.69,259,10.8,26.0,51,0.0,18.33,99.15
2026-04-11 02:00:00,4.82,257,10.7,26.1,51,0.0,18.33,99.15
2026-04-11 03:00:00,4.48,259,10.6,25.8,54,0.0,18.33,99.15
2026-04-11 04:00:00,4.33,256,9.9,25.3,57,0.0,18.33,99.15
2026-04-11 05:00:00,3.52,255,9.5,24.7,61,0.0,18.33,99.15
2026-04-11 06:00:00,2.79,255,7.9,24.0,66,0.0,18.33,99.15
2026-04-11 07:00:00,4.25,258,6.5,25.3,64,0.0,18.33,99.15
2026-04-11 08:00:00,3.92,256,9.7,26.9,59,0.0,18.33,99.15
2026-04-11 09:00:00,4.89,263,11.6,28.4,51,0.0,18.33,99.15
2026-04-11 10:00:00,5.04,263,12.2,29.6,46,0.0,18.33,99.15
2026-04-11 11:00:00,4.78,263,12.1,30.8,43,0.0,18.33,99.15
2026-04-11 12:00:00,4.69,256,11.6,32.0,39,0.0,18.33,99.15
2026-04-11 13:00:00,4.21,250,12.0,33.8,31,0.0,18.33,99.15
2026-04-11 14:00:00,4.19,262,10.4,34.3,26,0.0,18.33,99.15
2026-04-11 15:00:00,4.88,264,11.6,34.0,27,0.0,18.33,99.15
2026-04-11 16:00:00,4.46,254,11.6,33.4,28,0.0,18.33,99.15
2026-04-11 17:00:00,4.44,253,10.5,32.3,30,0.0,18.33,99.15
2026-04-11 18:00:00,3.53,245,10.2,30.5,34,0.0,18.33,99.15
2026-04-11 19:00:00,4.02,232,8.7,29.0,42,0.0,18.33,99.15
2026-04-11 20:00:00,4.16,241,9.3,28.5,42,0.0,18.33,99.15
2026-04-11 21:00:00,3.86,257,9.2,28.0,40,0.0,18.33,99.15
2026-04-11 22:00:00,3.78,263,8.6,27.4,41,0.0,18.33,99.15
2026-04-11 23:00:00,4.03,263,8.9,26.9,43,0.0,18.33,99.15
2026-04-12 00:00:00,3.93,263,9.0,26.6,43,0.0,18.33,99.15
2026-04-12 01:00:00,3.6,269,8.4,25.5,47,0.0,18.33,99.15
2026-04-12 02:00:00,2.9,273,7.4,25.1,47,0.0,18.33,99.15
2026-04-12 03:00:00,2.25,274,6.2,24.1,50,0.0,18.33,99.15
2026-04-12 04:00:00,1.82,278,5.0,23.2,53,0.0,18.33,99.15
2026-04-12 05:00:00,1.4,274,4.3,22.4,57,0.0,18.33,99.15
2026-04-12 06:00:00,1.05,267,3.4,21.8,60,0.0,18.33,99.15
2026-04-12 07:00:00,1.01,261,2.6,23.0,65,0.0,18.33,99.15
2026-04-12 08:00:00,1.3,293,3.5,26.6,57,0.0,18.33,99.15
2026-04-12 09:00:00,1.56,310,4.7,28.6,44,0.0,18.33,99.15
2026-04-12 10:00:00,2.1,322,6.2,30.1,38,0.0,18.33,99.15
2026-04-12 11:00:00,1.92,321,6.3,31.5,33,0.0,18.33,99.15
2026-04-12 12:00:00,1.59,316,6.1,32.6,31,0.0,18.33,99.15
2026-04-12 13:00:00,1.81,318,5.6,33.8,29,0.0,18.33,99.15
2026-04-12 14:00:00,1.35,309,5.8,34.1,29,0.0,18.33,99.15
2026-04-12 15:00:00,0.9,289,5.1,34.7,28,0.0,18.33,99.15
2026-04-12 16:00:00,1.35,222,4.1,34.8,27,0.0,18.33,99.15
2026-04-12 17:00:00,2.05,214,5.4,33.9,26,0.0,18.33,99.15
2026-04-12 18:00:00,1.03,203,5.4,31.5,41,0.0,18.33,99.15
2026-04-12 19:00:00,0.78,230,2.7,28.9,44,0.0,18.33,99.15
2026-04-12 20:00:00,1.61,173,3.7,28.1,42,0.0,18.33,99.15
2026-04-12 21:00:00,1.56,174,3.7,27.4,43,0.0,18.33,99.15
2026-04-12 22:00:00,0.4,187,3.5,27.0,48,0.0,18.33,99.15
2026-04-12 23:00:00,1.31,263,3.5,25.8,51,0.0,18.33,99.15
2026-04-13 00:00:00,1.75,267,4.6,25.1,57,0.0,18.33,99.15
2026-04-13 01:00:00,1.45,221,4.6,23.9,66,0.0,18.33,99.15
2026-04-13 02:00:00,1.54,234,3.8,23.4,67,0.0,18.33,99.15
2026-04-13 03:00:00,2.15,252,5.0,23.1,65,0.0,18.33,99.15
2026-04-13 04:00:00,3.28,258,7.0,23.6,60,0.0,18.33,99.15
2026-04-13 05:00:00,3.15,260,7.5,24.1,59,0.0,18.33,99.15
2026-04-13 06:00:00,2.01,264,6.7,23.0,64,0.0,18.33,99.15
2026-04-13 07:00:00,1.5,268,4.4,23.2,71,0.0,18.33,99.15
2026-04-13 08:00:00,0.84,287,3.1,26.9,59,0.0,18.33,99.15
2026-04-13 09:00:00,1.39,291,4.5,29.0,47,0.0,18.33,99.15
2026-04-13 10:00:00,1.39,300,5.0,30.5,43,0.0,18.33,99.15
2026-04-13 11:00:00,1.21,308,5.1,31.9,39,0.0,18.33,99.15
2026-04-13 12:00:00,1.01,303,4.9,33.2,35,0.0,18.33,99.15
2026-04-13 13:00:00,1.16,277,4.9,34.8,30,0.0,18.33,99.15
2026-04-13 14:00:00,1.72,253,5.5,35.1,28,0.0,18.33,99.15
2026-04-13 15:00:00,2.77,250,7.2,35.2,26,0.0,18.33,99.15
2026-04-13 16:00:00,3.3,256,8.1,34.9,25,0.0,18.33,99.15
2026-04-13 17:00:00,3.37,258,8.1,34.0,28,0.0,18.33,99.15
2026-04-13 18:00:00,2.31,265,8.0,31.6,34,0.0,18.33,99.15
2026-04-13 19:00:00,1.56,225,6.0,28.9,41,0.0,18.33,99.15
2026-04-13 20:00:00,2.91,229,6.2,28.3,43,0.0,18.33,99.15
2026-04-13 21:00:00,2.4,239,6.9,28.0,46,0.0,18.33,99.15
2026-04-13 22:00:00,1.48,246,5.5,26.8,53,0.0,18.33,99.15
2026-04-13 23:00:00,1.63,247,4.1,25.7,58,0.0,18.33,99.15
2026-04-14 00:00:00,2.17,251,5.0,25.0,62,0.0,18.33,99.15
2026-04-14 01:00:00,3.03,248,5.5,25.1,64,0.0,18.33,99.15
2026-04-14 02:00:00,2.65,248,6.5,24.6,64,0.0,18.33,99.15
2026-04-14 03:00:00,1.99,245,5.7,23.6,66,0.0,18.33,99.15
2026-04-14 04:00:00,1.38,251,4.5,22.8,69,0.0,18.33,99.15
2026-04-14 05:00:00,1.17,260,3.2,22.0,72,0.0,18.33,99.15
2026-04-14 06:00:00,1.02,259,2.8,21.5,74,0.0,18.33,99.15
2026-04-14 07:00:00,1.6,266,2.6,22.7,72,0.0,18.33,99.15
2026-04-14 08:00:00,1.25,293,3.5,27.0,57,0.0,18.33,99.15
2026-04-14 09:00:00,1.64,308,5.0,29.1,50,0.0,18.33,99.15
2026-04-14 10:00:00,1.32,335,5.1,30.8,45,0.0,18.33,99.15
2026-04-14 11:00:00,1.06,352,4.9,32.2,38,0.0,18.33,99.15
2026-04-14 12:00:00,0.86,10,4.6,33.2,34,0.0,18.33,99.15
2026-04-14 13:00:00,1.3,106,4.4,34.8,29,0.0,18.33,99.15
2026-04-14 14:00:00,1.73,136,5.5,35.2,28,0.0,18.33,99.15
2026-04-14 15:00:00,2.25,181,6.2,35.5,26,0.0,18.33,99.15
2026-04-14 16:00:00,3.24,209,8.0,35.2,22,0.0,18.33,99.15
2026-04-14 17:00:00,3.68,217,8.6,34.4,17,0.0,18.33,99.15
2026-04-14 18:00:00,2.89,217,8.7,32.0,23,0.0,18.33,99.15
2026-04-14 19:00:00,2.52,236,6.5,29.4,26,0.0,18.33,99.15
2026-04-14 20:00:00,1.44,236,5.5,28.4,32,0.0,18.33,99.15
2026-04-14 21:00:00,0.99,139,3.2,27.8,36,0.0,18.33,99.15
2026-04-14 22:00:00,0.85,152,2.7,27.0,39,0.0,18.33,99.15
2026-04-14 23:00:00,0.74,228,2.2,25.9,43,0.0,18.33,99.15
2026-03-20 00:00:00,1.49,200,3.2,20.5,68,0.0,19.5,99.5
2026-03-20 01:00:00,1.68,190,3.4,20.1,70,0.0,19.5,99.5
2026-03-20 02:00:00,1.48,204,3.7,19.9,66,0.0,19.5,99.5
2026-03-20 03:00:00,1.39,218,3.3,19.3,65,0.0,19.5,99.5
2026-03-20 04:00:00,1.2,225,3.1,18.5,66,0.0,19.5,99.5
2026-03-20 05:00:00,1.27,222,2.8,17.8,68,0.0,19.5,99.5
2026-03-20 06:00:00,1.47,215,3.1,17.3,71,0.0,19.5,99.5
2026-03-20 07:00:00,1.0,217,3.2,18.0,75,0.0,19.5,99.5
2026-03-20 08:00:00,1.12,207,2.8,21.1,67,0.0,19.5,99.5
2026-03-20 09:00:00,0.76,188,3.0,25.2,54,0.0,19.5,99.5
2026-03-20 10:00:00,0.38,157,2.9,28.0,44,0.0,19.5,99.5
2026-03-20 11:00:00,0.32,129,3.1,29.7,41,0.0,19.5,99.5
2026-03-20 12:00:00,0.25,349,3.1,30.9,37,0.0,19.5,99.5
2026-03-20 13:00:00,0.76,337,3.1,30.7,34,0.0,19.5,99.5
2026-03-20 14:00:00,0.47,328,3.7,31.5,33,0.0,19.5,99.5
2026-03-20 15:00:00,0.05,90,3.1,31.5,33,0.0,19.5,99.5
2026-03-20 16:00:00,0.35,45,2.3,31.3,33,0.0,19.5,99.5
2026-03-20 17:00:00,0.22,27,2.0,30.9,34,0.0,19.5,99.5
2026-03-20 18:00:00,0.14,315,0.9,28.4,53,0.0,19.5,99.5
2026-03-20 19:00:00,1.63,198,0.7,25.6,54,0.0,19.5,99.5
2026-03-20 20:00:00,1.49,220,3.3,23.9,55,0.0,19.5,99.5
2026-03-20 21:00:00,1.1,227,3.0,22.6,61,0.0,19.5,99.5
2026-03-20 22:00:00,1.31,198,2.7,22.1,62,0.0,19.5,99.5
2026-03-20 23:00:00,1.41,197,3.1,21.7,64,0.0,19.5,99.5
2026-03-21 00:00:00,1.06,225,2.9,21.6,64,0.0,19.5,99.5
2026-03-21 01:00:00,0.91,186,2.3,21.5,63,0.0,19.5,99.5
2026-03-21 02:00:00,0.9,183,2.7,20.9,63,0.0,19.5,99.5
2026-03-21 03:00:00,0.78,207,2.4,20.3,63,0.0,19.5,99.5
2026-03-21 04:00:00,0.88,223,2.1,19.6,63,0.0,19.5,99.5
2026-03-21 05:00:00,1.37,204,2.7,19.2,61,0.0,19.5,99.5
2026-03-21 06:00:00,1.3,203,2.7,18.6,63,0.0,19.5,99.5
2026-03-21 07:00:00,1.41,188,2.5,19.1,70,0.0,19.5,99.5
2026-03-21 08:00:00,1.94,198,4.0,21.7,64,0.0,19.5,99.5
2026-03-21 09:00:00,1.41,188,4.1,25.0,59,0.0,19.5,99.5
2026-03-21 10:00:00,1.01,189,4.0,27.6,51,0.0,19.5,99.5
2026-03-21 11:00:00,1.09,196,3.9,29.4,46,0.0,19.5,99.5
2026-03-21 12:00:00,2.03,196,5.6,31.0,40,0.0,19.5,99.5
2026-03-21 13:00:00,2.13,204,6.4,31.8,36,0.0,19.5,99.5
2026-03-21 14:00:00,2.3,167,6.3,31.8,37,0.0,19.5,99.5
2026-03-21 15:00:00,2.75,164,6.8,32.2,37,0.0,19.5,99.5
2026-03-21 16:00:00,3.22,213,7.0,31.8,32,0.0,19.5,99.5
2026-03-21 17:00:00,2.55,235,6.9,30.3,38,0.0,19.5,99.5
2026-03-21 18:00:00,1.52,197,5.6,27.5,49,0.0,19.5,99.5
2026-03-21 19:00:00,2.66,175,4.5,26.2,52,0.0,19.5,99.5
2026-03-21 20:00:00,2.7,182,6.4,25.2,58,0.0,19.5,99.5
2026-03-21 21:00:00,2.45,192,6.0,23.7,64,0.0,19.5,99.5
2026-03-21 22:00:00,2.26,193,5.6,23.0,67,0.0,19.5,99.5
2026-03-21 23:00:00,1.63,203,5.2,22.0,70,0.0,19.5,99.5
2026-03-22 00:00:00,1.2,222,4.0,21.0,72,0.0,19.5,99.5
2026-03-22 01:00:00,1.82,188,3.2,21.8,76,0.0,19.5,99.5
2026-03-22 02:00:00,1.72,206,4.8,21.3,81,0.0,19.5,99.5
2026-03-22 03:00:00,1.9,215,4.4,20.8,82,0.0,19.5,99.5
2026-03-22 04:00:00,2.04,216,5.5,20.7,81,0.0,19.5,99.5
2026-03-22 05:00:00,1.73,226,4.7,19.7,84,0.0,19.5,99.5
2026-03-22 06:00:00,1.12,238,3.9,18.9,88,0.0,19.5,99.5
2026-03-22 07:00:00,1.84,227,3.0,19.5,85,0.0,19.5,99.5
2026-03-22 08:00:00,2.0,212,4.9,22.9,77,0.0,19.5,99.5
2026-03-22 09:00:00,1.94,192,5.0,26.7,63,0.0,19.5,99.5
2026-03-22 10:00:00,2.87,215,6.8,28.7,50,0.0,19.5,99.5
2026-03-22 11:00:00,3.89,224,8.7,30.0,42,0.0,19.5,99.5
2026-03-22 12:00:00,4.92,226,10.9,30.2,42,0.0,19.5,99.5
2026-03-22 13:00:00,5.49,229,10.9,30.7,38,0.0,19.5,99.5
2026-03-22 14:00:00,4.23,215,11.5,31.3,37,0.0,19.5,99.5
2026-03-22 15:00:00,4.83,206,10.2,31.9,34,0.0,19.5,99.5
2026-03-22 16:00:00,4.66,210,10.9,31.2,37,0.0,19.5,99.5
2026-03-22 17:00:00,3.77,202,9.8,30.3,40,0.0,19.5,99.5
2026-03-22 18:00:00,2.25,179,8.1,27.9,48,0.0,19.5,99.5
2026-03-22 19:00:00,2.82,210,6.3,26.7,46,0.0,19.5,99.5
2026-03-22 20:00:00,2.56,211,6.5,26.2,45,0.0,19.5,99.5
2026-03-22 21:00:00,2.02,210,5.9,24.6,48,0.0,19.5,99.5
2026-03-22 22:00:00,1.62,214,4.9,22.6,56,0.0,19.5,99.5
2026-03-22 23:00:00,1.9,203,4.8,21.4,62,0.0,19.5,99.5
2026-03-23 00:00:00,1.97,204,4.8,20.8,65,0.0,19.5,99.5
2026-03-23 01:00:00,1.64,211,4.6,20.2,70,0.0,19.5,99.5
2026-03-23 02:00:00,1.54,216,3.8,19.7,74,0.0,19.5,99.5
2026-03-23 03:00:00,1.57,217,3.4,18.9,79,0.0,19.5,99.5
2026-03-23 04:00:00,1.67,219,3.6,18.3,82,0.0,19.5,99.5
2026-03-23 05:00:00,1.63,220,3.6,18.1,83,0.0,19.5,99.5
2026-03-23 06:00:00,1.56,222,3.5,17.7,85,0.0,19.5,99.5
2026-03-23 07:00:00,1.43,216,3.5,18.1,83,0.0,19.5,99.5
2026-03-23 08:00:00,2.13,204,4.5,21.5,74,0.0,19.5,99.5
2026-03-23 09:00:00,1.8,199,4.7,25.6,59,0.0,19.5,99.5
2026-03-23 10:00:00,2.07,195,5.5,27.8,49,0.0,19.5,99.5
2026-03-23 11:00:00,2.93,213,7.1,29.5,38,0.0,19.5,99.5
2026-03-23 12:00:00,3.15,228,7.5,30.6,30,0.0,19.5,99.5
2026-03-23 13:00:00,3.55,235,8.3,31.4,26,0.0,19.5,99.5
2026-03-23 14:00:00,4.25,228,9.3,31.6,28,0.0,19.5,99.5
2026-03-23 15:00:00,4.21,222,9.7,31.7,30,0.0,19.5,99.5
2026-03-23 16:00:00,3.88,218,9.2,31.5,31,0.0,19.5,99.5
2026-03-23 17:00:00,2.59,208,8.1,30.3,37,0.0,19.5,99.5
2026-03-23 18:00:00,1.95,177,5.7,27.4,46,0.0,19.5,99.5
2026-03-23 19:00:00,2.66,206,4.6,26.2,43,0.0,19.5,99.5
2026-03-23 20:00:00,1.82,212,6.0,24.3,47,0.0,19.5,99.5
2026-03-23 21:00:00,1.87,200,4.8,23.2,46,0.0,19.5,99.5
2026-03-23 22:00:00,1.63,198,4.7,22.0,48,0.0,19.5,99.5
2026-03-23 23:00:00,1.39,218,3.9,20.8,52,0.0,19.5,99.5
2026-03-24 00:00:00,1.81,228,4.2,20.0,56,0.0,19.5,99.5
2026-03-24 01:00:00,1.35,231,4.2,18.5,65,0.0,19.5,99.5
2026-03-24 02:00:00,1.41,225,3.6,17.8,69,0.0,19.5,99.5
2026-03-24 03:00:00,1.38,226,3.5,16.9,73,0.0,19.5,99.5
2026-03-24 04:00:00,1.03,231,3.2,16.0,78,0.0,19.5,99.5
2026-03-24 05:00:00,1.24,220,3.0,15.4,81,0.0,19.5,99.5
2026-03-24 06:00:00,1.43,216,3.2,15.1,83,0.0,19.5,99.5
2026-03-24 07:00:00,1.8,214,3.4,15.7,80,0.0,19.5,99.5
2026-03-24 08:00:00,1.97,204,4.2,19.4,71,0.0,19.5,99.5
2026-03-24 09:00:00,1.09,196,4.1,24.7,54,0.0,19.5,99.5
2026-03-24 10:00:00,0.8,176,3.5,27.7,42,0.0,19.5,99.5
2026-03-24 11:00:00,0.81,187,3.7,29.5,34,0.0,19.5,99.5
2026-03-24 12:00:00,1.48,208,4.7,30.7,31,0.0,19.5,99.5
2026-03-24 13:00:00,2.8,229,6.0,31.7,25,0.0,19.5,99.5
2026-03-24 14:00:00,3.16,231,7.3,32.3,24,0.0,19.5,99.5
2026-03-24 15:00:00,3.47,237,7.5,32.5,23,0.0,19.5,99.5
2026-03-24 16:00:00,3.5,228,7.6,31.9,24,0.0,19.5,99.5
2026-03-24 17:00:00,1.91,223,7.4,30.3,33,0.0,19.5,99.5
2026-03-24 18:00:00,2.09,191,4.6,27.3,39,0.0,19.5,99.5
2026-03-24 19:00:00,2.42,207,5.5,25.3,40,0.0,19.5,99.5
2026-03-24 20:00:00,1.96,212,5.4,24.3,44,0.0,19.5,99.5
2026-03-24 21:00:00,1.71,201,4.7,22.8,49,0.0,19.5,99.5
2026-03-24 22:00:00,1.72,210,4.2,22.1,51,0.0,19.5,99.5
2026-03-24 23:00:00,1.69,236,4.2,21.7,51,0.0,19.5,99.5
2026-03-25 00:00:00,1.57,233,4.1,20.7,56,0.0,19.5,99.5
2026-03-25 01:00:00,1.24,223,3.8,20.1,61,0.0,19.5,99.5
2026-03-25 02:00:00,1.41,225,3.3,19.3,64,0.0,19.5,99.5
2026-03-25 03:00:00,2.13,219,4.5,18.1,69,0.0,19.5,99.5
2026-03-25 04:00:00,2.03,218,4.6,17.3,73,0.0,19.5,99.5
2026-03-25 05:00:00,1.77,220,4.6,16.7,76,0.0,19.5,99.5
2026-03-25 06:00:00,1.21,232,4.1,15.9,80,0.0,19.5,99.5
2026-03-25 07:00:00,1.23,212,3.1,16.9,78,0.0,19.5,99.5
2026-03-25 08:00:00,1.93,211,4.5,20.2,71,0.0,19.5,99.5
2026-03-25 09:00:00,1.14,209,4.3,25.3,56,0.0,19.5,99.5
2026-03-25 10:00:00,0.72,205,3.7,28.3,40,0.0,19.5,99.5
2026-03-25 11:00:00,1.04,215,4.0,30.0,34,0.0,19.5,99.5
2026-03-25 12:00:00,2.11,234,5.6,31.3,29,0.0,19.5,99.5
2026-03-25 13:00:00,2.68,233,7.0,32.4,24,0.0,19.5,99.5
2026-03-25 14:00:00,3.34,238,7.5,32.8,22,0.0,19.5,99.5
2026-03-25 15:00:00,3.31,241,7.8,32.5,25,0.0,19.5,99.5
2026-03-25 16:00:00,2.76,225,7.3,32.4,27,0.0,19.5,99.5
2026-03-25 17:00:00,1.93,217,5.9,31.0,35,0.0,19.5,99.5
2026-03-25 18:00:00,1.76,195,4.5,28.0,43,0.0,19.5,99.5
2026-03-25 19:00:00,1.93,217,5.0,25.9,45,0.0,19.5,99.5
2026-03-25 20:00:00,1.56,220,4.4,24.2,49,0.0,19.5,99.5
2026-03-25 21:00:00,1.28,239,3.8,22.6,56,0.0,19.5,99.5
2026-03-25 22:00:00,1.13,221,3.3,20.9,62,0.0,19.5,99.5
2026-03-25 23:00:00,1.9,215,4.3,20.3,64,0.0,19.5,99.5
2026-03-26 00:00:00,1.6,231,4.4,19.3,67,0.0,19.5,99.5
2026-03-26 01:00:00,1.38,226,4.0,17.9,73,0.0,19.5,99.5
2026-03-26 02:00:00,1.56,222,3.7,17.1,76,0.0,19.5,99.5
2026-03-26 03:00:00,1.56,222,3.7,16.4,78,0.0,19.5,99.5
2026-03-26 04:00:00,1.35,222,3.7,15.8,79,0.0,19.5,99.5
2026-03-26 05:00:00,1.2,222,3.3,15.4,81,0.0,19.5,99.5
2026-03-26 06:00:00,1.28,219,3.1,15.0,82,0.0,19.5,99.5
2026-03-26 07:00:00,1.57,217,3.5,15.7,79,0.0,19.5,99.5
2026-03-26 08:00:00,1.83,206,4.1,19.5,72,0.0,19.5,99.5
2026-03-26 09:00:00,0.57,218,3.9,25.3,55,0.0,19.5,99.5
2026-03-26 10:00:00,0.11,27,2.7,28.5,41,0.0,19.5,99.5
2026-03-26 11:00:00,0.18,326,2.8,30.6,34,0.0,19.5,99.5
2026-03-26 12:00:00,0.79,252,3.6,31.8,31,0.0,19.5,99.5
2026-03-26 13:00:00,1.9,240,4.2,32.8,26,0.0,19.5,99.5
2026-03-26 14:00:00,2.48,222,5.9,33.4,22,0.0,19.5,99.5
2026-03-26 15:00:00,3.4,213,7.5,33.0,25,0.0,19.5,99.5
2026-03-26 16:00:00,3.34,210,7.6,32.5,29,0.0,19.5,99.5
2026-03-26 17:00:00,2.04,202,7.0,31.2,37,0.0,19.5,99.5
2026-03-26 18:00:00,1.75,182,4.6,28.4,45,0.0,19.5,99.5
2026-03-26 19:00:00,1.66,201,3.8,26.2,47,0.0,19.5,99.5
2026-03-26 20:00:00,1.59,226,3.8,24.6,50,0.0,19.5,99.5
2026-03-26 21:00:00,1.21,240,3.6,22.8,57,0.0,19.5,99.5
2026-03-26 22:00:00,1.01,243,3.0,21.3,63,0.0,19.5,99.5
2026-03-26 23:00:00,1.15,236,2.9,20.4,66,0.0,19.5,99.5
2026-03-27 00:00:00,1.52,224,3.5,19.5,69,0.0,19.5,99.5
2026-03-27 01:00:00,1.59,208,3.6,19.4,69,0.0,19.5,99.5
2026-03-27 02:00:00,1.41,225,3.4,19.4,65,0.0,19.5,99.5
2026-03-27 03:00:00,1.31,227,3.1,18.7,67,0.0,19.5,99.5
2026-03-27 04:00:00,1.27,222,3.0,17.9,71,0.0,19.5,99.5
2026-03-27 05:00:00,1.42,222,3.2,17.3,75,0.0,19.5,99.5
2026-03-27 06:00:00,1.53,218,3.4,16.8,77,0.0,19.5,99.5
2026-03-27 07:00:00,1.34,225,3.5,17.7,76,0.0,19.5,99.5
2026-03-27 08:00:00,2.04,216,4.2,20.9,72,0.0,19.5,99.5
2026-03-27 09:00:00,1.3,208,4.3,26.4,57,0.0,19.5,99.5
2026-03-27 10:00:00,1.57,202,4.5,29.3,42,0.0,19.5,99.5
2026-03-27 11:00:00,2.05,214,5.4,31.0,36,0.0,19.5,99.5
2026-03-27 12:00:00,2.93,224,7.0,32.0,31,0.0,19.5,99.5
2026-03-27 13:00:00,3.65,237,7.6,32.7,27,0.0,19.5,99.5
2026-03-27 14:00:00,3.92,232,8.7,32.9,28,0.0,19.5,99.5
2026-03-27 15:00:00,3.78,224,8.8,32.8,30,0.0,19.5,99.5
2026-03-27 16:00:00,2.51,209,8.1,32.9,31,0.0,19.5,99.5
2026-03-27 17:00:00,1.86,204,5.3,31.6,39,0.0,19.5,99.5
2026-03-27 18:00:00,2.33,190,5.1,28.9,43,0.0,19.5,99.5
2026-03-27 19:00:00,2.69,204,5.6,26.7,45,0.0,19.5,99.5
2026-03-27 20:00:00,2.33,215,6.1,25.3,48,0.0,19.5,99.5
2026-03-27 21:00:00,1.7,225,5.5,23.8,50,0.0,19.5,99.5
2026-03-27 22:00:00,1.31,227,4.1,21.9,57,0.0,19.5,99.5
2026-03-27 23:00:00,1.88,220,4.4,20.9,61,0.0,19.5,99.5
2026-03-28 00:00:00,1.73,226,4.5,20.0,65,0.0,19.5,99.5
2026-03-28 01:00:00,1.57,217,4.3,19.0,72,0.0,19.5,99.5
2026-03-28 02:00:00,1.85,218,4.2,18.4,74,0.0,19.5,99.5
2026-03-28 03:00:00,1.63,225,4.1,17.9,76,0.0,19.5,99.5
2026-03-28 04:00:00,1.63,225,3.7,17.3,79,0.0,19.5,99.5
2026-03-28 05:00:00,1.59,224,3.7,16.7,83,0.0,19.5,99.5
2026-03-28 06:00:00,1.52,221,3.6,16.2,85,0.0,19.5,99.5
2026-03-28 07:00:00,1.77,209,3.7,17.3,83,0.0,19.5,99.5
2026-03-28 08:00:00,2.1,208,4.7,20.9,74,0.0,19.5,99.5
2026-03-28 09:00:00,1.3,208,4.6,26.1,61,0.0,19.5,99.5
2026-03-28 10:00:00,1.12,212,3.9,29.3,45,0.0,19.5,99.5
2026-03-28 11:00:00,2.06,231,5.3,31.1,36,0.0,19.5,99.5
2026-03-28 12:00:00,3.23,231,7.5,32.2,28,0.0,19.5,99.5
2026-03-28 13:00:00,3.51,230,8.5,33.3,24,0.0,19.5,99.5
2026-03-28 14:00:00,4.05,231,8.7,33.7,25,0.0,19.5,99.5
2026-03-28 15:00:00,4.52,232,9.7,33.2,26,0.0,19.5,99.5
2026-03-28 16:00:00,3.54,228,9.5,32.9,28,0.0,19.5,99.5
2026-03-28 17:00:00,3.15,207,7.4,31.5,33,0.0,19.5,99.5
2026-03-28 18:00:00,3.02,196,7.0,28.5,40,0.0,19.5,99.5
2026-03-28 19:00:00,2.42,204,7.0,26.7,43,0.0,19.5,99.5
2026-03-28 20:00:00,2.57,187,5.9,26.1,45,0.0,19.5,99.5
2026-03-28 21:00:00,2.26,193,5.9,24.6,50,0.0,19.5,99.5
2026-03-28 22:00:00,1.76,200,5.4,22.9,55,0.0,19.5,99.5
2026-03-28 23:00:00,1.61,206,4.3,22.0,57,0.0,19.5,99.5
2026-03-29 00:00:00,1.64,211,4.0,21.3,59,0.0,19.5,99.5
2026-03-29 01:00:00,1.49,222,4.1,20.5,65,0.0,19.5,99.5
2026-03-29 02:00:00,1.53,218,4.0,20.0,68,0.0,19.5,99.5
2026-03-29 03:00:00,1.48,225,4.1,19.2,74,0.0,19.5,99.5
2026-03-29 04:00:00,1.49,222,3.8,18.4,79,0.0,19.5,99.5
2026-03-29 05:00:00,1.56,225,3.9,17.8,83,0.0,19.5,99.5
2026-03-29 06:00:00,1.97,207,4.3,17.6,84,0.0,19.5,99.5
2026-03-29 07:00:00,2.34,196,4.8,19.3,78,0.0,19.5,99.5
2026-03-29 08:00:00,2.18,212,5.2,22.5,72,0.0,19.5,99.5
2026-03-29 09:00:00,1.59,204,4.8,27.0,57,0.0,19.5,99.5
2026-03-29 10:00:00,1.93,197,5.2,29.4,46,0.0,19.5,99.5
2026-03-29 11:00:00,2.64,217,6.5,30.9,40,0.0,19.5,99.5
2026-03-29 12:00:00,3.64,226,8.1,32.3,30,0.0,19.5,99.5
2026-03-29 13:00:00,4.53,228,9.0,32.6,28,0.0,19.5,99.5
2026-03-29 14:00:00,4.47,220,10.1,32.7,28,0.0,19.5,99.5
2026-03-29 15:00:00,3.83,229,9.7,33.3,27,0.0,19.5,99.5
2026-03-29 16:00:00,3.29,216,8.7,33.1,26,0.0,19.5,99.5
2026-03-29 17:00:00,2.84,190,7.2,31.8,31,0.0,19.5,99.5
2026-03-29 18:00:00,1.3,196,6.4,28.7,47,0.0,19.5,99.5
2026-03-29 19:00:00,1.03,223,2.9,26.8,43,0.0,19.5,99.5
2026-03-29 20:00:00,1.17,220,2.9,24.5,49,0.0,19.5,99.5
2026-03-29 21:00:00,1.69,214,3.7,23.1,53,0.0,19.5,99.5
2026-03-29 22:00:00,1.92,219,4.3,22.0,56,0.0,19.5,99.5
2026-03-29 23:00:00,1.81,219,4.3,20.4,63,0.0,19.5,99.5
2026-03-30 00:00:00,1.69,214,4.0,19.4,67,0.0,19.5,99.5
2026-03-30 01:00:00,1.72,210,4.2,19.5,66,0.0,19.5,99.5
2026-03-30 02:00:00,1.69,214,3.9,19.6,64,0.0,19.5,99.5
2026-03-30 03:00:00,1.17,227,3.6,18.8,67,0.0,19.5,99.5
2026-03-30 04:00:00,0.92,221,2.7,18.2,69,0.0,19.5,99.5
2026-03-30 05:00:00,0.88,223,2.5,17.9,71,0.0,19.5,99.5
2026-03-30 06:00:00,0.71,225,2.3,17.7,72,0.0,19.5,99.5
2026-03-30 07:00:00,0.86,216,2.1,19.3,72,0.0,19.5,99.5
2026-03-30 08:00:00,1.43,205,3.4,22.3,71,0.0,19.5,99.5
2026-03-30 09:00:00,0.95,183,3.5,26.7,55,0.0,19.5,99.5
2026-03-30 10:00:00,1.08,193,3.7,29.4,42,0.0,19.5,99.5
2026-03-30 11:00:00,1.91,229,5.2,31.0,37,0.0,19.5,99.5
2026-03-30 12:00:00,2.44,227,6.2,32.0,35,0.0,19.5,99.5
2026-03-30 13:00:00,3.41,231,6.9,32.9,29,0.0,19.5,99.5
2026-03-30 14:00:00,3.98,235,8.7,33.2,29,0.0,19.5,99.5
2026-03-30 15:00:00,3.95,232,8.8,32.9,31,0.0,19.5,99.5
2026-03-30 16:00:00,3.19,220,8.5,32.9,31,0.0,19.5,99.5
2026-03-30 17:00:00,2.7,199,6.8,31.6,36,0.0,19.5,99.5
2026-03-30 18:00:00,2.53,198,6.1,28.9,44,0.0,19.5,99.5
2026-03-30 19:00:00,2.3,204,5.7,26.4,49,0.0,19.5,99.5
2026-03-30 20:00:00,2.7,199,6.4,26.6,47,0.0,19.5,99.5
2026-03-30 21:00:00,1.87,224,5.9,24.6,52,0.0,19.5,99.5
2026-03-30 22:00:00,1.77,223,4.5,23.1,58,0.0,19.5,99.5
2026-03-30 23:00:00,1.9,210,4.5,21.9,61,0.0,19.5,99.5
2026-03-31 00:00:00,1.98,214,4.9,21.1,63,0.0,19.5,99.5
2026-03-31 01:00:00,1.69,214,4.7,20.2,70,0.0,19.5,99.5
2026-03-31 02:00:00,1.72,216,4.3,19.7,73,0.0,19.5,99.5
2026-03-31 03:00:00,1.74,221,4.1,19.1,76,0.0,19.5,99.5
2026-03-31 04:00:00,1.67,221,4.1,18.6,78,0.0,19.5,99.5
2026-03-31 05:00:00,1.52,221,4.2,18.3,79,0.0,19.5,99.5
2026-03-31 06:00:00,1.32,217,3.8,17.9,81,0.0,19.5,99.5
2026-03-31 07:00:00,2.3,204,4.0,19.0,80,0.0,19.5,99.5
2026-03-31 08:00:00,2.28,195,5.0,22.9,70,0.0,19.5,99.5
2026-03-31 09:00:00,1.76,187,4.8,27.2,57,0.0,19.5,99.5
2026-03-31 10:00:00,1.69,192,4.8,29.8,46,0.0,19.5,99.5
2026-03-31 11:00:00,2.02,222,5.4,31.4,40,0.0,19.5,99.5
2026-03-31 12:00:00,2.3,228,5.9,32.5,35,0.0,19.5,99.5
2026-03-31 13:00:00,2.68,237,6.3,32.9,32,0.0,19.5,99.5
2026-03-31 14:00:00,3.04,222,7.0,32.8,32,0.0,19.5,99.5
2026-03-31 15:00:00,2.56,197,7.0,33.2,30,0.0,19.5,99.5
2026-03-31 16:00:00,2.8,191,6.1,33.0,32,0.0,19.5,99.5
2026-03-31 17:00:00,2.25,177,6.1,31.8,38,0.0,19.5,99.5
2026-03-31 18:00:00,2.11,158,4.9,29.2,43,0.0,19.5,99.5
2026-03-31 19:00:00,1.78,191,4.7,27.9,43,0.0,19.5,99.5
2026-03-31 20:00:00,1.5,217,3.6,25.8,49,0.0,19.5,99.5
2026-03-31 21:00:00,1.35,228,3.1,23.9,56,0.0,19.5,99.5
2026-03-31 22:00:00,1.45,224,3.3,23.0,59,0.0,19.5,99.5
2026-03-31 23:00:00,1.67,231,3.8,22.7,59,0.0,19.5,99.5
2026-04-01 00:00:00,1.52,226,3.8,22.1,60,0.0,19.5,99.5
2026-04-01 01:00:00,1.65,194,3.7,22.7,59,0.0,19.5,99.5
2026-04-01 02:00:00,1.77,196,3.9,23.2,56,0.0,19.5,99.5
2026-04-01 03:00:00,1.72,210,4.0,22.1,61,0.0,19.5,99.5
2026-04-01 04:00:00,1.35,219,3.8,21.0,67,0.0,19.5,99.5
2026-04-01 05:00:00,1.27,222,3.0,20.0,72,0.0,19.5,99.5
2026-04-01 06:00:00,1.2,225,2.9,19.3,77,0.0,19.5,99.5
2026-04-01 07:00:00,1.1,219,3.0,20.2,79,0.0,19.5,99.5
2026-04-01 08:00:00,1.25,209,3.2,23.7,72,0.0,19.5,99.5
2026-04-01 09:00:00,0.76,212,3.2,28.0,56,0.0,19.5,99.5
2026-04-01 10:00:00,0.29,211,3.0,30.4,45,0.0,19.5,99.5
2026-04-01 11:00:00,0.46,347,3.1,32.0,40,0.0,19.5,99.5
2026-04-01 12:00:00,0.25,11,3.2,32.7,36,0.0,19.5,99.5
2026-04-01 13:00:00,0.84,197,3.0,32.4,36,0.0,19.5,99.5
2026-04-01 14:00:00,1.68,197,4.7,32.9,36,0.0,19.5,99.5
2026-04-01 15:00:00,2.19,223,5.3,33.1,35,0.0,19.5,99.5
2026-04-01 16:00:00,2.48,228,5.3,32.8,35,0.0,19.5,99.5
2026-04-01 17:00:00,1.73,224,5.3,31.7,42,0.0,19.5,99.5
2026-04-01 18:00:00,1.61,196,4.0,29.3,51,0.0,19.5,99.5
2026-04-01 19:00:00,1.0,198,3.6,28.1,49,0.0,19.5,99.5
2026-04-01 20:00:00,1.77,196,3.8,26.1,56,0.0,19.5,99.5
2026-04-01 21:00:00,1.9,210,4.2,25.2,60,0.0,19.5,99.5
2026-04-01 22:00:00,2.11,211,4.7,24.5,60,0.0,19.5,99.5
2026-04-01 23:00:00,1.88,220,4.7,23.8,60,0.0,19.5,99.5
2026-04-02 00:00:00,2.16,214,5.0,23.5,57,0.0,19.5,99.5
2026-04-02 01:00:00,1.66,205,5.1,22.8,62,0.0,19.5,99.5
2026-04-02 02:00:00,1.46,218,3.9,22.7,61,0.0,19.5,99.5
2026-04-02 03:00:00,1.86,216,4.0,21.6,65,0.0,19.5,99.5
2026-04-02 04:00:00,1.35,219,4.1,20.5,71,0.0,19.5,99.5
2026-04-02 05:00:00,0.93,216,3.0,19.6,76,0.0,19.5,99.5
2026-04-02 06:00:00,1.32,209,2.9,19.4,77,0.0,19.5,99.5
2026-04-02 07:00:00,1.48,204,3.4,20.4,75,0.0,19.5,99.5
2026-04-02 08:00:00,2.01,207,4.3,23.8,68,0.0,19.5,99.5
2026-04-02 09:00:00,1.43,205,4.3,28.2,55,0.0,19.5,99.5
2026-04-02 10:00:00,1.2,197,4.0,30.6,46,0.0,19.5,99.5
2026-04-02 11:00:00,1.38,221,4.4,32.3,39,0.0,19.5,99.5
2026-04-02 12:00:00,2.19,227,5.6,33.6,33,0.0,19.5,99.5
2026-04-02 13:00:00,2.77,221,6.7,33.7,31,0.0,19.5,99.5
2026-04-02 14:00:00,3.47,229,7.7,33.8,30,0.0,19.5,99.5
2026-04-02 15:00:00,3.4,240,7.8,34.0,30,0.0,19.5,99.5
2026-04-02 16:00:00,3.54,224,7.5,33.4,31,0.0,19.5,99.5
2026-04-02 17:00:00,2.42,210,7.4,32.3,37,0.0,19.5,99.5
2026-04-02 18:00:00,2.13,189,5.5,29.4,45,0.0,19.5,99.5
2026-04-02 19:00:00,1.9,210,4.9,27.4,51,0.0,19.5,99.5
2026-04-02 20:00:00,2.42,210,5.4,26.4,51,0.0,19.5,99.5
2026-04-02 21:00:00,2.18,217,5.4,24.8,56,0.0,19.5,99.5
2026-04-02 22:00:00,2.03,218,5.0,23.5,60,0.0,19.5,99.5
2026-04-02 23:00:00,1.87,224,4.7,23.0,61,0.0,19.5,99.5
2026-04-03 00:00:00,2.15,216,4.9,22.3,62,0.0,19.5,99.5
2026-04-03 01:00:00,1.88,205,4.9,21.6,65,0.0,19.5,99.5
2026-04-03 02:00:00,1.73,213,4.4,21.3,66,0.0,19.5,99.5
2026-04-03 03:00:00,1.54,216,3.9,20.6,71,0.0,19.5,99.5
2026-04-03 04:00:00,1.78,212,3.8,20.0,73,0.0,19.5,99.5
2026-04-03 05:00:00,1.76,215,3.9,19.6,75,0.0,19.5,99.5
2026-04-03 06:00:00,1.94,215,4.0,19.2,76,0.0,19.5,99.5
2026-04-03 07:00:00,1.9,210,4.2,20.0,79,0.0,19.5,99.5
2026-04-03 08:00:00,1.84,202,4.2,23.7,70,0.0,19.5,99.5
2026-04-03 09:00:00,1.23,201,4.1,28.3,56,0.0,19.5,99.5
2026-04-03 10:00:00,1.03,203,3.7,30.8,45,0.0,19.5,99.5
2026-04-03 11:00:00,1.25,247,4.1,32.5,39,0.0,19.5,99.5
2026-04-03 12:00:00,1.14,255,4.2,33.6,35,0.0,19.5,99.5
2026-04-03 13:00:00,0.35,278,4.0,34.0,30,0.0,19.5,99.5
2026-04-03 14:00:00,1.15,185,3.6,34.6,30,0.0,19.5,99.5
2026-04-03 15:00:00,2.82,200,6.0,34.3,29,0.0,19.5,99.5
2026-04-03 16:00:00,3.6,207,7.7,33.5,30,0.0,19.5,99.5
2026-04-03 17:00:00,1.83,206,7.4,32.4,39,0.0,19.5,99.5
2026-04-03 18:00:00,1.82,188,4.2,29.9,45,0.0,19.5,99.5
2026-04-03 19:00:00,2.67,186,6.1,28.6,46,0.0,19.5,99.5
2026-04-03 20:00:00,2.66,206,6.6,27.6,51,0.0,19.5,99.5
2026-04-03 21:00:00,1.8,224,5.7,25.4,58,0.0,19.5,99.5
2026-04-03 22:00:00,1.73,226,4.1,23.8,64,0.0,19.5,99.5
2026-04-03 23:00:00,1.77,227,4.1,23.2,64,0.0,19.5,99.5
2026-04-04 00:00:00,2.33,223,5.1,22.8,63,0.0,19.5,99.5
2026-04-04 01:00:00,2.35,209,5.4,24.0,57,0.0,19.5,99.5
2026-04-04 02:00:00,2.8,215,6.1,23.7,57,0.0,19.5,99.5
2026-04-04 03:00:00,2.61,216,6.0,22.7,62,0.0,19.5,99.5
2026-04-04 04:00:00,2.09,228,5.6,21.6,69,0.0,19.5,99.5
2026-04-04 05:00:00,2.02,224,4.5,20.7,76,0.0,19.5,99.5
2026-04-04 06:00:00,1.99,219,4.4,20.1,80,0.0,19.5,99.5
2026-04-04 07:00:00,1.84,221,4.5,20.8,82,0.0,19.5,99.5
2026-04-04 08:00:00,1.66,213,4.0,24.8,73,0.0,19.5,99.5
2026-04-04 09:00:00,1.04,215,3.9,28.8,56,0.0,19.5,99.5
2026-04-04 10:00:00,0.52,253,3.4,31.0,48,0.0,19.5,99.5
2026-04-04 11:00:00,1.34,315,4.2,32.7,41,0.0,19.5,99.5
2026-04-04 12:00:00,1.57,323,4.5,33.4,36,0.0,19.5,99.5
2026-04-04 13:00:00,2.32,323,4.6,33.0,37,0.0,19.5,99.5
2026-04-04 14:00:00,0.38,23,5.4,33.6,35,0.1,19.5,99.5
2026-04-04 15:00:00,1.28,159,3.8,34.0,35,0.1,19.5,99.5
2026-04-04 16:00:00,2.53,195,5.4,33.4,37,0.0,19.5,99.5
2026-04-04 17:00:00,2.68,194,6.1,32.1,43,0.0,19.5,99.5
2026-04-04 18:00:00,2.49,190,6.0,29.8,50,0.0,19.5,99.5
2026-04-04 19:00:00,3.47,173,5.8,28.3,56,0.0,19.5,99.5
2026-04-04 20:00:00,3.37,186,7.6,27.3,60,0.0,19.5,99.5
2026-04-04 21:00:00,2.65,202,7.0,26.0,66,0.0,19.5,99.5
2026-04-04 22:00:00,2.24,209,5.8,24.9,70,0.0,19.5,99.5
2026-04-04 23:00:00,2.55,215,5.8,24.3,69,0.0,19.5,99.5
2026-04-05 00:00:00,2.49,218,6.2,24.5,60,0.0,19.5,99.5
2026-04-05 01:00:00,1.89,212,6.0,24.7,61,0.0,19.5,99.5
2026-04-05 02:00:00,2.15,216,4.9,24.8,62,0.0,19.5,99.5
2026-04-05 03:00:00,2.24,219,5.0,23.6,70,0.0,19.5,99.5
2026-04-05 04:00:00,2.09,220,4.9,22.8,76,0.0,19.5,99.5
2026-04-05 05:00:00,1.85,218,4.5,21.8,83,0.0,19.5,99.5
2026-04-05 06:00:00,1.82,217,4.0,21.4,86,0.0,19.5,99.5
2026-04-05 07:00:00,2.17,218,4.5,21.9,87,0.0,19.5,99.5
2026-04-05 08:00:00,2.0,212,4.5,26.2,74,0.0,19.5,99.5
2026-04-05 09:00:00,1.82,212,4.7,29.4,59,0.0,19.5,99.5
2026-04-05 10:00:00,1.73,226,4.9,31.2,52,0.0,19.5,99.5
2026-04-05 11:00:00,1.87,236,5.2,32.6,45,0.0,19.5,99.5
2026-04-05 12:00:00,1.95,230,5.4,33.8,40,0.0,19.5,99.5
2026-04-05 13:00:00,2.24,241,5.8,34.3,35,0.0,19.5,99.5
2026-04-05 14:00:00,2.68,217,6.3,34.5,34,0.0,19.5,99.5
2026-04-05 15:00:00,3.31,218,7.3,34.4,34,0.0,19.5,99.5
2026-04-05 16:00:00,3.06,218,7.3,34.0,35,0.0,19.5,99.5
2026-04-05 17:00:00,1.99,205,6.4,32.9,42,0.0,19.5,99.5
2026-04-05 18:00:00,2.38,195,5.0,30.7,46,0.0,19.5,99.5
2026-04-05 19:00:00,2.29,191,5.4,28.7,47,0.0,19.5,99.5
2026-04-05 20:00:00,1.97,216,5.2,27.3,53,0.0,19.5,99.5
2026-04-05 21:00:00,1.63,223,4.6,25.6,58,0.0,19.5,99.5
2026-04-05 22:00:00,1.38,226,4.0,24.5,60,0.0,19.5,99.5
2026-04-05 23:00:00,1.81,222,4.2,24.1,57,0.0,19.5,99.5
2026-04-06 00:00:00,2.15,216,4.8,23.8,54,0.0,19.5,99.5
2026-04-06 01:00:00,2.01,215,4.8,23.4,59,0.0,19.5,99.5
2026-04-06 02:00:00,2.32,217,5.0,23.0,64,0.0,19.5,99.5
2026-04-06 03:00:00,2.1,218,5.0,22.4,68,0.0,19.5,99.5
2026-04-06 04:00:00,2.04,216,4.6,22.1,72,0.0,19.5,99.5
2026-04-06 05:00:00,2.34,214,4.7,21.8,76,0.0,19.5,99.5
2026-04-06 06:00:00,2.16,214,4.7,21.6,79,0.0,19.5,99.5
2026-04-06 07:00:00,1.87,214,4.4,22.1,80,0.0,19.5,99.5
2026-04-06 08:00:00,1.79,203,4.2,25.8,72,0.0,19.5,99.5
2026-04-06 09:00:00,1.83,197,4.7,29.3,59,0.0,19.5,99.5
2026-04-06 10:00:00,1.43,205,4.8,31.2,53,0.0,19.5,99.5
2026-04-06 11:00:00,1.32,209,4.5,32.7,47,0.0,19.5,99.5
2026-04-06 12:00:00,1.2,197,4.4,33.5,43,0.0,19.5,99.5
2026-04-06 13:00:00,1.4,235,4.6,33.9,38,0.0,19.5,99.5
2026-04-06 14:00:00,1.42,222,4.3,34.0,36,0.0,19.5,99.5
2026-04-06 15:00:00,1.06,188,4.1,34.2,35,0.0,19.5,99.5
2026-04-06 16:00:00,1.12,190,3.3,34.3,35,0.0,19.5,99.5
2026-04-06 17:00:00,1.06,225,3.0,33.2,45,0.0,19.5,99.5
2026-04-06 18:00:00,1.41,207,3.0,30.8,52,0.0,19.5,99.5
2026-04-06 19:00:00,1.2,185,3.9,28.1,61,0.0,19.5,99.5
2026-04-06 20:00:00,1.72,216,3.8,27.3,64,0.0,19.5,99.5
2026-04-06 21:00:00,1.13,221,3.9,26.3,69,0.0,19.5,99.5
2026-04-06 22:00:00,0.75,233,2.6,25.4,73,0.0,19.5,99.5
2026-04-06 23:00:00,1.0,233,2.5,24.8,73,0.0,19.5,99.5
2026-04-07 00:00:00,1.24,227,3.0,24.0,74,0.0,19.5,99.5
2026-04-07 01:00:00,1.45,229,3.8,23.5,78,0.0,19.5,99.5
2026-04-07 02:00:00,1.56,222,4.1,23.9,76,0.0,19.5,99.5
2026-04-07 03:00:00,1.88,222,4.3,23.5,78,0.0,19.5,99.5
2026-04-07 04:00:00,1.35,228,4.2,22.9,82,0.0,19.5,99.5
2026-04-07 05:00:00,1.33,214,3.2,22.3,87,0.0,19.5,99.5
2026-04-07 06:00:00,1.27,222,3.2,21.9,89,0.0,19.5,99.5
2026-04-07 07:00:00,1.1,219,3.5,22.4,82,0.0,19.5,99.5
2026-04-07 08:00:00,1.26,214,3.4,25.4,74,0.0,19.5,99.5
2026-04-07 09:00:00,0.83,205,3.4,29.0,59,0.0,19.5,99.5
2026-04-07 10:00:00,0.85,220,3.5,31.0,52,0.0,19.5,99.5
2026-04-07 11:00:00,1.28,249,5.6,32.4,46,0.0,19.5,99.5
2026-04-07 12:00:00,1.64,218,5.6,33.6,40,0.0,19.5,99.5
2026-04-07 13:00:00,1.99,198,5.5,34.3,32,0.0,19.5,99.5
2026-04-07 14:00:00,2.88,206,6.6,34.6,30,0.0,19.5,99.5
2026-04-07 15:00:00,3.47,223,7.4,34.6,30,0.0,19.5,99.5
2026-04-07 16:00:00,2.98,230,7.5,33.7,33,0.0,19.5,99.5
2026-04-07 17:00:00,2.73,206,6.4,32.3,39,0.0,19.5,99.5
2026-04-07 18:00:00,2.17,206,6.1,29.7,48,0.0,19.5,99.5
2026-04-07 19:00:00,2.72,193,5.0,27.4,59,0.0,19.5,99.5
2026-04-07 20:00:00,1.93,197,5.8,26.8,62,0.0,19.5,99.5
2026-04-07 21:00:00,0.94,238,4.3,25.1,70,0.0,19.5,99.5
2026-04-07 22:00:00,1.08,214,2.7,24.0,72,0.0,19.5,99.5
2026-04-07 23:00:00,0.75,266,2.9,23.2,76,0.0,19.5,99.5
2026-04-08 00:00:00,1.11,288,2.7,23.2,75,0.0,19.5,99.5
2026-04-08 01:00:00,0.6,318,2.6,23.8,73,0.0,19.5,99.5
2026-04-08 02:00:00,0.11,243,1.8,23.4,74,0.0,19.5,99.5
2026-04-08 03:00:00,0.42,225,1.3,22.4,79,0.0,19.5,99.5
2026-04-08 04:00:00,0.59,250,1.6,21.7,82,0.0,19.5,99.5
2026-04-08 05:00:00,0.59,250,1.6,21.0,86,0.0,19.5,99.5
2026-04-08 06:00:00,0.51,241,1.6,20.4,89,0.0,19.5,99.5
2026-04-08 07:00:00,0.88,227,2.0,21.6,83,0.0,19.5,99.5
2026-04-08 08:00:00,1.05,205,3.1,25.0,74,0.0,19.5,99.5
2026-04-08 09:00:00,0.76,188,3.1,28.0,59,0.0,19.5,99.5
2026-04-08 10:00:00,1.01,189,3.9,29.9,53,0.0,19.5,99.5
2026-04-08 11:00:00,1.43,209,4.6,31.4,48,0.0,19.5,99.5
2026-04-08 12:00:00,2.4,211,6.0,32.6,41,0.0,19.5,99.5
2026-04-08 13:00:00,2.87,211,7.2,33.3,34,0.0,19.5,99.5
2026-04-08 14:00:00,2.22,216,6.8,33.8,32,0.0,19.5,99.5
2026-04-08 15:00:00,3.11,228,6.8,33.7,32,0.0,19.5,99.5
2026-04-08 16:00:00,3.74,242,7.8,32.7,35,0.0,19.5,99.5
2026-04-08 17:00:00,2.65,238,7.8,31.7,41,0.0,19.5,99.5
2026-04-08 18:00:00,1.24,256,5.8,29.5,55,0.0,19.5,99.5
2026-04-08 19:00:00,1.64,232,3.0,28.1,50,0.0,19.5,99.5
2026-04-08 20:00:00,1.34,225,4.1,26.7,54,0.0,19.5,99.5
2026-04-08 21:00:00,1.24,230,3.4,24.8,62,0.0,19.5,99.5
2026-04-08 22:00:00,1.11,234,3.1,23.5,68,0.0,19.5,99.5
2026-04-08 23:00:00,1.15,236,3.3,22.4,73,0.0,19.5,99.5
2026-04-09 00:00:00,1.34,225,3.5,21.6,78,0.0,19.5,99.5
2026-04-09 01:00:00,1.13,229,3.6,21.2,79,0.0,19.5,99.5
2026-04-09 02:00:00,1.11,216,3.3,21.1,80,0.0,19.5,99.5
2026-04-09 03:00:00,1.05,211,3.1,20.7,82,0.0,19.5,99.5
2026-04-09 04:00:00,0.93,216,2.8,20.0,85,0.0,19.5,99.5
2026-04-09 05:00:00,0.68,216,2.4,19.3,88,0.0,19.5,99.5
2026-04-09 06:00:00,0.86,216,2.2,19.0,89,0.0,19.5,99.5
2026-04-09 07:00:00,0.68,234,3.0,21.1,81,0.0,19.5,99.5
2026-04-09 08:00:00,0.57,232,2.5,24.6,73,0.0,19.5,99.5
2026-04-09 09:00:00,0.11,63,2.4,27.8,59,0.0,19.5,99.5
2026-04-09 10:00:00,0.29,301,2.8,29.8,51,0.0,19.5,99.5
2026-04-09 11:00:00,0.81,263,3.7,31.1,46,0.0,19.5,99.5
2026-04-09 12:00:00,1.53,238,4.7,32.2,40,0.0,19.5,99.5
2026-04-09 13:00:00,3.13,241,6.4,33.0,33,0.0,19.5,99.5
2026-04-09 14:00:00,3.9,229,8.8,32.4,34,0.0,19.5,99.5
2026-04-09 15:00:00,2.77,219,8.7,32.6,35,0.0,19.5,99.5
2026-04-09 16:00:00,3.16,219,6.7,32.7,35,0.0,19.5,99.5
2026-04-09 17:00:00,2.59,214,6.9,31.6,39,0.0,19.5,99.5
2026-04-09 18:00:00,1.66,196,5.6,29.1,49,0.0,19.5,99.5
2026-04-09 19:00:00,2.34,196,4.2,27.5,48,0.0,19.5,99.5
2026-04-09 20:00:00,2.12,214,5.7,26.6,49,0.0,19.5,99.5
2026-04-09 21:00:00,1.39,232,5.2,24.7,56,0.0,19.5,99.5
2026-04-09 22:00:00,1.52,224,3.8,23.5,61,0.0,19.5,99.5
2026-04-09 23:00:00,1.63,227,3.9,22.2,65,0.0,19.5,99.5
2026-04-10 00:00:00,1.9,235,4.6,21.2,68,0.0,19.5,99.5
2026-04-10 01:00:00,1.94,235,5.1,21.3,68,0.0,19.5,99.5
2026-04-10 02:00:00,1.51,236,4.7,21.1,70,0.0,19.5,99.5
2026-04-10 03:00:00,1.35,228,3.9,20.2,76,0.0,19.5,99.5
2026-04-10 04:00:00,1.58,215,4.0,19.6,80,0.0,19.5,99.5
2026-04-10 05:00:00,1.39,218,4.0,19.1,83,0.0,19.5,99.5
2026-04-10 06:00:00,1.3,212,3.6,18.7,86,0.0,19.5,99.5
2026-04-10 07:00:00,2.15,202,4.4,20.3,82,0.0,19.5,99.5
2026-04-10 08:00:00,1.83,197,4.6,24.6,69,0.0,19.5,99.5
2026-04-10 09:00:00,1.81,194,4.9,28.1,56,0.0,19.5,99.5
2026-04-10 10:00:00,2.23,220,5.8,29.8,50,0.0,19.5,99.5
2026-04-10 11:00:00,2.79,224,6.9,31.3,44,0.0,19.5,99.5
2026-04-10 12:00:00,3.5,227,8.3,32.2,39,0.0,19.5,99.5
2026-04-10 13:00:00,3.68,228,8.6,32.6,37,0.0,19.5,99.5
2026-04-10 14:00:00,3.69,221,8.5,33.2,34,0.0,19.5,99.5
2026-04-10 15:00:00,4.45,218,9.7,33.4,33,0.0,19.5,99.5
2026-04-10 16:00:00,3.75,222,9.7,33.3,32,0.0,19.5,99.5
2026-04-10 17:00:00,2.3,226,7.8,32.4,37,0.0,19.5,99.5
2026-04-10 18:00:00,1.48,242,5.3,30.3,48,0.0,19.5,99.5
2026-04-10 19:00:00,1.13,229,3.5,29.4,44,0.0,19.5,99.5
2026-04-10 20:00:00,0.87,239,3.1,27.6,49,0.0,19.5,99.5
2026-04-10 21:00:00,0.89,232,2.6,25.4,57,0.0,19.5,99.5
2026-04-10 22:00:00,1.2,228,3.2,23.9,62,0.0,19.5,99.5
2026-04-10 23:00:00,1.33,236,3.5,22.7,68,0.0,19.5,99.5
2026-04-11 00:00:00,1.43,234,3.7,21.5,75,0.0,19.5,99.5
2026-04-11 01:00:00,1.43,234,3.8,20.5,80,0.0,19.5,99.5
2026-04-11 02:00:00,1.6,219,4.1,20.1,82,0.0,19.5,99.5
2026-04-11 03:00:00,1.63,223,4.2,20.0,81,0.0,19.5,99.5
2026-04-11 04:00:00,1.52,224,4.0,19.7,82,0.0,19.5,99.5
2026-04-11 05:00:00,1.74,221,4.1,19.4,84,0.0,19.5,99.5
2026-04-11 06:00:00,1.98,221,4.6,19.5,83,0.0,19.5,99.5
2026-04-11 07:00:00,2.05,223,4.7,20.2,82,0.0,19.5,99.5
2026-04-11 08:00:00,2.08,204,4.8,24.8,70,0.0,19.5,99.5
2026-04-11 09:00:00,2.06,194,5.3,28.0,54,0.0,19.5,99.5
2026-04-11 10:00:00,2.48,223,6.2,29.7,49,0.0,19.5,99.5
2026-04-11 11:00:00,3.18,233,7.5,31.2,41,0.0,19.5,99.5
2026-04-11 12:00:00,3.54,234,8.4,31.9,40,0.0,19.5,99.5
2026-04-11 13:00:00,3.41,220,8.4,32.7,38,0.0,19.5,99.5
2026-04-11 14:00:00,3.62,215,8.4,33.5,36,0.0,19.5,99.5
2026-04-11 15:00:00,3.54,223,8.4,33.8,33,0.0,19.5,99.5
2026-04-11 16:00:00,2.95,231,8.0,33.9,32,0.0,19.5,99.5
2026-04-11 17:00:00,1.71,238,6.7,32.9,37,0.0,19.5,99.5
2026-04-11 18:00:00,1.38,221,3.9,30.4,48,0.0,19.5,99.5
2026-04-11 19:00:00,1.88,202,4.5,27.4,47,0.0,19.5,99.5
2026-04-11 20:00:00,1.94,215,4.7,26.0,50,0.0,19.5,99.5
2026-04-11 21:00:00,1.84,223,4.6,24.0,57,0.0,19.5,99.5
2026-04-11 22:00:00,1.7,223,4.5,22.6,60,0.0,19.5,99.5
2026-04-11 23:00:00,1.67,219,4.2,21.5,64,0.0,19.5,99.5
2026-04-12 00:00:00,1.31,227,4.0,20.4,68,0.0,19.5,99.5
2026-04-12 01:00:00,1.38,224,3.6,19.8,74,0.0,19.5,99.5
2026-04-12 02:00:00,0.95,252,3.6,19.5,75,0.0,19.5,99.5
2026-04-12 03:00:00,0.68,253,2.6,19.5,74,0.0,19.5,99.5
2026-04-12 04:00:00,0.36,236,2.0,19.1,74,0.0,19.5,99.5
2026-04-12 05:00:00,0.4,240,1.6,18.5,75,0.0,19.5,99.5
2026-04-12 06:00:00,0.51,241,1.6,18.2,76,0.0,19.5,99.5
2026-04-12 07:00:00,0.51,241,1.6,20.3,73,0.0,19.5,99.5
2026-04-12 08:00:00,0.5,217,2.3,23.6,62,0.0,19.5,99.5
2026-04-12 09:00:00,0.25,143,2.4,27.1,48,0.0,19.5,99.5
2026-04-12 10:00:00,0.51,101,3.1,29.5,39,0.0,19.5,99.5
2026-04-12 11:00:00,0.41,104,3.3,31.1,34,0.0,19.5,99.5
2026-04-12 12:00:00,0.65,122,3.7,32.2,32,0.0,19.5,99.5
2026-04-12 13:00:00,0.51,119,4.6,32.7,30,0.0,19.5,99.5
2026-04-12 14:00:00,1.59,167,4.7,33.5,30,0.0,19.5,99.5
2026-04-12 15:00:00,2.14,213,5.3,33.9,27,0.0,19.5,99.5
2026-04-12 16:00:00,2.97,234,6.3,33.7,25,0.0,19.5,99.5
2026-04-12 17:00:00,2.63,231,6.3,32.4,32,0.0,19.5,99.5
2026-04-12 18:00:00,1.94,215,5.6,29.5,42,0.0,19.5,99.5
2026-04-12 19:00:00,1.82,201,4.3,26.9,49,0.0,19.5,99.5
2026-04-12 20:00:00,1.72,206,4.2,25.9,51,0.0,19.5,99.5
2026-04-12 21:00:00,1.81,219,4.1,24.9,54,0.0,19.5,99.5
2026-04-12 22:00:00,1.63,223,4.1,23.7,57,0.0,19.5,99.5
2026-04-12 23:00:00,1.84,213,4.3,23.0,59,0.0,19.5,99.5
2026-04-13 00:00:00,1.86,211,4.5,22.7,59,0.0,19.5,99.5
2026-04-13 01:00:00,1.88,197,4.6,22.2,62,0.0,19.5,99.5
2026-04-13 02:00:00,1.52,224,4.4,21.5,65,0.0,19.5,99.5
2026-04-13 03:00:00,1.31,227,3.7,20.6,70,0.0,19.5,99.5
2026-04-13 04:00:00,1.43,216,3.2,19.9,75,0.0,19.5,99.5
2026-04-13 05:00:00,1.4,215,3.4,19.5,78,0.0,19.5,99.5
2026-04-13 06:00:00,1.33,214,3.3,19.1,82,0.0,19.5,99.5
2026-04-13 07:00:00,1.77,209,4.0,20.5,79,0.0,19.5,99.5
2026-04-13 08:00:00,1.14,195,3.6,24.4,69,0.0,19.5,99.5
2026-04-13 09:00:00,0.5,180,3.2,28.6,54,0.0,19.5,99.5
2026-04-13 10:00:00,0.25,90,2.9,31.0,45,0.0,19.5,99.5
2026-04-13 11:00:00,0.25,349,3.1,32.5,38,0.0,19.5,99.5
2026-04-13 12:00:00,0.42,225,3.3,33.5,36,0.0,19.5,99.5
2026-04-13 13:00:00,1.84,229,4.9,34.3,34,0.0,19.5,99.5
2026-04-13 14:00:00,2.89,217,6.9,34.7,30,0.0,19.5,99.5
2026-04-13 15:00:00,3.15,224,7.2,34.8,26,0.0,19.5,99.5
2026-04-13 16:00:00,2.83,224,7.0,34.3,28,0.0,19.5,99.5
2026-04-13 17:00:00,1.86,211,6.0,33.1,36,0.0,19.5,99.5
2026-04-13 18:00:00,1.53,191,4.2,30.6,46,0.0,19.5,99.5
2026-04-13 19:00:00,2.34,191,5.1,28.3,48,0.0,19.5,99.5
2026-04-13 20:00:00,2.59,199,5.8,27.8,50,0.0,19.5,99.5
2026-04-13 21:00:00,2.04,216,5.6,26.4,55,0.0,19.5,99.5
2026-04-13 22:00:00,1.35,231,4.8,24.3,62,0.0,19.5,99.5
2026-04-13 23:00:00,1.54,216,3.6,23.5,64,0.0,19.5,99.5
2026-04-14 00:00:00,1.97,216,4.4,23.5,60,0.0,19.5,99.5
2026-04-14 01:00:00,1.88,209,4.7,23.0,62,0.0,19.5,99.5
2026-04-14 02:00:00,1.86,216,4.4,22.5,63,0.0,19.5,99.5
2026-04-14 03:00:00,1.68,217,4.1,21.6,68,0.0,19.5,99.5
2026-04-14 04:00:00,1.6,219,3.7,20.8,74,0.0,19.5,99.5
2026-04-14 05:00:00,1.79,216,3.9,20.2,78,0.0,19.5,99.5
2026-04-14 06:00:00,1.56,220,3.9,19.8,81,0.0,19.5,99.5
2026-04-14 07:00:00,1.78,212,3.9,21.1,80,0.0,19.5,99.5
2026-04-14 08:00:00,1.57,211,3.9,25.4,68,0.0,19.5,99.5
2026-04-14 09:00:00,1.48,208,4.2,29.3,53,0.0,19.5,99.5
2026-04-14 10:00:00,1.24,223,4.3,31.4,45,0.0,19.5,99.5
2026-04-14 11:00:00,0.96,231,4.2,33.0,38,0.0,19.5,99.5
2026-04-14 12:00:00,1.42,212,4.5,34.0,34,0.0,19.5,99.5
2026-04-14 13:00:00,1.6,219,6.1,34.4,31,0.0,19.5,99.5
2026-04-14 14:00:00,2.21,193,5.6,34.9,30,0.0,19.5,99.5
2026-04-14 15:00:00,2.57,188,6.3,35.0,29,0.0,19.5,99.5
2026-04-14 16:00:00,2.18,212,6.2,34.6,29,0.0,19.5,99.5
2026-04-14 17:00:00,2.02,220,4.9,33.6,34,0.0,19.5,99.5
2026-04-14 18:00:00,2.0,202,4.5,30.8,41,0.0,19.5,99.5
2026-04-14 19:00:00,2.25,184,4.5,28.0,52,0.0,19.5,99.5
2026-04-14 20:00:00,2.25,201,5.2,27.3,54,0.0,19.5,99.5
2026-04-14 21:00:00,1.66,213,4.9,26.0,58,0.0,19.5,99.5
2026-04-14 22:00:00,1.51,214,3.7,25.1,60,0.0,19.5,99.5
2026-04-14 23:00:00,1.66,213,3.8,24.9,58,0.0,19.5,99.5
2026-03-20 00:00:00,0.21,104,1.0,24.4,64,0.0,17.0,98.5
2026-03-20 01:00:00,0.18,56,0.9,24.1,65,0.0,17.0,98.5
2026-03-20 02:00:00,0.1,90,0.8,23.6,68,0.0,17.0,98.5
2026-03-20 03:00:00,0.11,333,0.7,22.9,69,0.0,17.0,98.5
2026-03-20 04:00:00,0.54,338,1.1,22.0,68,0.0,17.0,98.5
2026-03-20 05:00:00,0.25,37,1.2,21.7,66,0.0,17.0,98.5
2026-03-20 06:00:00,0.25,90,0.8,21.2,68,0.0,17.0,98.5
2026-03-20 07:00:00,0.2,360,0.7,21.1,74,0.0,17.0,98.5
2026-03-20 08:00:00,0.49,45,2.0,23.1,64,0.0,17.0,98.5
2026-03-20 09:00:00,0.32,219,2.7,26.0,53,0.0,17.0,98.5
2026-03-20 10:00:00,0.89,232,3.9,28.4,51,0.0,17.0,98.5
2026-03-20 11:00:00,1.46,239,4.9,30.2,45,0.0,17.0,98.5
2026-03-20 12:00:00,1.68,243,5.4,31.8,43,0.0,17.0,98.5
2026-03-20 13:00:00,1.88,241,6.6,33.2,38,0.0,17.0,98.5
2026-03-20 14:00:00,2.32,233,6.0,34.1,31,0.0,17.0,98.5
2026-03-20 15:00:00,4.17,240,8.5,34.0,30,0.0,17.0,98.5
2026-03-20 16:00:00,4.45,244,8.8,32.8,35,0.0,17.0,98.5
2026-03-20 17:00:00,4.47,230,8.7,31.6,40,0.0,17.0,98.5
2026-03-20 18:00:00,3.26,234,8.4,29.9,50,0.0,17.0,98.5
2026-03-20 19:00:00,1.65,270,5.8,28.6,56,0.0,17.0,98.5
2026-03-20 20:00:00,0.63,252,2.9,27.8,62,0.0,17.0,98.5
2026-03-20 21:00:00,1.12,190,2.1,26.8,63,0.0,17.0,98.5
2026-03-20 22:00:00,0.89,142,2.2,25.8,62,0.0,17.0,98.5
2026-03-20 23:00:00,0.98,114,1.7,24.9,62,0.0,17.0,98.5
2026-03-21 00:00:00,0.49,114,1.6,24.4,65,0.0,17.0,98.5
2026-03-21 01:00:00,0.05,90,0.9,23.9,69,0.0,17.0,98.5
2026-03-21 02:00:00,0.25,79,0.6,23.1,70,0.0,17.0,98.5
2026-03-21 03:00:00,0.18,56,0.6,22.8,72,0.0,17.0,98.5
2026-03-21 04:00:00,0.14,45,0.5,22.3,73,0.0,17.0,98.5
2026-03-21 05:00:00,0.16,72,0.5,21.8,76,0.0,17.0,98.5
2026-03-21 06:00:00,0.21,76,0.4,21.4,77,0.0,17.0,98.5
2026-03-21 07:00:00,0.46,347,0.4,22.1,79,0.0,17.0,98.5
2026-03-21 08:00:00,0.45,354,2.1,24.3,68,0.0,17.0,98.5
2026-03-21 09:00:00,0.56,190,3.0,26.8,60,0.0,17.0,98.5
2026-03-21 10:00:00,0.87,211,4.0,28.9,54,0.0,17.0,98.5
2026-03-21 11:00:00,1.37,246,4.8,30.8,45,0.0,17.0,98.5
2026-03-21 12:00:00,1.8,251,5.6,32.5,39,0.0,17.0,98.5
2026-03-21 13:00:00,2.28,241,6.3,34.3,32,0.0,17.0,98.5
2026-03-21 14:00:00,3.16,231,7.2,35.0,30,0.0,17.0,98.5
2026-03-21 15:00:00,4.6,223,9.2,34.8,29,0.0,17.0,98.5
2026-03-21 16:00:00,5.03,228,10.1,33.6,33,0.0,17.0,98.5
2026-03-21 17:00:00,5.01,234,9.8,32.5,35,0.0,17.0,98.5
2026-03-21 18:00:00,3.76,229,9.3,30.6,44,0.0,17.0,98.5
2026-03-21 19:00:00,1.05,211,6.8,29.1,57,0.0,17.0,98.5
2026-03-21 20:00:00,1.16,173,2.1,28.3,59,0.0,17.0,98.5
2026-03-21 21:00:00,0.91,174,2.0,27.1,64,0.0,17.0,98.5
2026-03-21 22:00:00,0.22,207,1.8,26.4,67,0.0,17.0,98.5
2026-03-21 23:00:00,0.05,90,1.0,25.5,71,0.0,17.0,98.5
2026-03-22 00:00:00,0.25,79,0.9,24.8,73,0.0,17.0,98.5
2026-03-22 01:00:00,0.28,315,0.9,24.9,74,0.0,17.0,98.5
2026-03-22 02:00:00,0.36,254,1.5,24.8,74,0.0,17.0,98.5
2026-03-22 03:00:00,0.38,203,1.5,24.1,77,0.0,17.0,98.5
2026-03-22 04:00:00,0.46,283,1.4,23.2,83,0.0,17.0,98.5
2026-03-22 05:00:00,0.07,135,1.3,23.1,84,0.1,17.0,98.5
2026-03-22 06:00:00,0.1,90,0.6,22.7,86,0.0,17.0,98.5
2026-03-22 07:00:00,1.1,93,0.5,22.9,83,0.0,17.0,98.5
2026-03-22 08:00:00,0.78,135,2.7,24.5,78,0.0,17.0,98.5
2026-03-22 09:00:00,0.83,205,3.5,26.9,70,0.0,17.0,98.5
2026-03-22 10:00:00,1.61,234,4.9,29.0,60,0.0,17.0,98.5
2026-03-22 11:00:00,2.18,233,6.0,30.8,51,0.0,17.0,98.5
2026-03-22 12:00:00,2.82,243,8.1,32.2,46,0.0,17.0,98.5
2026-03-22 13:00:00,3.89,241,8.1,34.1,34,0.0,17.0,98.5
2026-03-22 14:00:00,4.62,236,9.5,34.2,32,0.0,17.0,98.5
2026-03-22 15:00:00,5.15,236,10.4,33.9,34,0.0,17.0,98.5
2026-03-22 16:00:00,4.74,244,10.3,33.3,36,0.0,17.0,98.5
2026-03-22 17:00:00,4.29,242,9.4,32.6,37,0.0,17.0,98.5
2026-03-22 18:00:00,3.25,224,8.2,31.2,40,0.0,17.0,98.5
2026-03-22 19:00:00,2.47,225,6.0,29.8,42,0.0,17.0,98.5
2026-03-22 20:00:00,1.21,232,4.5,28.4,48,0.0,17.0,98.5
2026-03-22 21:00:00,0.54,202,2.4,27.8,50,0.0,17.0,98.5
2026-03-22 22:00:00,0.51,169,1.5,26.5,54,0.0,17.0,98.5
2026-03-22 23:00:00,1.07,143,1.9,25.0,60,0.0,17.0,98.5
2026-03-23 00:00:00,1.01,117,1.9,24.0,65,0.0,17.0,98.5
2026-03-23 01:00:00,0.4,120,1.6,24.4,68,0.0,17.0,98.5
2026-03-23 02:00:00,0.35,98,1.2,24.0,70,0.0,17.0,98.5
2026-03-23 03:00:00,0.32,108,1.0,23.5,72,0.0,17.0,98.5
2026-03-23 04:00:00,0.14,45,0.8,23.1,75,0.0,17.0,98.5
2026-03-23 05:00:00,0.15,90,0.6,22.5,78,0.0,17.0,98.5
2026-03-23 06:00:00,0.4,97,0.7,21.8,82,0.0,17.0,98.5
2026-03-23 07:00:00,0.5,53,0.7,22.4,81,0.0,17.0,98.5
2026-03-23 08:00:00,0.65,90,2.5,24.5,73,0.0,17.0,98.5
2026-03-23 09:00:00,0.39,230,2.9,26.6,69,0.0,17.0,98.5
2026-03-23 10:00:00,1.18,258,4.5,28.8,60,0.0,17.0,98.5
2026-03-23 11:00:00,1.7,267,5.4,30.8,45,0.0,17.0,98.5
2026-03-23 12:00:00,1.81,265,5.8,32.2,37,0.0,17.0,98.5
2026-03-23 13:00:00,2.28,232,5.7,34.1,31,0.0,17.0,98.5
2026-03-23 14:00:00,4.22,229,8.7,35.5,18,0.0,17.0,98.5
2026-03-23 15:00:00,5.13,232,10.4,35.2,18,0.0,17.0,98.5
2026-03-23 16:00:00,4.84,237,10.3,34.4,22,0.0,17.0,98.5
2026-03-23 17:00:00,4.3,241,9.5,33.4,24,0.0,17.0,98.5
2026-03-23 18:00:00,2.69,225,8.0,31.6,27,0.0,17.0,98.5
2026-03-23 19:00:00,1.94,226,5.0,29.1,32,0.0,17.0,98.5
2026-03-23 20:00:00,0.76,247,3.4,28.0,36,0.0,17.0,98.5
2026-03-23 21:00:00,0.39,320,1.7,27.0,39,0.0,17.0,98.5
2026-03-23 22:00:00,0.18,34,1.1,26.0,43,0.0,17.0,98.5
2026-03-23 23:00:00,0.22,63,0.7,25.1,45,0.0,17.0,98.5
2026-03-24 00:00:00,0.18,34,0.6,24.4,47,0.0,17.0,98.5
2026-03-24 01:00:00,0.25,323,0.6,23.5,51,0.0,17.0,98.5
2026-03-24 02:00:00,0.22,27,0.8,22.8,53,0.0,17.0,98.5
2026-03-24 03:00:00,0.38,23,0.8,22.2,54,0.0,17.0,98.5
2026-03-24 04:00:00,0.27,68,0.8,21.9,55,0.0,17.0,98.5
2026-03-24 05:00:00,0.21,76,0.6,21.4,58,0.0,17.0,98.5
2026-03-24 06:00:00,0.3,81,0.5,20.9,62,0.0,17.0,98.5
2026-03-24 07:00:00,0.46,347,0.6,21.0,63,0.0,17.0,98.5
2026-03-24 08:00:00,0.58,31,2.2,23.8,51,0.0,17.0,98.5
2026-03-24 09:00:00,0.4,187,2.8,26.5,45,0.0,17.0,98.5
2026-03-24 10:00:00,0.79,215,3.8,28.9,42,0.0,17.0,98.5
2026-03-24 11:00:00,1.43,234,4.9,31.0,37,0.0,17.0,98.5
2026-03-24 12:00:00,1.84,241,5.7,32.7,32,0.0,17.0,98.5
2026-03-24 13:00:00,2.38,229,5.9,34.3,29,0.0,17.0,98.5
2026-03-24 14:00:00,3.09,220,7.2,35.2,27,0.0,17.0,98.5
2026-03-24 15:00:00,4.22,221,8.7,35.5,22,0.0,17.0,98.5
2026-03-24 16:00:00,4.57,221,9.2,34.7,25,0.0,17.0,98.5
2026-03-24 17:00:00,4.45,225,9.1,33.5,30,0.0,17.0,98.5
2026-03-24 18:00:00,3.26,220,8.3,31.7,35,0.0,17.0,98.5
2026-03-24 19:00:00,1.77,227,6.0,28.9,44,0.0,17.0,98.5
2026-03-24 20:00:00,1.49,200,3.1,28.0,47,0.0,17.0,98.5
2026-03-24 21:00:00,1.23,168,2.7,26.9,49,0.0,17.0,98.5
2026-03-24 22:00:00,1.42,132,2.4,25.6,49,0.0,17.0,98.5
2026-03-24 23:00:00,1.07,118,2.5,24.5,52,0.0,17.0,98.5
2026-03-25 00:00:00,0.4,97,1.8,24.0,53,0.0,17.0,98.5
2026-03-25 01:00:00,0.14,315,1.0,23.5,56,0.0,17.0,98.5
2026-03-25 02:00:00,0.4,360,1.1,22.6,59,0.0,17.0,98.5
2026-03-25 03:00:00,0.22,27,1.1,22.1,60,0.0,17.0,98.5
2026-03-25 04:00:00,0.16,72,0.8,21.5,62,0.0,17.0,98.5
2026-03-25 05:00:00,0.36,106,0.6,20.9,63,0.0,17.0,98.5
2026-03-25 06:00:00,0.51,101,1.0,20.5,64,0.0,17.0,98.5
2026-03-25 07:00:00,0.41,14,0.9,21.0,69,0.0,17.0,98.5
2026-03-25 08:00:00,0.64,39,2.2,23.5,57,0.0,17.0,98.5
2026-03-25 09:00:00,0.18,124,2.7,26.2,50,0.0,17.0,98.5
2026-03-25 10:00:00,0.56,243,3.6,28.6,48,0.0,17.0,98.5
2026-03-25 11:00:00,1.23,249,4.7,30.7,42,0.0,17.0,98.5
2026-03-25 12:00:00,1.38,257,5.2,32.3,39,0.0,17.0,98.5
2026-03-25 13:00:00,1.63,227,5.3,34.0,37,0.0,17.0,98.5
2026-03-25 14:00:00,3.12,221,7.0,35.7,29,0.0,17.0,98.5
2026-03-25 15:00:00,4.67,222,9.4,35.7,28,0.0,17.0,98.5
2026-03-25 16:00:00,4.8,219,9.7,34.8,33,0.0,17.0,98.5
2026-03-25 17:00:00,4.6,221,9.4,33.7,37,0.0,17.0,98.5
2026-03-25 18:00:00,3.39,211,8.6,31.9,43,0.0,17.0,98.5
2026-03-25 19:00:00,1.63,207,6.1,29.6,50,0.0,17.0,98.5
2026-03-25 20:00:00,0.93,234,2.8,29.0,54,0.0,17.0,98.5
2026-03-25 21:00:00,0.36,254,1.8,28.2,57,0.0,17.0,98.5
2026-03-25 22:00:00,0.34,153,1.0,27.1,60,0.0,17.0,98.5
2026-03-25 23:00:00,0.68,107,1.2,25.9,63,0.0,17.0,98.5
2026-03-26 00:00:00,0.35,98,1.2,25.2,65,0.0,17.0,98.5
2026-03-26 01:00:00,0.07,45,0.8,24.8,71,0.0,17.0,98.5
2026-03-26 02:00:00,0.16,72,0.6,24.1,71,0.0,17.0,98.5
2026-03-26 03:00:00,0.15,90,0.5,23.5,73,0.0,17.0,98.5
2026-03-26 04:00:00,0.25,90,0.5,22.8,75,0.0,17.0,98.5
2026-03-26 05:00:00,0.51,79,0.7,22.2,76,0.0,17.0,98.5
2026-03-26 06:00:00,0.6,66,0.9,21.9,77,0.0,17.0,98.5
2026-03-26 07:00:00,0.55,355,0.9,22.2,77,0.0,17.0,98.5
2026-03-26 08:00:00,0.45,96,2.2,24.5,66,0.0,17.0,98.5
2026-03-26 09:00:00,0.5,180,3.1,26.9,60,0.0,17.0,98.5
2026-03-26 10:00:00,0.6,204,3.7,29.3,51,0.0,17.0,98.5
2026-03-26 11:00:00,1.13,225,4.6,31.5,43,0.0,17.0,98.5
2026-03-26 12:00:00,1.68,240,5.4,33.5,35,0.0,17.0,98.5
2026-03-26 13:00:00,2.24,243,5.8,35.1,33,0.0,17.0,98.5
2026-03-26 14:00:00,2.53,232,6.3,36.2,29,0.0,17.0,98.5
2026-03-26 15:00:00,3.87,230,8.1,36.7,26,0.0,17.0,98.5
2026-03-26 16:00:00,4.84,235,9.5,36.0,25,0.0,17.0,98.5
2026-03-26 17:00:00,4.43,233,9.5,34.8,29,0.0,17.0,98.5
2026-03-26 18:00:00,3.38,218,8.3,32.8,38,0.0,17.0,98.5
2026-03-26 19:00:00,1.73,224,6.2,30.4,44,0.0,17.0,98.5
2026-03-26 20:00:00,0.67,243,3.1,29.5,50,0.0,17.0,98.5
2026-03-26 21:00:00,0.25,169,1.5,28.5,54,0.0,17.0,98.5
2026-03-26 22:00:00,0.46,131,0.9,27.2,58,0.0,17.0,98.5
2026-03-26 23:00:00,0.79,108,1.3,26.0,64,0.0,17.0,98.5
2026-03-27 00:00:00,0.8,94,1.3,25.1,70,0.0,17.0,98.5
2026-03-27 01:00:00,0.2,90,1.2,24.9,74,0.0,17.0,98.5
2026-03-27 02:00:00,0.2,90,0.6,24.2,77,0.0,17.0,98.5
2026-03-27 03:00:00,0.18,34,0.6,23.5,80,0.0,17.0,98.5
2026-03-27 04:00:00,0.22,63,0.5,22.9,82,0.0,17.0,98.5
2026-03-27 05:00:00,0.25,79,0.6,22.1,84,0.0,17.0,98.5
2026-03-27 06:00:00,0.3,99,0.7,21.5,87,0.0,17.0,98.5
2026-03-27 07:00:00,0.29,59,0.8,21.9,87,0.0,17.0,98.5
2026-03-27 08:00:00,0.35,82,2.2,24.0,77,0.0,17.0,98.5
2026-03-27 09:00:00,0.36,236,2.9,26.6,69,0.0,17.0,98.5
2026-03-27 10:00:00,1.0,252,4.1,29.3,51,0.0,17.0,98.5
2026-03-27 11:00:00,1.64,258,5.2,31.5,41,0.0,17.0,98.5
2026-03-27 12:00:00,1.72,262,5.6,33.2,38,0.0,17.0,98.5
2026-03-27 13:00:00,2.36,238,5.9,35.2,33,0.0,17.0,98.5
2026-03-27 14:00:00,4.29,234,8.9,36.2,26,0.0,17.0,98.5
2026-03-27 15:00:00,4.94,230,10.1,35.8,26,0.0,17.0,98.5
2026-03-27 16:00:00,4.7,225,10.0,35.0,31,0.0,17.0,98.5
2026-03-27 17:00:00,4.74,227,9.4,33.6,38,0.0,17.0,98.5
2026-03-27 18:00:00,3.78,223,9.0,32.2,41,0.0,17.0,98.5
2026-03-27 19:00:00,1.41,225,6.9,30.0,50,0.0,17.0,98.5
2026-03-27 20:00:00,1.54,209,2.8,29.5,50,0.0,17.0,98.5
2026-03-27 21:00:00,0.7,184,2.8,28.7,55,0.0,17.0,98.5
2026-03-27 22:00:00,0.46,139,1.6,27.6,59,0.0,17.0,98.5
2026-03-27 23:00:00,0.3,99,1.0,26.6,63,0.0,17.0,98.5
2026-03-28 00:00:00,0.4,120,0.9,25.8,67,0.0,17.0,98.5
2026-03-28 01:00:00,0.14,45,0.8,25.2,71,0.0,17.0,98.5
2026-03-28 02:00:00,0.18,326,0.5,24.5,73,0.0,17.0,98.5
2026-03-28 03:00:00,0.3,351,0.7,23.8,74,0.0,17.0,98.5
2026-03-28 04:00:00,0.21,76,0.6,23.2,75,0.0,17.0,98.5
2026-03-28 05:00:00,0.46,77,0.6,22.6,79,0.0,17.0,98.5
2026-03-28 06:00:00,0.22,63,0.6,22.3,82,0.0,17.0,98.5
2026-03-28 07:00:00,0.47,58,0.6,22.8,84,0.0,17.0,98.5
2026-03-28 08:00:00,0.28,315,2.1,24.8,74,0.0,17.0,98.5
2026-03-28 09:00:00,0.75,266,3.4,27.2,65,0.0,17.0,98.5
2026-03-28 10:00:00,1.21,263,4.5,29.6,54,0.0,17.0,98.5
2026-03-28 11:00:00,1.83,253,5.6,31.8,44,0.0,17.0,98.5
2026-03-28 12:00:00,2.12,255,6.1,33.5,39,0.0,17.0,98.5
2026-03-28 13:00:00,2.32,233,7.0,35.0,34,0.0,17.0,98.5
2026-03-28 14:00:00,3.22,224,7.4,35.8,29,0.0,17.0,98.5
2026-03-28 15:00:00,3.91,220,8.3,35.6,28,0.0,17.0,98.5
2026-03-28 16:00:00,4.08,213,8.4,34.9,30,0.0,17.0,98.5
2026-03-28 17:00:00,3.93,217,8.3,33.7,36,0.0,17.0,98.5
2026-03-28 18:00:00,3.42,209,7.5,32.0,44,0.0,17.0,98.5
2026-03-28 19:00:00,2.8,215,6.2,30.7,51,0.0,17.0,98.5
2026-03-28 20:00:00,0.92,221,5.0,29.5,58,0.0,17.0,98.5
2026-03-28 21:00:00,0.25,169,1.8,29.0,59,0.0,17.0,98.5
2026-03-28 22:00:00,0.18,146,1.0,28.5,61,0.0,17.0,98.5
2026-03-28 23:00:00,0.3,171,0.9,27.5,65,0.0,17.0,98.5
2026-03-29 00:00:00,0.11,117,0.9,26.6,69,0.0,17.0,98.5
2026-03-29 01:00:00,0.14,315,0.6,25.9,72,0.0,17.0,98.5
2026-03-29 02:00:00,0.22,243,0.8,25.1,76,0.0,17.0,98.5
2026-03-29 03:00:00,0.05,90,0.9,24.5,79,0.0,17.0,98.5
2026-03-29 04:00:00,0.16,342,0.6,24.0,80,0.0,17.0,98.5
2026-03-29 05:00:00,0.16,252,0.6,23.4,82,0.0,17.0,98.5
2026-03-29 06:00:00,0.0,270,0.6,22.8,84,0.0,17.0,98.5
2026-03-29 07:00:00,0.18,56,0.9,23.4,78,0.0,17.0,98.5
2026-03-29 08:00:00,0.61,125,2.5,25.1,72,0.0,17.0,98.5
2026-03-29 09:00:00,0.75,184,3.4,27.5,66,0.0,17.0,98.5
2026-03-29 10:00:00,1.27,225,4.6,29.5,61,0.0,17.0,98.5
2026-03-29 11:00:00,1.79,234,5.5,31.2,55,0.0,17.0,98.5
2026-03-29 12:00:00,2.02,224,6.6,32.8,49,0.0,17.0,98.5
2026-03-29 13:00:00,2.76,228,7.0,34.6,39,0.0,17.0,98.5
2026-03-29 14:00:00,3.87,230,8.4,35.6,34,0.0,17.0,98.5
2026-03-29 15:00:00,4.6,225,9.5,35.4,33,0.0,17.0,98.5
2026-03-29 16:00:00,4.6,224,9.6,34.5,33,0.0,17.0,98.5
2026-03-29 17:00:00,4.23,220,9.1,33.7,37,0.0,17.0,98.5
2026-03-29 18:00:00,3.82,212,8.1,32.2,42,0.0,17.0,98.5
2026-03-29 19:00:00,1.88,228,6.9,30.9,48,0.0,17.0,98.5
2026-03-29 20:00:00,1.45,207,3.4,29.8,54,0.0,17.0,98.5
2026-03-29 21:00:00,1.3,180,2.7,28.8,60,0.0,17.0,98.5
2026-03-29 22:00:00,1.26,162,2.7,27.9,64,0.0,17.0,98.5
2026-03-29 23:00:00,0.88,133,2.4,26.6,70,0.0,17.0,98.5
2026-03-30 00:00:00,0.81,120,1.7,26.0,72,0.0,17.0,98.5
2026-03-30 01:00:00,0.32,141,1.5,26.1,76,0.0,17.0,98.5
2026-03-30 02:00:00,0.47,122,1.2,25.6,79,0.0,17.0,98.5
2026-03-30 03:00:00,0.2,90,1.1,25.0,81,0.0,17.0,98.5
2026-03-30 04:00:00,0.25,90,0.8,24.4,83,0.0,17.0,98.5
2026-03-30 05:00:00,0.5,84,0.8,24.0,85,0.0,17.0,98.5
2026-03-30 06:00:00,0.71,98,1.2,23.9,84,0.0,17.0,98.5
2026-03-30 07:00:00,0.67,77,1.8,24.0,80,0.0,17.0,98.5
2026-03-30 08:00:00,0.52,107,2.4,25.6,75,0.0,17.0,98.5
2026-03-30 09:00:00,0.54,202,3.2,27.9,68,0.0,17.0,98.5
2026-03-30 10:00:00,1.2,225,4.5,29.8,61,0.0,17.0,98.5
2026-03-30 11:00:00,1.64,232,5.4,31.8,50,0.0,17.0,98.5
2026-03-30 12:00:00,1.96,238,5.9,33.5,41,0.0,17.0,98.5
2026-03-30 13:00:00,1.9,247,6.0,34.7,33,0.0,17.0,98.5
2026-03-30 14:00:00,1.88,241,5.8,35.2,31,0.0,17.0,98.5
2026-03-30 15:00:00,2.65,223,6.4,35.7,30,0.0,17.0,98.5
2026-03-30 16:00:00,4.37,216,8.6,35.5,29,0.0,17.0,98.5
2026-03-30 17:00:00,4.69,220,9.2,34.5,31,0.0,17.0,98.5
2026-03-30 18:00:00,3.93,222,8.9,32.8,36,0.0,17.0,98.5
2026-03-30 19:00:00,2.8,221,7.2,31.7,40,0.0,17.0,98.5
2026-03-30 20:00:00,3.62,221,6.3,30.8,46,0.0,17.0,98.5
2026-03-30 21:00:00,2.41,214,7.2,29.3,58,0.0,17.0,98.5
2026-03-30 22:00:00,1.02,169,4.5,27.9,66,0.0,17.0,98.5
2026-03-30 23:00:00,1.19,147,2.2,27.0,71,0.0,17.0,98.5
2026-03-31 00:00:00,0.65,148,2.3,26.1,78,0.0,17.0,98.5
2026-03-31 01:00:00,0.25,233,1.4,25.8,83,0.0,17.0,98.5
2026-03-31 02:00:00,0.07,315,1.0,25.3,86,0.0,17.0,98.5
2026-03-31 03:00:00,0.16,342,0.8,24.6,88,0.0,17.0,98.5
2026-03-31 04:00:00,0.46,347,1.0,24.1,87,0.0,17.0,98.5
2026-03-31 05:00:00,0.51,11,1.2,24.0,83,0.0,17.0,98.5
2026-03-31 06:00:00,0.25,79,1.0,24.0,83,0.0,17.0,98.5
2026-03-31 07:00:00,0.96,39,1.4,23.9,86,0.0,17.0,98.5
2026-03-31 08:00:00,0.72,102,2.8,25.6,80,0.0,17.0,98.5
2026-03-31 09:00:00,0.62,194,3.3,27.7,74,0.0,17.0,98.5
2026-03-31 10:00:00,1.18,216,4.6,29.9,63,0.0,17.0,98.5
2026-03-31 11:00:00,1.54,241,5.3,31.9,52,0.0,17.0,98.5
2026-03-31 12:00:00,1.75,246,5.7,34.0,41,0.0,17.0,98.5
2026-03-31 13:00:00,1.75,246,5.7,35.2,31,0.0,17.0,98.5
2026-03-31 14:00:00,2.33,239,6.1,36.0,27,0.0,17.0,98.5
2026-03-31 15:00:00,3.06,236,7.0,36.2,26,0.0,17.0,98.5
2026-03-31 16:00:00,3.63,236,7.6,36.0,25,0.0,17.0,98.5
2026-03-31 17:00:00,3.87,237,7.8,35.2,26,0.0,17.0,98.5
2026-03-31 18:00:00,2.73,229,7.4,33.5,30,0.0,17.0,98.5
2026-03-31 19:00:00,1.56,228,5.1,30.9,40,0.0,17.0,98.5
2026-03-31 20:00:00,1.25,247,2.7,29.5,44,0.0,17.0,98.5
2026-03-31 21:00:00,0.56,207,2.4,28.6,47,0.0,17.0,98.5
2026-03-31 22:00:00,0.68,144,1.4,27.7,50,0.0,17.0,98.5
2026-03-31 23:00:00,1.34,117,2.2,26.3,54,0.0,17.0,98.5
2026-04-01 00:00:00,0.81,101,2.3,25.5,59,0.0,17.0,98.5
2026-04-01 01:00:00,0.22,63,1.3,25.5,63,0.0,17.0,98.5
2026-04-01 02:00:00,0.16,108,0.7,25.2,65,0.0,17.0,98.5
2026-04-01 03:00:00,0.16,162,0.6,24.4,68,0.0,17.0,98.5
2026-04-01 04:00:00,0.65,94,0.8,23.6,70,0.0,17.0,98.5
2026-04-01 05:00:00,1.05,95,1.7,23.1,69,0.0,17.0,98.5
2026-04-01 06:00:00,0.95,87,1.9,22.8,70,0.0,17.0,98.5
2026-04-01 07:00:00,0.72,25,1.5,23.5,71,0.0,17.0,98.5
2026-04-01 08:00:00,0.79,55,2.8,25.5,66,0.0,17.0,98.5
2026-04-01 09:00:00,0.5,180,3.2,27.9,66,0.0,17.0,98.5
2026-04-01 10:00:00,1.13,221,4.5,29.9,59,0.0,17.0,98.5
2026-04-01 11:00:00,1.62,236,5.4,32.0,49,0.0,17.0,98.5
2026-04-01 12:00:00,2.04,253,6.0,33.8,40,0.0,17.0,98.5
2026-04-01 13:00:00,1.52,247,6.1,35.0,33,0.0,17.0,98.5
2026-04-01 14:00:00,1.58,235,5.1,35.8,29,0.0,17.0,98.5
2026-04-01 15:00:00,2.37,235,6.0,36.0,28,0.0,17.0,98.5
2026-04-01 16:00:00,2.85,239,6.3,35.8,29,0.0,17.0,98.5
2026-04-01 17:00:00,3.4,242,6.7,35.1,30,0.0,17.0,98.5
2026-04-01 18:00:00,2.93,224,6.7,33.2,35,0.0,17.0,98.5
2026-04-01 19:00:00,1.8,226,5.2,31.0,38,0.0,17.0,98.5
2026-04-01 20:00:00,0.59,200,3.1,30.2,42,0.0,17.0,98.5
2026-04-01 21:00:00,0.95,177,1.8,29.4,46,0.0,17.0,98.5
2026-04-01 22:00:00,1.29,144,2.3,28.0,54,0.0,17.0,98.5
2026-04-01 23:00:00,0.89,117,2.3,26.9,64,0.0,17.0,98.5
2026-04-02 00:00:00,1.09,106,1.8,26.2,69,0.0,17.0,98.5
2026-04-02 01:00:00,0.79,125,1.8,25.8,75,0.0,17.0,98.5
2026-04-02 02:00:00,0.58,149,1.3,25.3,78,0.0,17.0,98.5
2026-04-02 03:00:00,0.4,150,1.1,24.5,82,0.0,17.0,98.5
2026-04-02 04:00:00,0.25,101,0.9,24.0,85,0.0,17.0,98.5
2026-04-02 05:00:00,0.45,90,0.8,23.5,87,0.0,17.0,98.5
2026-04-02 06:00:00,0.46,77,0.7,23.1,89,0.0,17.0,98.5
2026-04-02 07:00:00,0.72,65,1.5,23.6,87,0.0,17.0,98.5
2026-04-02 08:00:00,0.56,63,2.6,25.5,80,0.0,17.0,98.5
2026-04-02 09:00:00,0.14,225,2.8,28.0,71,0.0,17.0,98.5
2026-04-02 10:00:00,1.03,247,4.3,30.2,60,0.0,17.0,98.5
2026-04-02 11:00:00,1.72,262,5.5,32.3,48,0.0,17.0,98.5
2026-04-02 12:00:00,2.01,264,6.0,34.2,40,0.0,17.0,98.5
2026-04-02 13:00:00,1.75,239,6.0,35.7,31,0.0,17.0,98.5
2026-04-02 14:00:00,2.41,230,6.1,36.5,27,0.0,17.0,98.5
2026-04-02 15:00:00,3.66,235,7.8,36.8,25,0.0,17.0,98.5
2026-04-02 16:00:00,4.63,232,9.1,36.3,24,0.0,17.0,98.5
2026-04-02 17:00:00,4.72,231,9.2,35.2,27,0.0,17.0,98.5
2026-04-02 18:00:00,3.86,221,8.8,33.2,35,0.0,17.0,98.5
2026-04-02 19:00:00,1.63,230,7.1,31.1,41,0.0,17.0,98.5
2026-04-02 20:00:00,1.91,225,3.5,30.1,43,0.0,17.0,98.5
2026-04-02 21:00:00,1.26,198,3.6,29.0,50,0.0,17.0,98.5
2026-04-02 22:00:00,1.01,153,2.4,27.8,55,0.0,17.0,98.5
2026-04-02 23:00:00,1.1,133,1.9,26.4,62,0.0,17.0,98.5
2026-04-03 00:00:00,0.76,122,1.8,25.2,70,0.0,17.0,98.5
2026-04-03 01:00:00,0.43,111,1.4,24.8,75,0.0,17.0,98.5
2026-04-03 02:00:00,0.56,100,1.0,24.4,78,0.0,17.0,98.5
2026-04-03 03:00:00,0.16,72,1.0,23.9,81,0.0,17.0,98.5
2026-04-03 04:00:00,0.22,27,0.6,23.3,83,0.0,17.0,98.5
2026-04-03 05:00:00,0.39,50,0.7,22.6,86,0.0,17.0,98.5
2026-04-03 06:00:00,0.6,95,0.8,21.9,91,0.0,17.0,98.5
2026-04-03 07:00:00,0.86,97,1.7,22.5,90,0.0,17.0,98.5
2026-04-03 08:00:00,0.5,53,2.6,24.7,82,0.0,17.0,98.5
2026-04-03 09:00:00,0.43,306,3.2,27.5,68,0.0,17.0,98.5
2026-04-03 10:00:00,1.11,252,4.4,30.0,55,0.0,17.0,98.5
2026-04-03 11:00:00,1.8,251,5.6,31.9,47,0.0,17.0,98.5
2026-04-03 12:00:00,1.97,246,6.0,33.5,42,0.0,17.0,98.5
2026-04-03 13:00:00,2.03,232,6.5,35.0,33,0.0,17.0,98.5
2026-04-03 14:00:00,2.81,231,6.8,36.2,27,0.0,17.0,98.5
2026-04-03 15:00:00,4.18,233,8.7,35.9,27,0.0,17.0,98.5
2026-04-03 16:00:00,4.26,234,9.0,35.3,29,0.0,17.0,98.5
2026-04-03 17:00:00,4.86,230,9.1,34.2,33,0.0,17.0,98.5
2026-04-03 18:00:00,3.85,226,9.3,32.6,36,0.0,17.0,98.5
2026-04-03 19:00:00,4.39,227,8.2,30.8,52,0.0,17.0,98.5
2026-04-03 20:00:00,3.39,233,7.9,29.5,58,0.0,17.0,98.5
2026-04-03 21:00:00,1.49,228,6.3,28.5,63,0.0,17.0,98.5
2026-04-03 22:00:00,1.02,169,3.0,27.5,68,0.0,17.0,98.5
2026-04-03 23:00:00,1.23,148,2.3,26.2,74,0.0,17.0,98.5
2026-04-04 00:00:00,1.09,164,2.3,25.1,81,0.0,17.0,98.5
2026-04-04 01:00:00,0.79,198,2.0,24.2,88,0.0,17.0,98.5
2026-04-04 02:00:00,0.6,185,1.9,24.1,91,0.0,17.0,98.5
2026-04-04 03:00:00,0.65,148,1.5,23.8,93,0.0,17.0,98.5
2026-04-04 04:00:00,0.68,126,1.3,23.5,96,0.0,17.0,98.5
2026-04-04 05:00:00,0.51,101,1.3,23.4,97,0.0,17.0,98.5
2026-04-04 06:00:00,0.22,63,1.0,23.5,98,0.1,17.0,98.5
2026-04-04 07:00:00,0.43,249,1.2,24.0,95,0.0,17.0,98.5
2026-04-04 08:00:00,0.4,263,2.2,24.8,91,0.0,17.0,98.5
2026-04-04 09:00:00,0.84,253,3.1,25.9,85,0.1,17.0,98.5
2026-04-04 10:00:00,1.72,253,4.6,27.6,74,0.0,17.0,98.5
2026-04-04 11:00:00,2.5,258,6.4,30.6,59,0.0,17.0,98.5
2026-04-04 12:00:00,2.2,258,6.6,32.8,52,0.0,17.0,98.5
2026-04-04 13:00:00,2.12,251,6.7,34.0,47,0.0,17.0,98.5
2026-04-04 14:00:00,3.06,232,7.3,35.1,41,0.0,17.0,98.5
2026-04-04 15:00:00,4.25,228,8.9,34.8,41,0.0,17.0,98.5
2026-04-04 16:00:00,4.56,235,9.4,34.0,44,0.0,17.0,98.5
2026-04-04 17:00:00,4.51,234,9.3,33.2,45,0.0,17.0,98.5
2026-04-04 18:00:00,4.75,228,8.8,31.7,49,0.0,17.0,98.5
2026-04-04 19:00:00,3.98,231,8.7,30.5,54,0.0,17.0,98.5
2026-04-04 20:00:00,2.69,228,7.2,28.9,60,0.0,17.0,98.5
2026-04-04 21:00:00,0.98,204,4.9,27.6,67,0.0,17.0,98.5
2026-04-04 22:00:00,0.85,177,2.0,26.9,71,0.0,17.0,98.5
2026-04-04 23:00:00,1.06,188,2.1,25.9,75,0.0,17.0,98.5
2026-04-05 00:00:00,1.1,177,2.1,25.0,80,0.0,17.0,98.5
2026-04-05 01:00:00,0.85,180,2.2,24.1,87,0.0,17.0,98.5
2026-04-05 02:00:00,0.8,176,1.7,23.9,89,0.0,17.0,98.5
2026-04-05 03:00:00,0.6,175,1.6,23.5,92,0.0,17.0,98.5
2026-04-05 04:00:00,0.18,236,1.3,23.4,93,0.0,17.0,98.5
2026-04-05 05:00:00,0.25,281,0.8,23.0,94,0.0,17.0,98.5
2026-04-05 06:00:00,0.52,287,1.2,22.8,96,0.0,17.0,98.5
2026-04-05 07:00:00,0.81,277,1.9,23.6,88,0.0,17.0,98.5
2026-04-05 08:00:00,0.75,270,2.7,25.0,80,0.0,17.0,98.5
2026-04-05 09:00:00,1.21,246,3.6,26.1,77,0.0,17.0,98.5
2026-04-05 10:00:00,1.98,249,5.2,27.8,72,0.0,17.0,98.5
2026-04-05 11:00:00,2.4,247,6.0,30.0,60,0.0,17.0,98.5
2026-04-05 12:00:00,2.28,241,6.5,32.7,51,0.0,17.0,98.5
2026-04-05 13:00:00,2.5,233,7.3,34.4,44,0.0,17.0,98.5
2026-04-05 14:00:00,3.96,224,8.5,35.1,39,0.0,17.0,98.5
2026-04-05 15:00:00,4.91,225,10.0,34.4,43,0.0,17.0,98.5
2026-04-05 16:00:00,5.17,227,10.2,33.8,45,0.0,17.0,98.5
2026-04-05 17:00:00,5.11,230,10.2,32.8,48,0.0,17.0,98.5
2026-04-05 18:00:00,4.72,230,9.7,31.4,54,0.0,17.0,98.5
2026-04-05 19:00:00,4.03,242,8.7,30.4,61,0.0,17.0,98.5
2026-04-05 20:00:00,3.01,234,7.3,28.6,69,0.0,17.0,98.5
2026-04-05 21:00:00,1.38,199,5.5,27.5,73,0.0,17.0,98.5
2026-04-05 22:00:00,1.6,176,2.9,26.5,76,0.0,17.0,98.5
2026-04-05 23:00:00,1.9,178,3.6,25.5,80,0.0,17.0,98.5
2026-04-06 00:00:00,1.45,176,3.6,24.5,84,0.0,17.0,98.5
2026-04-06 01:00:00,0.97,168,2.8,24.1,90,0.0,17.0,98.5
2026-04-06 02:00:00,0.76,169,1.9,24.3,89,0.0,17.0,98.5
2026-04-06 03:00:00,0.47,198,1.7,24.3,90,0.0,17.0,98.5
2026-04-06 04:00:00,0.39,310,1.3,24.0,91,0.0,17.0,98.5
2026-04-06 05:00:00,0.55,275,1.8,24.4,89,0.0,17.0,98.5
2026-04-06 06:00:00,0.82,256,2.2,24.4,91,0.2,17.0,98.5
2026-04-06 07:00:00,0.65,212,2.1,24.6,89,0.2,17.0,98.5
2026-04-06 08:00:00,0.66,189,2.4,25.4,85,0.1,17.0,98.5
2026-04-06 09:00:00,1.01,200,3.5,27.0,77,0.0,17.0,98.5
2026-04-06 10:00:00,1.77,230,5.1,29.2,66,0.0,17.0,98.5
2026-04-06 11:00:00,2.37,242,6.3,31.3,56,0.0,17.0,98.5
2026-04-06 12:00:00,2.47,238,6.7,33.3,48,0.0,17.0,98.5
2026-04-06 13:00:00,2.18,238,7.3,34.8,43,0.0,17.0,98.5
2026-04-06 14:00:00,3.09,230,7.3,35.8,37,0.0,17.0,98.5
2026-04-06 15:00:00,4.24,232,8.9,35.4,38,0.0,17.0,98.5
2026-04-06 16:00:00,4.3,237,9.1,34.7,40,0.0,17.0,98.5
2026-04-06 17:00:00,4.41,235,8.8,33.7,43,0.0,17.0,98.5
2026-04-06 18:00:00,3.81,232,8.5,32.3,47,0.0,17.0,98.5
2026-04-06 19:00:00,1.9,235,7.0,30.8,55,0.0,17.0,98.5
2026-04-06 20:00:00,4.02,232,7.3,29.2,67,0.0,17.0,98.5
2026-04-06 21:00:00,2.97,228,7.3,27.6,75,0.0,17.0,98.5
2026-04-06 22:00:00,1.61,196,5.3,26.7,78,0.0,17.0,98.5
2026-04-06 23:00:00,1.41,197,3.1,26.0,81,0.0,17.0,98.5
2026-04-07 00:00:00,1.35,178,2.9,25.3,86,0.0,17.0,98.5
2026-04-07 01:00:00,1.3,164,2.7,25.1,89,0.0,17.0,98.5
2026-04-07 02:00:00,1.36,188,3.2,25.3,89,0.0,17.0,98.5
2026-04-07 03:00:00,1.72,216,3.7,25.4,90,0.2,17.0,98.5
2026-04-07 04:00:00,1.4,215,3.4,25.0,92,0.1,17.0,98.5
2026-04-07 05:00:00,1.32,191,3.2,25.1,88,0.1,17.0,98.5
2026-04-07 06:00:00,1.06,188,2.7,24.6,92,0.0,17.0,98.5
2026-04-07 07:00:00,1.3,196,3.3,25.4,88,0.0,17.0,98.5
2026-04-07 08:00:00,1.21,210,3.4,26.0,84,0.0,17.0,98.5
2026-04-07 09:00:00,2.35,243,5.7,27.5,75,0.0,17.0,98.5
2026-04-07 10:00:00,3.09,247,7.1,29.6,63,0.0,17.0,98.5
2026-04-07 11:00:00,3.47,234,7.9,31.5,55,0.0,17.0,98.5
2026-04-07 12:00:00,3.89,228,8.8,32.8,48,0.0,17.0,98.5
2026-04-07 13:00:00,4.22,234,9.4,34.2,41,0.0,17.0,98.5
2026-04-07 14:00:00,4.84,232,10.1,34.7,37,0.0,17.0,98.5
2026-04-07 15:00:00,5.1,229,10.5,34.4,39,0.0,17.0,98.5
2026-04-07 16:00:00,5.49,222,10.7,33.4,43,0.0,17.0,98.5
2026-04-07 17:00:00,5.31,228,10.8,32.5,46,0.0,17.0,98.5
2026-04-07 18:00:00,4.42,227,10.1,31.4,50,0.0,17.0,98.5
2026-04-07 19:00:00,3.71,223,8.1,30.1,58,0.0,17.0,98.5
2026-04-07 20:00:00,2.87,223,6.7,29.0,65,0.0,17.0,98.5
2026-04-07 21:00:00,2.16,214,5.3,28.1,70,0.0,17.0,98.5
2026-04-07 22:00:00,1.66,201,4.1,27.2,73,0.0,17.0,98.5
2026-04-07 23:00:00,1.06,199,3.2,26.2,77,0.0,17.0,98.5
2026-04-08 00:00:00,0.85,183,2.1,25.5,81,0.0,17.0,98.5
2026-04-08 01:00:00,0.46,193,1.7,25.0,86,0.0,17.0,98.5
2026-04-08 02:00:00,0.35,180,1.2,24.8,87,0.0,17.0,98.5
2026-04-08 03:00:00,0.05,90,1.0,24.4,89,0.0,17.0,98.5
2026-04-08 04:00:00,0.05,90,0.6,23.9,91,0.0,17.0,98.5
2026-04-08 05:00:00,0.05,180,0.6,23.6,93,0.0,17.0,98.5
2026-04-08 06:00:00,0.11,297,0.6,23.6,93,0.0,17.0,98.5
2026-04-08 07:00:00,0.52,163,1.3,24.0,92,0.0,17.0,98.5
2026-04-08 08:00:00,0.18,214,2.3,25.9,82,0.0,17.0,98.5
2026-04-08 09:00:00,1.76,255,4.8,27.9,73,0.0,17.0,98.5
2026-04-08 10:00:00,2.21,265,5.8,29.7,63,0.0,17.0,98.5
2026-04-08 11:00:00,2.08,260,6.1,32.0,53,0.0,17.0,98.5
2026-04-08 12:00:00,2.75,241,6.9,33.8,43,0.0,17.0,98.5
2026-04-08 13:00:00,4.19,231,8.9,35.5,31,0.0,17.0,98.5
2026-04-08 14:00:00,5.06,228,10.3,35.7,29,0.0,17.0,98.5
2026-04-08 15:00:00,5.31,232,10.7,35.7,29,0.0,17.0,98.5
2026-04-08 16:00:00,5.38,237,10.7,34.7,32,0.0,17.0,98.5
2026-04-08 17:00:00,4.9,236,10.4,33.8,33,0.0,17.0,98.5
2026-04-08 18:00:00,4.25,229,9.3,32.3,38,0.0,17.0,98.5
2026-04-08 19:00:00,3.75,226,8.0,30.5,48,0.0,17.0,98.5
2026-04-08 20:00:00,1.96,218,6.9,29.0,53,0.0,17.0,98.5
2026-04-08 21:00:00,1.27,191,3.8,27.6,59,0.0,17.0,98.5
2026-04-08 22:00:00,1.08,167,2.5,26.5,64,0.0,17.0,98.5
2026-04-08 23:00:00,1.11,162,2.2,25.6,68,0.0,17.0,98.5
2026-04-09 00:00:00,0.49,156,2.1,25.0,72,0.0,17.0,98.5
2026-04-09 01:00:00,0.35,180,1.4,24.7,75,0.0,17.0,98.5
2026-04-09 02:00:00,0.27,158,1.2,24.6,77,0.0,17.0,98.5
2026-04-09 03:00:00,0.46,103,1.0,24.1,79,0.0,17.0,98.5
2026-04-09 04:00:00,0.74,110,1.3,23.8,81,0.0,17.0,98.5
2026-04-09 05:00:00,0.5,90,1.3,23.9,83,0.1,17.0,98.5
2026-04-09 06:00:00,0.32,72,1.4,24.0,86,0.2,17.0,98.5
2026-04-09 07:00:00,0.05,270,1.2,24.0,81,0.0,17.0,98.5
2026-04-09 08:00:00,0.21,315,2.0,25.5,76,0.0,17.0,98.5
2026-04-09 09:00:00,1.99,245,5.0,27.8,70,0.0,17.0,98.5
2026-04-09 10:00:00,2.41,249,6.2,30.1,59,0.0,17.0,98.5
2026-04-09 11:00:00,3.04,245,7.3,32.1,49,0.0,17.0,98.5
2026-04-09 12:00:00,3.82,243,8.6,33.3,41,0.0,17.0,98.5
2026-04-09 13:00:00,4.4,234,9.6,34.7,34,0.0,17.0,98.5
2026-04-09 14:00:00,5.14,229,10.6,34.8,32,0.0,17.0,98.5
2026-04-09 15:00:00,5.3,232,10.8,34.8,33,0.0,17.0,98.5
2026-04-09 16:00:00,5.37,234,10.8,34.0,34,0.0,17.0,98.5
2026-04-09 17:00:00,5.02,235,10.6,33.2,34,0.0,17.0,98.5
2026-04-09 18:00:00,4.28,227,9.5,31.8,38,0.0,17.0,98.5
2026-04-09 19:00:00,3.01,224,7.8,30.1,41,0.0,17.0,98.5
2026-04-09 20:00:00,1.51,214,5.5,28.5,47,0.0,17.0,98.5
2026-04-09 21:00:00,1.01,207,2.8,27.5,51,0.0,17.0,98.5
2026-04-09 22:00:00,0.95,183,2.1,26.5,56,0.0,17.0,98.5
2026-04-09 23:00:00,0.92,167,2.0,25.5,61,0.0,17.0,98.5
2026-04-10 00:00:00,0.56,153,1.9,24.9,65,0.0,17.0,98.5
2026-04-10 01:00:00,0.2,180,1.5,24.6,69,0.0,17.0,98.5
2026-04-10 02:00:00,0.49,135,1.2,24.3,71,0.0,17.0,98.5
2026-04-10 03:00:00,0.81,137,1.6,24.0,74,0.0,17.0,98.5
2026-04-10 04:00:00,0.25,191,1.5,23.6,79,0.0,17.0,98.5
2026-04-10 05:00:00,0.46,347,1.4,23.5,82,0.1,17.0,98.5
2026-04-10 06:00:00,0.54,338,1.4,23.2,85,0.0,17.0,98.5
2026-04-10 07:00:00,0.75,4,1.6,23.8,72,0.0,17.0,98.5
2026-04-10 08:00:00,0.72,205,2.8,25.9,66,0.0,17.0,98.5
2026-04-10 09:00:00,1.31,223,4.3,27.8,65,0.0,17.0,98.5
2026-04-10 10:00:00,2.26,242,6.1,30.2,57,0.0,17.0,98.5
2026-04-10 11:00:00,2.57,237,6.6,31.9,51,0.0,17.0,98.5
2026-04-10 12:00:00,3.1,232,7.6,33.5,44,0.0,17.0,98.5
2026-04-10 13:00:00,3.96,227,8.7,35.0,36,0.0,17.0,98.5
2026-04-10 14:00:00,5.06,224,10.5,35.2,33,0.0,17.0,98.5
2026-04-10 15:00:00,5.59,224,11.2,35.0,32,0.0,17.0,98.5
2026-04-10 16:00:00,5.76,225,11.3,34.3,35,0.0,17.0,98.5
2026-04-10 17:00:00,5.62,231,11.2,33.3,38,0.0,17.0,98.5
2026-04-10 18:00:00,4.65,236,10.6,32.2,42,0.0,17.0,98.5
2026-04-10 19:00:00,3.75,228,8.4,30.9,48,0.0,17.0,98.5
2026-04-10 20:00:00,2.27,229,6.9,29.6,51,0.0,17.0,98.5
2026-04-10 21:00:00,0.89,196,4.2,28.1,57,0.0,17.0,98.5
2026-04-10 22:00:00,1.08,167,2.1,27.0,60,0.0,17.0,98.5
2026-04-10 23:00:00,1.06,161,2.1,26.2,64,0.0,17.0,98.5
2026-04-11 00:00:00,1.09,164,2.2,25.5,68,0.0,17.0,98.5
2026-04-11 01:00:00,1.01,160,2.2,24.9,74,0.0,17.0,98.5
2026-04-11 02:00:00,0.86,126,2.0,24.5,77,0.0,17.0,98.5
2026-04-11 03:00:00,1.03,137,2.0,24.5,79,0.0,17.0,98.5
2026-04-11 04:00:00,0.65,238,2.1,24.5,84,0.1,17.0,98.5
2026-04-11 05:00:00,1.49,220,2.7,24.2,89,0.1,17.0,98.5
2026-04-11 06:00:00,1.1,204,3.0,24.0,90,0.1,17.0,98.5
2026-04-11 07:00:00,1.2,182,2.5,24.5,87,0.0,17.0,98.5
2026-04-11 08:00:00,1.27,189,3.7,25.9,78,0.0,17.0,98.5
2026-04-11 09:00:00,1.8,214,5.0,27.6,71,0.0,17.0,98.5
2026-04-11 10:00:00,2.8,229,6.7,30.0,60,0.0,17.0,98.5
2026-04-11 11:00:00,3.44,230,8.0,31.8,52,0.0,17.0,98.5
2026-04-11 12:00:00,4.04,228,8.9,33.3,45,0.0,17.0,98.5
2026-04-11 13:00:00,4.99,232,10.1,34.0,40,0.0,17.0,98.5
2026-04-11 14:00:00,5.32,230,11.0,34.0,40,0.0,17.0,98.5
2026-04-11 15:00:00,5.49,228,11.1,33.8,41,0.0,17.0,98.5
2026-04-11 16:00:00,5.52,227,11.2,33.7,40,0.0,17.0,98.5
2026-04-11 17:00:00,5.1,233,10.9,33.2,40,0.0,17.0,98.5
2026-04-11 18:00:00,4.43,228,9.7,32.2,42,0.0,17.0,98.5
2026-04-11 19:00:00,4.42,218,8.2,30.4,51,0.0,17.0,98.5
2026-04-11 20:00:00,2.06,219,7.9,29.5,52,0.0,17.0,98.5
2026-04-11 21:00:00,1.15,214,3.8,28.2,57,0.0,17.0,98.5
2026-04-11 22:00:00,1.54,216,3.0,27.5,59,0.0,17.0,98.5
2026-04-11 23:00:00,0.95,183,2.9,26.5,63,0.0,17.0,98.5
2026-04-12 00:00:00,0.74,152,2.0,25.6,67,0.0,17.0,98.5
2026-04-12 01:00:00,0.16,162,1.6,25.4,71,0.0,17.0,98.5
2026-04-12 02:00:00,0.27,202,1.1,24.6,75,0.0,17.0,98.5
2026-04-12 03:00:00,0.22,153,1.1,24.0,78,0.0,17.0,98.5
2026-04-12 04:00:00,0.21,104,0.9,23.5,80,0.0,17.0,98.5
2026-04-12 05:00:00,0.21,76,0.8,23.2,82,0.0,17.0,98.5
2026-04-12 06:00:00,0.14,45,0.7,23.4,83,0.0,17.0,98.5
2026-04-12 07:00:00,0.28,45,1.4,23.8,79,0.0,17.0,98.5
2026-04-12 08:00:00,0.57,135,2.7,25.5,77,0.0,17.0,98.5
2026-04-12 09:00:00,0.99,221,3.9,27.6,70,0.0,17.0,98.5
2026-04-12 10:00:00,1.48,237,5.0,29.6,61,0.0,17.0,98.5
2026-04-12 11:00:00,1.46,239,5.2,31.4,54,0.0,17.0,98.5
2026-04-12 12:00:00,1.52,226,5.6,33.2,47,0.0,17.0,98.5
2026-04-12 13:00:00,2.23,220,6.4,35.0,39,0.0,17.0,98.5
2026-04-12 14:00:00,3.92,218,8.7,35.6,36,0.0,17.0,98.5
2026-04-12 15:00:00,4.53,224,9.7,35.2,37,0.0,17.0,98.5
2026-04-12 16:00:00,4.26,230,9.6,34.8,37,0.0,17.0,98.5
2026-04-12 17:00:00,4.19,231,8.9,34.2,38,0.0,17.0,98.5
2026-04-12 18:00:00,3.79,228,8.3,32.8,41,0.0,17.0,98.5
2026-04-12 19:00:00,2.8,227,6.8,31.5,44,0.0,17.0,98.5
2026-04-12 20:00:00,2.9,222,6.6,29.9,54,0.0,17.0,98.5
2026-04-12 21:00:00,1.2,182,5.2,28.6,56,0.0,17.0,98.5
2026-04-12 22:00:00,0.99,150,2.4,27.6,59,0.0,17.0,98.5
2026-04-12 23:00:00,0.96,137,1.9,26.8,63,0.0,17.0,98.5
2026-04-13 00:00:00,1.31,137,2.3,26.0,66,0.0,17.0,98.5
2026-04-13 01:00:00,1.05,175,2.5,25.0,72,0.0,17.0,98.5
2026-04-13 02:00:00,0.91,171,2.0,24.5,74,0.0,17.0,98.5
2026-04-13 03:00:00,1.0,143,1.9,23.9,78,0.0,17.0,98.5
2026-04-13 04:00:00,0.86,144,1.9,23.4,82,0.0,17.0,98.5
2026-04-13 05:00:00,0.18,124,1.6,23.2,85,0.0,17.0,98.5
2026-04-13 06:00:00,0.21,45,0.8,23.0,87,0.0,17.0,98.5
2026-04-13 07:00:00,0.21,45,1.8,23.6,87,0.0,17.0,98.5
2026-04-13 08:00:00,0.4,210,2.5,25.6,80,0.0,17.0,98.5
2026-04-13 09:00:00,1.52,247,4.6,27.7,70,0.0,17.0,98.5
2026-04-13 10:00:00,2.41,249,6.2,29.9,61,0.0,17.0,98.5
2026-04-13 11:00:00,3.04,250,7.4,31.9,53,0.0,17.0,98.5
2026-04-13 12:00:00,3.34,246,7.9,32.6,50,0.1,17.0,98.5
2026-04-13 13:00:00,3.13,231,8.5,34.0,45,0.0,17.0,98.5
2026-04-13 14:00:00,3.69,237,8.4,34.5,44,0.0,17.0,98.5
2026-04-13 15:00:00,3.8,245,8.6,34.6,42,0.0,17.0,98.5
2026-04-13 16:00:00,4.12,234,8.6,34.6,42,0.0,17.0,98.5
2026-04-13 17:00:00,4.86,230,9.4,33.3,47,0.0,17.0,98.5
2026-04-13 18:00:00,4.77,224,9.4,31.8,51,0.0,17.0,98.5
2026-04-13 19:00:00,2.9,226,8.7,30.4,57,0.0,17.0,98.5
2026-04-13 20:00:00,2.4,211,5.1,29.9,55,0.0,17.0,98.5
2026-04-13 21:00:00,1.52,197,4.5,28.6,54,0.0,17.0,98.5
2026-04-13 22:00:00,0.93,164,2.9,27.2,60,0.0,17.0,98.5
2026-04-13 23:00:00,1.05,155,1.9,26.3,63,0.0,17.0,98.5
2026-04-14 00:00:00,1.01,147,1.9,25.4,67,0.0,17.0,98.5
2026-04-14 01:00:00,0.75,184,1.9,24.8,73,0.0,17.0,98.5
2026-04-14 02:00:00,0.45,174,1.6,24.4,76,0.0,17.0,98.5
2026-04-14 03:00:00,0.1,180,1.1,23.9,79,0.0,17.0,98.5
2026-04-14 04:00:00,0.0,270,0.7,23.4,80,0.0,17.0,98.5
2026-04-14 05:00:00,0.14,45,0.5,23.0,82,0.0,17.0,98.5
2026-04-14 06:00:00,0.21,76,0.5,22.6,84,0.0,17.0,98.5
2026-04-14 07:00:00,0.14,315,1.1,23.0,80,0.0,17.0,98.5
2026-04-14 08:00:00,0.07,135,2.3,25.1,73,0.0,17.0,98.5
2026-04-14 09:00:00,0.97,249,3.9,27.3,69,0.0,17.0,98.5
2026-04-14 10:00:00,1.97,263,5.7,29.5,59,0.0,17.0,98.5
2026-04-14 11:00:00,1.86,264,5.9,31.5,52,0.0,17.0,98.5
2026-04-14 12:00:00,1.95,257,6.1,33.5,44,0.0,17.0,98.5
2026-04-14 13:00:00,2.01,243,6.4,35.0,35,0.0,17.0,98.5
2026-04-14 14:00:00,2.7,236,6.9,36.0,32,0.0,17.0,98.5
2026-04-14 15:00:00,3.78,233,8.3,36.1,29,0.0,17.0,98.5
2026-04-14 16:00:00,4.31,232,8.9,35.8,25,0.0,17.0,98.5
2026-04-14 17:00:00,4.19,231,8.8,34.7,26,0.0,17.0,98.5
2026-04-14 18:00:00,3.54,228,8.2,32.7,35,0.0,17.0,98.5
2026-04-14 19:00:00,1.14,209,6.4,30.0,49,0.0,17.0,98.5
2026-04-14 20:00:00,1.54,205,2.7,29.0,55,0.0,17.0,98.5
2026-04-14 21:00:00,1.45,184,2.9,27.8,67,0.0,17.0,98.5
2026-04-14 22:00:00,1.33,160,2.8,26.6,72,0.0,17.0,98.5
2026-04-14 23:00:00,1.19,147,2.4,25.5,77,0.0,17.0,98.5
2026-03-20 00:00:00,1.04,287,2.5,25.0,56,0.0,18.0,100.5
2026-03-20 01:00:00,1.27,279,4.0,24.5,60,0.0,18.0,100.5
2026-03-20 02:00:00,1.77,254,3.7,24.5,64,0.0,18.0,100.5
2026-03-20 03:00:00,1.63,252,4.2,24.3,73,0.0,18.0,100.5
2026-03-20 04:00:00,1.29,257,3.5,24.0,79,0.0,18.0,100.5
2026-03-20 05:00:00,1.21,240,3.1,23.6,83,0.0,18.0,100.5
2026-03-20 06:00:00,1.04,235,3.0,23.4,86,0.0,18.0,100.5
2026-03-20 07:00:00,0.73,286,2.5,23.5,84,0.0,18.0,100.5
2026-03-20 08:00:00,0.96,261,2.7,25.8,73,0.0,18.0,100.5
2026-03-20 09:00:00,2.07,195,5.2,28.1,64,0.0,18.0,100.5
2026-03-20 10:00:00,2.78,194,7.0,29.8,57,0.0,18.0,100.5
2026-03-20 11:00:00,2.86,192,7.4,31.6,49,0.0,18.0,100.5
2026-03-20 12:00:00,2.95,195,7.9,33.2,39,0.0,18.0,100.5
2026-03-20 13:00:00,2.85,183,8.3,34.5,32,0.0,18.0,100.5
2026-03-20 14:00:00,3.36,184,8.2,34.7,29,0.0,18.0,100.5
2026-03-20 15:00:00,3.67,195,8.6,34.6,29,0.0,18.0,100.5
2026-03-20 16:00:00,3.46,194,8.5,34.0,30,0.0,18.0,100.5
2026-03-20 17:00:00,3.55,180,7.8,33.3,32,0.0,18.0,100.5
2026-03-20 18:00:00,3.26,159,7.5,31.4,39,0.0,18.0,100.5
2026-03-20 19:00:00,0.78,220,6.4,30.0,41,0.0,18.0,100.5
2026-03-20 20:00:00,0.7,270,2.0,29.1,44,0.0,18.0,100.5
2026-03-20 21:00:00,1.15,272,2.4,28.0,46,0.0,18.0,100.5
2026-03-20 22:00:00,1.25,275,2.5,27.0,50,0.0,18.0,100.5
2026-03-20 23:00:00,1.78,259,3.4,26.3,55,0.0,18.0,100.5
2026-03-21 00:00:00,2.56,231,5.7,26.5,66,0.0,18.0,100.5
2026-03-21 01:00:00,1.57,233,5.1,25.7,74,0.0,18.0,100.5
2026-03-21 02:00:00,1.03,231,3.7,25.1,78,0.0,18.0,100.5
2026-03-21 03:00:00,0.82,284,2.7,24.6,79,0.0,18.0,100.5
2026-03-21 04:00:00,0.76,293,2.2,24.0,80,0.0,18.0,100.5
2026-03-21 05:00:00,0.82,284,2.1,23.6,82,0.0,18.0,100.5
2026-03-21 06:00:00,0.75,274,2.1,23.3,83,0.0,18.0,100.5
2026-03-21 07:00:00,0.55,275,1.9,23.8,83,0.0,18.0,100.5
2026-03-21 08:00:00,0.85,273,2.7,26.1,72,0.0,18.0,100.5
2026-03-21 09:00:00,2.42,207,5.9,28.1,65,0.0,18.0,100.5
2026-03-21 10:00:00,3.04,200,7.6,29.5,60,0.0,18.0,100.5
2026-03-21 11:00:00,2.86,196,7.7,31.0,53,0.0,18.0,100.5
2026-03-21 12:00:00,2.79,195,7.8,32.4,47,0.0,18.0,100.5
2026-03-21 13:00:00,2.58,198,8.0,34.3,39,0.0,18.0,100.5
2026-03-21 14:00:00,4.47,208,9.6,33.7,40,0.3,18.0,100.5
2026-03-21 15:00:00,3.34,248,11.2,31.1,51,0.0,18.0,100.5
2026-03-21 16:00:00,3.8,230,9.3,31.8,48,0.1,18.0,100.5
2026-03-21 17:00:00,3.26,212,8.2,31.7,48,0.0,18.0,100.5
2026-03-21 18:00:00,3.21,195,6.9,30.5,52,0.0,18.0,100.5
2026-03-21 19:00:00,0.32,198,6.4,27.9,75,0.0,18.0,100.5
2026-03-21 20:00:00,0.51,299,1.7,27.4,76,0.0,18.0,100.5
2026-03-21 21:00:00,0.98,285,1.8,27.1,77,0.0,18.0,100.5
2026-03-21 22:00:00,1.35,312,2.4,26.4,77,0.0,18.0,100.5
2026-03-21 23:00:00,1.56,318,2.7,25.9,77,0.0,18.0,100.5
2026-03-22 00:00:00,1.14,308,2.7,25.5,76,0.0,18.0,100.5
2026-03-22 01:00:00,0.82,256,2.3,25.8,80,0.0,18.0,100.5
2026-03-22 02:00:00,1.2,268,3.0,25.7,78,0.0,18.0,100.5
2026-03-22 03:00:00,0.11,333,2.8,25.4,78,0.0,18.0,100.5
2026-03-22 04:00:00,3.88,328,6.5,23.6,81,0.0,18.0,100.5
2026-03-22 05:00:00,1.6,290,7.2,23.5,80,0.1,18.0,100.5
2026-03-22 06:00:00,1.26,214,3.3,23.4,84,0.0,18.0,100.5
2026-03-22 07:00:00,2.53,261,4.8,23.5,82,0.0,18.0,100.5
2026-03-22 08:00:00,1.43,209,4.5,24.6,80,0.0,18.0,100.5
2026-03-22 09:00:00,1.81,231,5.1,26.9,66,0.0,18.0,100.5
2026-03-22 10:00:00,3.08,212,7.5,29.4,58,0.0,18.0,100.5
2026-03-22 11:00:00,3.64,201,8.9,30.5,54,0.0,18.0,100.5
2026-03-22 12:00:00,3.52,195,8.9,32.8,43,0.0,18.0,100.5
2026-03-22 13:00:00,3.96,201,9.3,34.6,37,0.0,18.0,100.5
2026-03-22 14:00:00,4.17,186,9.8,34.2,36,0.0,18.0,100.5
2026-03-22 15:00:00,4.48,202,10.0,34.6,34,0.0,18.0,100.5
2026-03-22 16:00:00,2.91,215,10.2,33.7,37,0.1,18.0,100.5
2026-03-22 17:00:00,4.3,209,9.0,33.0,40,0.0,18.0,100.5
2026-03-22 18:00:00,3.4,194,9.0,31.7,45,0.0,18.0,100.5
2026-03-22 19:00:00,3.55,190,6.7,30.6,44,0.0,18.0,100.5
2026-03-22 20:00:00,2.28,209,7.0,29.5,49,0.0,18.0,100.5
2026-03-22 21:00:00,1.14,247,4.5,28.4,54,0.0,18.0,100.5
2026-03-22 22:00:00,1.55,270,3.1,27.4,57,0.0,18.0,100.5
2026-03-22 23:00:00,1.35,270,3.2,26.8,59,0.0,18.0,100.5
2026-03-23 00:00:00,1.55,249,3.5,26.6,61,0.0,18.0,100.5
2026-03-23 01:00:00,1.35,239,3.7,26.5,66,0.0,18.0,100.5
2026-03-23 02:00:00,1.68,243,3.6,26.2,68,0.0,18.0,100.5
2026-03-23 03:00:00,1.66,263,3.6,25.5,70,0.0,18.0,100.5
2026-03-23 04:00:00,1.13,283,3.4,24.8,73,0.0,18.0,100.5
2026-03-23 05:00:00,0.93,286,2.5,24.0,75,0.0,18.0,100.5
2026-03-23 06:00:00,1.29,257,2.7,23.8,76,0.0,18.0,100.5
2026-03-23 07:00:00,1.0,276,3.6,24.9,70,0.0,18.0,100.5
2026-03-23 08:00:00,1.16,245,3.2,27.3,66,0.0,18.0,100.5
2026-03-23 09:00:00,2.79,213,6.6,29.0,64,0.0,18.0,100.5
2026-03-23 10:00:00,2.83,216,7.2,30.9,54,0.1,18.0,100.5
2026-03-23 11:00:00,3.04,205,7.6,32.2,45,0.0,18.0,100.5
2026-03-23 12:00:00,3.47,203,8.6,33.6,38,0.0,18.0,100.5
2026-03-23 13:00:00,3.73,192,9.4,34.8,35,0.0,18.0,100.5
2026-03-23 14:00:00,3.97,194,9.5,34.5,34,0.0,18.0,100.5
2026-03-23 15:00:00,4.41,184,10.0,34.6,33,0.0,18.0,100.5
2026-03-23 16:00:00,4.51,177,10.2,34.3,33,0.0,18.0,100.5
2026-03-23 17:00:00,4.29,173,9.9,34.0,32,0.0,18.0,100.5
2026-03-23 18:00:00,3.92,169,9.1,32.5,37,0.0,18.0,100.5
2026-03-23 19:00:00,2.01,194,7.8,30.4,41,0.0,18.0,100.5
2026-03-23 20:00:00,1.29,216,4.2,29.0,47,0.0,18.0,100.5
2026-03-23 21:00:00,0.66,279,2.8,28.0,50,0.0,18.0,100.5
2026-03-23 22:00:00,1.37,303,2.8,27.1,49,0.0,18.0,100.5
2026-03-23 23:00:00,1.32,299,2.9,26.0,52,0.0,18.0,100.5
2026-03-24 00:00:00,0.92,292,2.9,25.4,56,0.0,18.0,100.5
2026-03-24 01:00:00,0.85,291,2.5,25.0,63,0.0,18.0,100.5
2026-03-24 02:00:00,0.59,290,2.3,25.1,63,0.0,18.0,100.5
2026-03-24 03:00:00,0.38,293,1.9,24.3,66,0.0,18.0,100.5
2026-03-24 04:00:00,0.43,306,1.4,23.4,68,0.0,18.0,100.5
2026-03-24 05:00:00,0.18,304,1.4,22.8,70,0.0,18.0,100.5
2026-03-24 06:00:00,0.27,292,1.1,22.8,69,0.0,18.0,100.5
2026-03-24 07:00:00,0.71,315,1.8,23.4,71,0.0,18.0,100.5
2026-03-24 08:00:00,0.57,322,2.3,26.4,61,0.0,18.0,100.5
2026-03-24 09:00:00,1.4,182,4.1,29.0,57,0.0,18.0,100.5
2026-03-24 10:00:00,2.9,183,7.3,30.8,55,0.0,18.0,100.5
2026-03-24 11:00:00,3.68,187,8.9,32.5,46,0.0,18.0,100.5
2026-03-24 12:00:00,3.71,185,9.1,33.5,40,0.0,18.0,100.5
2026-03-24 13:00:00,3.4,194,9.1,35.5,31,0.0,18.0,100.5
2026-03-24 14:00:00,3.68,192,8.9,36.0,27,0.0,18.0,100.5
2026-03-24 15:00:00,4.21,185,9.6,36.2,26,0.0,18.0,100.5
2026-03-24 16:00:00,4.67,185,10.2,35.8,27,0.0,18.0,100.5
2026-03-24 17:00:00,4.7,192,10.2,34.6,30,0.0,18.0,100.5
2026-03-24 18:00:00,3.7,196,9.7,32.6,37,0.0,18.0,100.5
2026-03-24 19:00:00,2.27,229,7.1,30.6,43,0.0,18.0,100.5
2026-03-24 20:00:00,2.13,229,4.7,29.5,51,0.0,18.0,100.5
2026-03-24 21:00:00,1.12,243,4.1,28.2,60,0.0,18.0,100.5
2026-03-24 22:00:00,1.0,288,2.5,27.1,63,0.0,18.0,100.5
2026-03-24 23:00:00,1.26,288,2.9,26.1,65,0.0,18.0,100.5
2026-03-25 00:00:00,0.52,287,2.8,26.0,66,0.0,18.0,100.5
2026-03-25 01:00:00,0.45,297,2.5,26.0,67,0.0,18.0,100.5
2026-03-25 02:00:00,0.74,298,2.1,25.9,67,0.0,18.0,100.5
2026-03-25 03:00:00,0.75,274,2.2,25.4,71,0.0,18.0,100.5
2026-03-25 04:00:00,0.79,252,2.3,25.2,74,0.0,18.0,100.5
2026-03-25 05:00:00,3.9,189,6.6,24.5,83,0.0,18.0,100.5
2026-03-25 06:00:00,2.62,239,9.4,23.1,86,0.0,18.0,100.5
2026-03-25 07:00:00,1.71,185,4.9,25.1,80,0.0,18.0,100.5
2026-03-25 08:00:00,1.13,225,3.6,27.0,75,0.0,18.0,100.5
2026-03-25 09:00:00,2.39,200,6.0,29.2,66,0.0,18.0,100.5
2026-03-25 10:00:00,2.96,196,7.5,30.9,58,0.0,18.0,100.5
2026-03-25 11:00:00,3.13,188,8.1,32.5,51,0.0,18.0,100.5
2026-03-25 12:00:00,3.37,186,8.5,34.3,42,0.0,18.0,100.5
2026-03-25 13:00:00,3.38,193,9.1,35.9,37,0.0,18.0,100.5
2026-03-25 14:00:00,4.52,203,10.2,36.2,32,0.0,18.0,100.5
2026-03-25 15:00:00,4.43,205,10.4,36.3,29,0.0,18.0,100.5
2026-03-25 16:00:00,4.5,210,10.1,36.0,28,0.0,18.0,100.5
2026-03-25 17:00:00,4.11,193,9.6,35.3,30,0.0,18.0,100.5
2026-03-25 18:00:00,3.9,181,8.6,33.5,37,0.0,18.0,100.5
2026-03-25 19:00:00,3.28,218,7.7,31.7,37,0.0,18.0,100.5
2026-03-25 20:00:00,2.13,231,6.2,30.1,43,0.0,18.0,100.5
2026-03-25 21:00:00,1.3,268,4.1,28.9,48,0.0,18.0,100.5
2026-03-25 22:00:00,0.98,285,2.7,28.0,49,0.0,18.0,100.5
2026-03-25 23:00:00,1.12,297,2.7,27.3,51,0.0,18.0,100.5
2026-03-26 00:00:00,1.05,301,2.9,27.0,54,0.0,18.0,100.5
2026-03-26 01:00:00,0.86,277,2.7,26.8,62,0.0,18.0,100.5
2026-03-26 02:00:00,0.71,278,2.3,26.2,64,0.0,18.0,100.5
2026-03-26 03:00:00,0.42,315,1.8,25.4,66,0.0,18.0,100.5
2026-03-26 04:00:00,0.47,328,1.3,24.6,68,0.0,18.0,100.5
2026-03-26 05:00:00,0.32,309,1.4,24.1,68,0.0,18.0,100.5
2026-03-26 06:00:00,0.07,315,1.4,24.1,67,0.0,18.0,100.5
2026-03-26 07:00:00,0.21,315,1.4,25.0,67,0.0,18.0,100.5
2026-03-26 08:00:00,0.35,352,1.9,28.0,59,0.0,18.0,100.5
2026-03-26 09:00:00,1.46,174,4.3,30.7,52,0.0,18.0,100.5
2026-03-26 10:00:00,2.97,187,7.3,32.4,48,0.0,18.0,100.5
2026-03-26 11:00:00,3.34,189,8.3,33.9,41,0.0,18.0,100.5
2026-03-26 12:00:00,3.52,186,8.7,35.0,36,0.0,18.0,100.5
2026-03-26 13:00:00,3.26,184,9.2,36.5,32,0.0,18.0,100.5
2026-03-26 14:00:00,3.85,180,9.1,37.5,27,0.0,18.0,100.5
2026-03-26 15:00:00,4.33,187,9.9,37.2,27,0.0,18.0,100.5
2026-03-26 16:00:00,4.36,190,9.9,36.8,28,0.0,18.0,100.5
2026-03-26 17:00:00,4.19,188,9.6,35.8,30,0.0,18.0,100.5
2026-03-26 18:00:00,3.93,173,8.8,34.0,35,0.0,18.0,100.5
2026-03-26 19:00:00,2.21,198,7.7,32.0,37,0.0,18.0,100.5
2026-03-26 20:00:00,1.48,242,4.5,31.5,41,0.0,18.0,100.5
2026-03-26 21:00:00,1.13,283,2.9,29.8,47,0.0,18.0,100.5
2026-03-26 22:00:00,0.56,280,2.2,28.9,51,0.0,18.0,100.5
2026-03-26 23:00:00,0.91,264,2.3,28.1,53,0.0,18.0,100.5
2026-03-27 00:00:00,0.72,295,2.3,28.2,52,0.0,18.0,100.5
2026-03-27 01:00:00,0.75,307,2.1,27.1,59,0.0,18.0,100.5
2026-03-27 02:00:00,0.74,290,2.2,26.7,61,0.0,18.0,100.5
2026-03-27 03:00:00,0.45,276,2.0,26.1,65,0.0,18.0,100.5
2026-03-27 04:00:00,0.36,304,1.5,25.5,66,0.0,18.0,100.5
2026-03-27 05:00:00,0.5,323,1.4,24.8,68,0.0,18.0,100.5
2026-03-27 06:00:00,0.25,307,1.6,24.0,71,0.0,18.0,100.5
2026-03-27 07:00:00,0.64,315,1.7,25.0,67,0.0,18.0,100.5
2026-03-27 08:00:00,1.03,346,2.8,27.5,60,0.0,18.0,100.5
2026-03-27 09:00:00,0.76,169,3.3,30.6,51,0.0,18.0,100.5
2026-03-27 10:00:00,2.97,187,7.2,32.8,45,0.0,18.0,100.5
2026-03-27 11:00:00,4.1,196,9.6,34.0,42,0.0,18.0,100.5
2026-03-27 12:00:00,4.09,202,9.7,35.0,37,0.0,18.0,100.5
2026-03-27 13:00:00,4.43,205,10.4,36.7,31,0.0,18.0,100.5
2026-03-27 14:00:00,4.79,200,10.6,36.5,31,0.0,18.0,100.5
2026-03-27 15:00:00,4.59,205,11.1,36.2,31,0.0,18.0,100.5
2026-03-27 16:00:00,4.35,197,10.1,35.8,32,0.0,18.0,100.5
2026-03-27 17:00:00,4.55,192,9.6,35.0,32,0.0,18.0,100.5
2026-03-27 18:00:00,3.95,182,9.3,33.2,39,0.0,18.0,100.5
2026-03-27 19:00:00,3.27,203,8.0,31.7,39,0.0,18.0,100.5
2026-03-27 20:00:00,1.81,222,6.4,30.4,46,0.0,18.0,100.5
2026-03-27 21:00:00,1.17,280,3.6,29.0,50,0.0,18.0,100.5
2026-03-27 22:00:00,1.29,306,2.9,28.1,52,0.0,18.0,100.5
2026-03-27 23:00:00,0.86,324,2.7,27.5,53,0.0,18.0,100.5
2026-03-28 00:00:00,0.5,307,2.2,27.1,55,0.0,18.0,100.5
2026-03-28 01:00:00,0.39,320,2.1,26.7,60,0.0,18.0,100.5
2026-03-28 02:00:00,0.78,315,2.0,26.2,61,0.0,18.0,100.5
2026-03-28 03:00:00,0.36,304,1.8,25.6,64,0.0,18.0,100.5
2026-03-28 04:00:00,0.55,275,1.3,25.1,64,0.0,18.0,100.5
2026-03-28 05:00:00,0.22,297,1.3,25.0,61,0.0,18.0,100.5
2026-03-28 06:00:00,0.54,304,1.4,25.1,58,0.0,18.0,100.5
2026-03-28 07:00:00,0.61,305,1.6,25.4,61,0.0,18.0,100.5
2026-03-28 08:00:00,0.51,281,2.0,28.0,57,0.0,18.0,100.5
2026-03-28 09:00:00,1.95,203,4.8,30.4,53,0.0,18.0,100.5
2026-03-28 10:00:00,3.15,198,7.5,31.9,50,0.0,18.0,100.5
2026-03-28 11:00:00,3.42,192,8.2,33.5,44,0.0,18.0,100.5
2026-03-28 12:00:00,4.12,190,9.5,34.7,39,0.0,18.0,100.5
2026-03-28 13:00:00,4.05,193,9.8,36.0,33,0.0,18.0,100.5
2026-03-28 14:00:00,4.6,189,10.3,36.2,31,0.0,18.0,100.5
2026-03-28 15:00:00,4.56,184,10.4,35.8,30,0.0,18.0,100.5
2026-03-28 16:00:00,4.71,184,10.1,35.5,30,0.0,18.0,100.5
2026-03-28 17:00:00,4.55,182,10.2,34.3,34,0.0,18.0,100.5
2026-03-28 18:00:00,3.61,183,9.3,32.8,41,0.0,18.0,100.5
2026-03-28 19:00:00,3.34,219,7.3,31.1,47,0.0,18.0,100.5
2026-03-28 20:00:00,2.58,223,6.4,30.0,53,0.0,18.0,100.5
2026-03-28 21:00:00,1.91,225,5.0,28.8,59,0.0,18.0,100.5
2026-03-28 22:00:00,1.43,241,4.0,27.9,64,0.0,18.0,100.5
2026-03-28 23:00:00,0.96,264,3.3,27.1,67,0.0,18.0,100.5
2026-03-29 00:00:00,1.21,294,2.5,26.5,68,0.0,18.0,100.5
2026-03-29 01:00:00,1.36,298,3.2,26.0,71,0.0,18.0,100.5
2026-03-29 02:00:00,1.14,308,3.2,25.4,73,0.0,18.0,100.5
2026-03-29 03:00:00,1.22,261,3.0,25.5,73,0.0,18.0,100.5
2026-03-29 04:00:00,1.6,231,3.9,26.0,72,0.0,18.0,100.5
2026-03-29 05:00:00,1.59,226,3.8,25.2,76,0.0,18.0,100.5
2026-03-29 06:00:00,1.63,252,3.7,24.8,78,0.0,18.0,100.5
2026-03-29 07:00:00,1.73,260,3.8,26.0,73,0.0,18.0,100.5
2026-03-29 08:00:00,2.11,239,4.5,28.2,64,0.0,18.0,100.5
2026-03-29 09:00:00,3.67,208,8.1,29.6,57,0.0,18.0,100.5
2026-03-29 10:00:00,4.29,206,9.7,30.6,54,0.0,18.0,100.5
2026-03-29 11:00:00,3.93,195,9.6,31.7,50,0.0,18.0,100.5
2026-03-29 12:00:00,3.96,184,9.5,33.0,47,0.0,18.0,100.5
2026-03-29 13:00:00,2.7,183,9.7,32.8,47,0.0,18.0,100.5
2026-03-29 14:00:00,3.6,180,8.8,34.6,39,0.0,18.0,100.5
2026-03-29 15:00:00,4.31,189,9.9,35.5,32,0.0,18.0,100.5
2026-03-29 16:00:00,4.58,202,9.9,35.0,31,0.0,18.0,100.5
2026-03-29 17:00:00,4.68,203,10.1,33.6,35,0.0,18.0,100.5
2026-03-29 18:00:00,2.91,196,9.5,32.4,39,0.0,18.0,100.5
2026-03-29 19:00:00,1.57,301,5.8,26.2,79,0.0,18.0,100.5
2026-03-29 20:00:00,1.3,286,3.7,27.0,76,0.0,18.0,100.5
2026-03-29 21:00:00,1.39,285,2.9,27.0,70,0.0,18.0,100.5
2026-03-29 22:00:00,1.66,277,3.6,27.0,60,0.0,18.0,100.5
2026-03-29 23:00:00,2.07,250,4.3,27.8,54,0.0,18.0,100.5
2026-03-30 00:00:00,2.3,229,4.8,27.3,59,0.0,18.0,100.5
2026-03-30 01:00:00,1.43,241,4.8,26.9,67,0.0,18.0,100.5
2026-03-30 02:00:00,1.77,227,3.8,27.1,67,0.0,18.0,100.5
2026-03-30 03:00:00,1.92,219,4.1,26.5,74,0.0,18.0,100.5
2026-03-30 04:00:00,1.39,244,4.0,25.5,79,0.0,18.0,100.5
2026-03-30 05:00:00,0.91,279,3.2,25.0,80,0.0,18.0,100.5
2026-03-30 06:00:00,0.73,286,2.4,25.0,78,0.0,18.0,100.5
2026-03-30 07:00:00,1.14,285,2.7,24.9,77,0.0,18.0,100.5
2026-03-30 08:00:00,1.3,238,3.4,27.5,68,0.0,18.0,100.5
2026-03-30 09:00:00,3.91,208,8.3,29.6,57,0.0,18.0,100.5
2026-03-30 10:00:00,4.41,203,9.8,31.0,52,0.0,18.0,100.5
2026-03-30 11:00:00,4.18,201,9.9,32.6,47,0.0,18.0,100.5
2026-03-30 12:00:00,3.61,199,9.6,33.7,39,0.0,18.0,100.5
2026-03-30 13:00:00,2.93,197,8.7,35.2,32,0.0,18.0,100.5
2026-03-30 14:00:00,3.97,194,9.1,35.3,31,0.0,18.0,100.5
2026-03-30 15:00:00,4.42,196,9.9,35.8,29,0.0,18.0,100.5
2026-03-30 16:00:00,4.66,195,10.1,35.0,31,0.0,18.0,100.5
2026-03-30 17:00:00,4.79,191,10.1,33.8,35,0.0,18.0,100.5
2026-03-30 18:00:00,3.7,180,9.9,32.0,41,0.0,18.0,100.5
2026-03-30 19:00:00,2.49,210,7.5,30.9,45,0.0,18.0,100.5
2026-03-30 20:00:00,2.11,211,4.9,29.6,52,0.0,18.0,100.5
2026-03-30 21:00:00,2.19,225,4.4,28.6,57,0.0,18.0,100.5
2026-03-30 22:00:00,1.79,240,4.4,28.0,58,0.0,18.0,100.5
2026-03-30 23:00:00,1.33,257,3.8,27.3,62,0.0,18.0,100.5
2026-03-31 00:00:00,1.0,273,3.2,27.0,64,0.0,18.0,100.5
2026-03-31 01:00:00,0.7,291,2.8,26.6,68,0.0,18.0,100.5
2026-03-31 02:00:00,1.05,239,2.7,26.6,68,0.0,18.0,100.5
2026-03-31 03:00:00,1.52,224,3.3,26.0,73,0.0,18.0,100.5
2026-03-31 04:00:00,1.77,225,3.7,25.5,78,0.0,18.0,100.5
2026-03-31 05:00:00,1.63,225,3.8,25.1,79,0.0,18.0,100.5
2026-03-31 06:00:00,1.72,234,3.7,24.8,78,0.0,18.0,100.5
2026-03-31 07:00:00,2.05,257,4.4,25.3,77,0.0,18.0,100.5
2026-03-31 08:00:00,2.79,226,5.7,27.8,67,0.0,18.0,100.5
2026-03-31 09:00:00,4.12,209,9.0,29.2,62,0.0,18.0,100.5
2026-03-31 10:00:00,4.1,204,9.2,30.8,56,0.0,18.0,100.5
2026-03-31 11:00:00,3.84,201,9.3,32.5,48,0.0,18.0,100.5
2026-03-31 12:00:00,3.67,195,9.1,33.9,41,0.0,18.0,100.5
2026-03-31 13:00:00,3.59,188,9.1,35.5,33,0.0,18.0,100.5
2026-03-31 14:00:00,3.72,185,8.8,35.8,29,0.0,18.0,100.5
2026-03-31 15:00:00,4.16,177,9.4,36.0,28,0.0,18.0,100.5
2026-03-31 16:00:00,4.36,176,9.6,35.9,27,0.0,18.0,100.5
2026-03-31 17:00:00,4.56,177,9.7,34.5,31,0.0,18.0,100.5
2026-03-31 18:00:00,2.95,182,9.2,32.7,35,0.0,18.0,100.5
2026-03-31 19:00:00,2.11,211,6.0,30.6,42,0.0,18.0,100.5
2026-03-31 20:00:00,1.2,253,4.1,29.0,50,0.0,18.0,100.5
2026-03-31 21:00:00,1.03,284,2.4,27.8,52,0.0,18.0,100.5
2026-03-31 22:00:00,1.0,288,2.2,26.9,54,0.0,18.0,100.5
2026-03-31 23:00:00,0.71,309,2.2,26.2,55,0.0,18.0,100.5
2026-04-01 00:00:00,0.98,285,2.3,26.0,55,0.0,18.0,100.5
2026-04-01 01:00:00,0.78,285,2.4,25.4,62,0.0,18.0,100.5
2026-04-01 02:00:00,0.56,297,2.1,25.5,61,0.0,18.0,100.5
2026-04-01 03:00:00,0.34,297,1.8,25.4,62,0.0,18.0,100.5
2026-04-01 04:00:00,0.47,288,1.6,24.8,65,0.0,18.0,100.5
2026-04-01 05:00:00,0.34,297,1.6,24.4,66,0.0,18.0,100.5
2026-04-01 06:00:00,0.27,292,1.3,24.1,67,0.0,18.0,100.5
2026-04-01 07:00:00,0.74,298,1.4,24.8,65,0.0,18.0,100.5
2026-04-01 08:00:00,0.85,291,2.5,27.5,59,0.0,18.0,100.5
2026-04-01 09:00:00,2.07,187,4.9,30.0,54,0.0,18.0,100.5
2026-04-01 10:00:00,3.48,187,8.1,31.5,50,0.0,18.0,100.5
2026-04-01 11:00:00,3.54,188,8.4,33.2,44,0.0,18.0,100.5
2026-04-01 12:00:00,3.54,189,8.7,34.5,38,0.0,18.0,100.5
2026-04-01 13:00:00,3.26,175,8.6,35.7,33,0.0,18.0,100.5
2026-04-01 14:00:00,3.88,173,9.0,35.5,31,0.0,18.0,100.5
2026-04-01 15:00:00,4.3,178,9.6,35.2,31,0.0,18.0,100.5
2026-04-01 16:00:00,4.16,184,9.6,34.7,32,0.0,18.0,100.5
2026-04-01 17:00:00,3.49,188,8.9,34.0,34,0.0,18.0,100.5
2026-04-01 18:00:00,1.79,198,7.1,32.2,43,0.0,18.0,100.5
2026-04-01 19:00:00,1.92,219,3.7,30.5,45,0.0,18.0,100.5
2026-04-01 20:00:00,1.18,258,3.7,29.1,52,0.0,18.0,100.5
2026-04-01 21:00:00,0.95,273,2.5,28.1,54,0.0,18.0,100.5
2026-04-01 22:00:00,0.73,286,2.2,27.4,54,0.0,18.0,100.5
2026-04-01 23:00:00,0.81,300,1.8,26.9,52,0.0,18.0,100.5
2026-04-02 00:00:00,0.6,312,1.9,26.4,52,0.0,18.0,100.5
2026-04-02 01:00:00,0.81,300,2.0,25.8,56,0.0,18.0,100.5
2026-04-02 02:00:00,0.5,307,1.9,25.5,58,0.0,18.0,100.5
2026-04-02 03:00:00,0.36,326,1.5,25.4,60,0.0,18.0,100.5
2026-04-02 04:00:00,0.57,285,1.7,24.8,65,0.0,18.0,100.5
2026-04-02 05:00:00,0.55,275,1.9,24.6,69,0.0,18.0,100.5
2026-04-02 06:00:00,0.69,300,1.9,24.3,69,0.0,18.0,100.5
2026-04-02 07:00:00,0.68,306,2.1,25.5,71,0.0,18.0,100.5
2026-04-02 08:00:00,0.55,275,2.1,27.9,61,0.0,18.0,100.5
2026-04-02 09:00:00,2.09,201,4.8,30.3,56,0.0,18.0,100.5
2026-04-02 10:00:00,3.35,200,7.7,31.8,49,0.0,18.0,100.5
2026-04-02 11:00:00,3.29,197,7.8,33.3,46,0.0,18.0,100.5
2026-04-02 12:00:00,3.8,189,8.8,34.5,41,0.0,18.0,100.5
2026-04-02 13:00:00,3.95,182,9.3,35.7,37,0.0,18.0,100.5
2026-04-02 14:00:00,4.15,182,9.3,36.0,32,0.0,18.0,100.5
2026-04-02 15:00:00,4.0,182,9.2,36.0,31,0.0,18.0,100.5
2026-04-02 16:00:00,4.42,185,9.2,35.6,31,0.0,18.0,100.5
2026-04-02 17:00:00,4.19,188,9.3,34.5,35,0.0,18.0,100.5
2026-04-02 18:00:00,3.36,184,8.5,32.4,42,0.0,18.0,100.5
2026-04-02 19:00:00,2.5,213,7.0,30.6,49,0.0,18.0,100.5
2026-04-02 20:00:00,2.05,225,5.0,29.5,55,0.0,18.0,100.5
2026-04-02 21:00:00,1.27,244,4.3,28.4,62,0.0,18.0,100.5
2026-04-02 22:00:00,1.25,275,2.9,27.4,63,0.0,18.0,100.5
2026-04-02 23:00:00,0.94,295,2.9,26.8,64,0.0,18.0,100.5
2026-04-03 00:00:00,0.92,292,2.7,26.6,65,0.0,18.0,100.5
2026-04-03 01:00:00,0.81,277,2.9,26.4,67,0.0,18.0,100.5
2026-04-03 02:00:00,0.92,257,2.5,26.4,67,0.0,18.0,100.5
2026-04-03 03:00:00,1.31,223,2.9,25.8,73,0.0,18.0,100.5
2026-04-03 04:00:00,1.66,241,3.5,25.6,73,0.0,18.0,100.5
2026-04-03 05:00:00,1.44,250,3.5,25.5,70,0.0,18.0,100.5
2026-04-03 06:00:00,1.32,261,3.2,25.2,70,0.0,18.0,100.5
2026-04-03 07:00:00,1.11,278,2.9,25.7,71,0.0,18.0,100.5
2026-04-03 08:00:00,1.28,239,3.2,28.5,63,0.0,18.0,100.5
2026-04-03 09:00:00,3.09,203,6.9,30.4,57,0.0,18.0,100.5
2026-04-03 10:00:00,3.73,198,8.6,31.9,51,0.0,18.0,100.5
2026-04-03 11:00:00,3.83,195,9.0,33.3,45,0.0,18.0,100.5
2026-04-03 12:00:00,3.89,193,9.3,34.6,40,0.0,18.0,100.5
2026-04-03 13:00:00,3.95,179,9.8,35.9,35,0.0,18.0,100.5
2026-04-03 14:00:00,4.82,175,10.7,36.0,31,0.0,18.0,100.5
2026-04-03 15:00:00,5.06,176,11.2,36.0,30,0.0,18.0,100.5
2026-04-03 16:00:00,5.35,181,11.2,35.5,31,0.0,18.0,100.5
2026-04-03 17:00:00,5.51,183,11.4,34.3,33,0.0,18.0,100.5
2026-04-03 18:00:00,3.97,185,11.0,32.8,36,0.0,18.0,100.5
2026-04-03 19:00:00,2.02,224,7.8,30.4,44,0.0,18.0,100.5
2026-04-03 20:00:00,1.24,230,4.1,29.1,51,0.0,18.0,100.5
2026-04-03 21:00:00,1.02,259,2.7,28.3,54,0.0,18.0,100.5
2026-04-03 22:00:00,1.17,280,2.4,27.5,54,0.0,18.0,100.5
2026-04-03 23:00:00,1.25,275,2.9,26.8,57,0.0,18.0,100.5
2026-04-04 00:00:00,1.15,272,3.0,26.5,60,0.0,18.0,100.5
2026-04-04 01:00:00,0.8,274,2.9,26.4,65,0.0,18.0,100.5
2026-04-04 02:00:00,0.75,233,2.3,26.4,67,0.0,18.0,100.5
2026-04-04 03:00:00,0.72,236,2.0,25.8,73,0.0,18.0,100.5
2026-04-04 04:00:00,0.51,259,1.8,25.2,76,0.0,18.0,100.5
2026-04-04 05:00:00,1.74,207,3.5,24.8,82,0.0,18.0,100.5
2026-04-04 06:00:00,1.6,219,3.9,24.7,81,0.0,18.0,100.5
2026-04-04 07:00:00,1.46,264,3.4,25.2,79,0.0,18.0,100.5
2026-04-04 08:00:00,1.73,224,4.1,27.8,63,0.0,18.0,100.5
2026-04-04 09:00:00,3.23,199,7.4,29.7,58,0.0,18.0,100.5
2026-04-04 10:00:00,3.37,192,8.1,31.2,56,0.0,18.0,100.5
2026-04-04 11:00:00,3.52,187,8.7,32.8,50,0.0,18.0,100.5
2026-04-04 12:00:00,3.51,184,8.8,34.3,45,0.0,18.0,100.5
2026-04-04 13:00:00,3.76,176,10.0,35.8,41,0.0,18.0,100.5
2026-04-04 14:00:00,3.86,170,10.0,35.6,40,0.4,18.0,100.5
2026-04-04 15:00:00,4.05,179,9.5,33.7,50,0.7,18.0,100.5
2026-04-04 16:00:00,4.15,177,9.6,34.8,41,0.0,18.0,100.5
2026-04-04 17:00:00,3.83,192,9.1,33.8,44,0.0,18.0,100.5
2026-04-04 18:00:00,2.95,183,7.9,32.5,50,0.0,18.0,100.5
2026-04-04 19:00:00,1.33,236,5.9,30.8,58,0.0,18.0,100.5
2026-04-04 20:00:00,1.37,237,3.1,30.5,57,0.0,18.0,100.5
2026-04-04 21:00:00,0.96,261,2.8,29.5,62,0.0,18.0,100.5
2026-04-04 22:00:00,0.95,267,2.1,28.5,64,0.0,18.0,100.5
2026-04-04 23:00:00,1.32,259,2.7,27.5,67,0.0,18.0,100.5
2026-04-05 00:00:00,1.36,264,3.0,27.5,65,0.0,18.0,100.5
2026-04-05 01:00:00,1.0,270,3.0,26.9,69,0.0,18.0,100.5
2026-04-05 02:00:00,1.19,248,2.8,26.8,65,0.0,18.0,100.5
2026-04-05 03:00:00,1.17,230,2.9,26.3,69,0.0,18.0,100.5
2026-04-05 04:00:00,0.99,221,2.8,25.9,76,0.0,18.0,100.5
2026-04-05 05:00:00,1.03,209,2.4,25.2,83,0.0,18.0,100.5
2026-04-05 06:00:00,1.27,206,2.8,25.1,87,0.0,18.0,100.5
2026-04-05 07:00:00,1.54,234,3.6,25.8,82,0.0,18.0,100.5
2026-04-05 08:00:00,2.0,202,4.5,27.8,67,0.0,18.0,100.5
2026-04-05 09:00:00,3.35,189,7.5,29.5,56,0.0,18.0,100.5
2026-04-05 10:00:00,3.8,193,8.7,31.3,50,0.0,18.0,100.5
2026-04-05 11:00:00,3.81,190,9.0,32.7,47,0.0,18.0,100.5
2026-04-05 12:00:00,3.98,187,9.5,34.1,44,0.0,18.0,100.5
2026-04-05 13:00:00,4.23,187,10.0,35.7,40,0.0,18.0,100.5
2026-04-05 14:00:00,4.58,186,10.3,36.0,37,0.0,18.0,100.5
2026-04-05 15:00:00,4.8,188,10.6,36.2,35,0.0,18.0,100.5
2026-04-05 16:00:00,4.89,188,10.6,35.7,36,0.0,18.0,100.5
2026-04-05 17:00:00,4.94,187,10.6,34.8,38,0.0,18.0,100.5
2026-04-05 18:00:00,3.72,200,10.0,33.0,44,0.0,18.0,100.5
2026-04-05 19:00:00,2.36,212,7.5,31.5,49,0.0,18.0,100.5
2026-04-05 20:00:00,1.67,229,4.6,30.0,55,0.0,18.0,100.5
2026-04-05 21:00:00,1.15,252,3.5,28.8,60,0.0,18.0,100.5
2026-04-05 22:00:00,1.2,272,2.6,27.9,61,0.0,18.0,100.5
2026-04-05 23:00:00,1.4,272,3.2,27.4,61,0.0,18.0,100.5
2026-04-06 00:00:00,1.1,275,3.2,27.0,63,0.0,18.0,100.5
2026-04-06 01:00:00,0.5,270,2.8,26.8,67,0.0,18.0,100.5
2026-04-06 02:00:00,0.92,248,2.4,26.8,68,0.0,18.0,100.5
2026-04-06 03:00:00,0.29,239,2.4,26.6,71,0.0,18.0,100.5
2026-04-06 04:00:00,1.22,189,2.6,25.9,79,0.0,18.0,100.5
2026-04-06 05:00:00,1.33,214,3.2,25.4,87,0.0,18.0,100.5
2026-04-06 06:00:00,1.03,231,2.9,25.0,87,0.0,18.0,100.5
2026-04-06 07:00:00,1.41,247,3.1,25.8,81,0.0,18.0,100.5
2026-04-06 08:00:00,2.02,200,4.7,27.7,67,0.0,18.0,100.5
2026-04-06 09:00:00,2.96,192,6.9,29.5,56,0.0,18.0,100.5
2026-04-06 10:00:00,3.6,190,8.3,31.0,52,0.0,18.0,100.5
2026-04-06 11:00:00,3.73,187,8.9,32.7,47,0.0,18.0,100.5
2026-04-06 12:00:00,3.87,185,9.2,34.2,43,0.0,18.0,100.5
2026-04-06 13:00:00,4.02,174,9.7,36.0,36,0.0,18.0,100.5
2026-04-06 14:00:00,4.23,173,9.7,36.0,34,0.0,18.0,100.5
2026-04-06 15:00:00,4.14,172,9.7,36.0,31,0.0,18.0,100.5
2026-04-06 16:00:00,3.9,179,9.3,35.8,31,0.0,18.0,100.5
2026-04-06 17:00:00,3.75,180,8.5,34.9,32,0.0,18.0,100.5
2026-04-06 18:00:00,3.0,182,7.7,33.2,38,0.0,18.0,100.5
2026-04-06 19:00:00,2.63,213,6.1,31.5,42,0.0,18.0,100.5
2026-04-06 20:00:00,1.91,250,5.1,30.1,48,0.0,18.0,100.5
2026-04-06 21:00:00,1.75,257,3.8,29.1,50,0.0,18.0,100.5
2026-04-06 22:00:00,1.17,260,3.5,28.3,54,0.0,18.0,100.5
2026-04-06 23:00:00,1.18,258,2.6,27.7,56,0.0,18.0,100.5
2026-04-07 00:00:00,1.09,254,2.8,27.4,60,0.0,18.0,100.5
2026-04-07 01:00:00,0.76,247,2.7,27.5,64,0.0,18.0,100.5
2026-04-07 02:00:00,1.3,238,3.2,27.2,65,0.0,18.0,100.5
2026-04-07 03:00:00,1.13,221,3.2,26.9,69,0.0,18.0,100.5
2026-04-07 04:00:00,2.36,197,4.6,26.4,78,0.0,18.0,100.5
2026-04-07 05:00:00,1.47,235,5.0,26.2,75,0.0,18.0,100.5
2026-04-07 06:00:00,1.52,221,3.1,25.5,80,0.0,18.0,100.5
2026-04-07 07:00:00,1.3,242,4.2,26.2,78,0.0,18.0,100.5
2026-04-07 08:00:00,1.77,196,4.3,28.2,68,0.0,18.0,100.5
2026-04-07 09:00:00,3.0,191,7.2,30.0,60,0.0,18.0,100.5
2026-04-07 10:00:00,3.41,185,8.3,31.8,55,0.0,18.0,100.5
2026-04-07 11:00:00,3.71,184,9.4,33.8,49,0.7,18.0,100.5
2026-04-07 12:00:00,3.65,182,9.4,33.9,49,1.4,18.0,100.5
2026-04-07 13:00:00,2.5,179,9.1,35.2,41,0.2,18.0,100.5
2026-04-07 14:00:00,3.01,184,7.6,36.6,36,0.0,18.0,100.5
2026-04-07 15:00:00,3.78,187,8.8,36.8,33,0.0,18.0,100.5
2026-04-07 16:00:00,4.41,183,9.6,36.6,32,0.0,18.0,100.5
2026-04-07 17:00:00,4.92,190,10.2,35.0,37,0.0,18.0,100.5
2026-04-07 18:00:00,2.82,210,10.1,33.7,42,0.0,18.0,100.5
2026-04-07 19:00:00,0.78,243,5.4,31.5,49,0.0,18.0,100.5
2026-04-07 20:00:00,0.97,258,2.7,30.7,50,0.0,18.0,100.5
2026-04-07 21:00:00,1.3,268,2.8,30.0,50,0.0,18.0,100.5
2026-04-07 22:00:00,1.83,253,3.9,29.3,52,0.0,18.0,100.5
2026-04-07 23:00:00,2.07,238,4.5,29.0,57,0.0,18.0,100.5
2026-04-08 00:00:00,1.25,241,4.2,28.0,64,0.0,18.0,100.5
2026-04-08 01:00:00,0.65,247,2.7,27.4,70,0.0,18.0,100.5
2026-04-08 02:00:00,0.81,240,1.8,26.6,73,0.0,18.0,100.5
2026-04-08 03:00:00,0.59,250,1.8,26.0,76,0.0,18.0,100.5
2026-04-08 04:00:00,0.32,288,1.5,25.5,77,0.0,18.0,100.5
2026-04-08 05:00:00,0.32,288,1.2,24.9,76,0.0,18.0,100.5
2026-04-08 06:00:00,0.34,297,1.2,24.5,75,0.0,18.0,100.5
2026-04-08 07:00:00,0.45,276,1.1,25.8,69,0.0,18.0,100.5
2026-04-08 08:00:00,0.9,177,2.8,28.9,63,0.0,18.0,100.5
2026-04-08 09:00:00,2.11,176,5.7,30.9,58,0.0,18.0,100.5
2026-04-08 10:00:00,2.86,176,7.4,32.7,49,0.0,18.0,100.5
2026-04-08 11:00:00,3.47,174,8.7,34.2,43,0.0,18.0,100.5
2026-04-08 12:00:00,4.05,180,9.7,35.5,35,0.0,18.0,100.5
2026-04-08 13:00:00,4.6,179,10.5,37.0,27,0.0,18.0,100.5
2026-04-08 14:00:00,5.09,187,11.4,37.0,24,0.0,18.0,100.5
2026-04-08 15:00:00,4.66,192,11.3,36.8,24,0.0,18.0,100.5
2026-04-08 16:00:00,4.95,179,10.5,36.5,25,0.0,18.0,100.5
2026-04-08 17:00:00,5.6,182,11.7,35.0,28,0.0,18.0,100.5
2026-04-08 18:00:00,4.23,191,11.3,33.9,31,0.0,18.0,100.5
2026-04-08 19:00:00,2.69,190,8.4,32.2,38,0.0,18.0,100.5
2026-04-08 20:00:00,1.57,211,5.3,31.2,42,0.0,18.0,100.5
2026-04-08 21:00:00,1.55,255,3.3,29.6,47,0.0,18.0,100.5
2026-04-08 22:00:00,2.09,253,4.2,29.0,48,0.0,18.0,100.5
2026-04-08 23:00:00,2.04,239,4.5,28.9,49,0.0,18.0,100.5
2026-04-09 00:00:00,1.67,231,4.5,28.0,52,0.0,18.0,100.5
2026-04-09 01:00:00,0.97,235,3.6,27.0,60,0.0,18.0,100.5
2026-04-09 02:00:00,0.52,253,2.4,26.4,63,0.0,18.0,100.5
2026-04-09 03:00:00,0.39,310,1.6,25.6,64,0.0,18.0,100.5
2026-04-09 04:00:00,0.35,315,1.4,25.1,63,0.0,18.0,100.5
2026-04-09 05:00:00,0.28,315,1.3,24.8,62,0.0,18.0,100.5
2026-04-09 06:00:00,0.3,279,1.3,24.5,63,0.0,18.0,100.5
2026-04-09 07:00:00,0.43,291,1.8,25.5,60,0.0,18.0,100.5
2026-04-09 08:00:00,0.8,176,2.5,28.6,54,0.0,18.0,100.5
2026-04-09 09:00:00,2.15,177,5.7,30.9,49,0.0,18.0,100.5
2026-04-09 10:00:00,2.95,182,7.6,33.0,41,0.0,18.0,100.5
2026-04-09 11:00:00,3.6,180,8.9,34.6,37,0.0,18.0,100.5
2026-04-09 12:00:00,4.16,184,10.0,35.7,32,0.0,18.0,100.5
2026-04-09 13:00:00,4.96,189,11.3,37.5,24,0.0,18.0,100.5
2026-04-09 14:00:00,5.64,187,12.5,37.2,23,0.0,18.0,100.5
2026-04-09 15:00:00,6.06,184,13.2,36.5,24,0.0,18.0,100.5
2026-04-09 16:00:00,5.92,185,13.1,36.0,25,0.0,18.0,100.5
2026-04-09 17:00:00,5.65,178,12.4,35.2,29,0.0,18.0,100.5
2026-04-09 18:00:00,4.5,180,11.6,33.8,32,0.0,18.0,100.5
2026-04-09 19:00:00,2.05,179,9.0,32.0,36,0.0,18.0,100.5
2026-04-09 20:00:00,1.28,219,4.6,30.7,42,0.0,18.0,100.5
2026-04-09 21:00:00,1.49,250,3.3,29.6,44,0.0,18.0,100.5
2026-04-09 22:00:00,1.6,238,3.6,28.5,48,0.0,18.0,100.5
2026-04-09 23:00:00,2.27,229,4.6,28.1,50,0.0,18.0,100.5
2026-04-10 00:00:00,1.3,238,4.6,27.0,55,0.0,18.0,100.5
2026-04-10 01:00:00,0.86,260,2.9,26.1,59,0.0,18.0,100.5
2026-04-10 02:00:00,0.81,248,2.2,25.7,61,0.0,18.0,100.5
2026-04-10 03:00:00,0.62,256,2.0,25.2,65,0.0,18.0,100.5
2026-04-10 04:00:00,0.47,252,1.8,24.7,68,0.0,18.0,100.5
2026-04-10 05:00:00,0.46,257,1.6,24.4,71,0.0,18.0,100.5
2026-04-10 06:00:00,1.08,214,2.2,23.9,77,0.0,18.0,100.5
2026-04-10 07:00:00,0.74,250,2.6,25.2,69,0.0,18.0,100.5
2026-04-10 08:00:00,1.38,167,3.5,28.1,61,0.0,18.0,100.5
2026-04-10 09:00:00,2.7,181,6.6,30.6,47,0.0,18.0,100.5
2026-04-10 10:00:00,3.15,183,8.0,32.4,41,0.0,18.0,100.5
2026-04-10 11:00:00,3.31,185,8.5,34.2,37,0.0,18.0,100.5
2026-04-10 12:00:00,3.78,191,9.5,35.8,32,0.0,18.0,100.5
2026-04-10 13:00:00,4.45,192,10.4,37.5,27,0.0,18.0,100.5
2026-04-10 14:00:00,5.17,192,11.6,37.2,26,0.0,18.0,100.5
2026-04-10 15:00:00,5.66,188,12.5,36.8,26,0.0,18.0,100.5
2026-04-10 16:00:00,6.2,181,13.0,35.8,28,0.0,18.0,100.5
2026-04-10 17:00:00,5.7,188,13.2,34.8,31,0.0,18.0,100.5
2026-04-10 18:00:00,4.31,183,11.5,33.7,35,0.0,18.0,100.5
2026-04-10 19:00:00,2.68,189,8.5,31.9,38,0.0,18.0,100.5
2026-04-10 20:00:00,1.79,216,5.4,30.5,42,0.0,18.0,100.5
2026-04-10 21:00:00,1.35,248,3.8,29.5,46,0.0,18.0,100.5
2026-04-10 22:00:00,1.77,254,3.8,28.5,48,0.0,18.0,100.5
2026-04-10 23:00:00,2.19,243,4.7,28.2,48,0.0,18.0,100.5
2026-04-11 00:00:00,1.88,230,4.8,27.8,48,0.0,18.0,100.5
2026-04-11 01:00:00,0.75,233,3.9,26.8,56,0.0,18.0,100.5
2026-04-11 02:00:00,0.58,239,2.3,26.1,60,0.0,18.0,100.5
2026-04-11 03:00:00,0.45,243,1.9,25.6,64,0.0,18.0,100.5
2026-04-11 04:00:00,0.68,234,1.9,25.0,70,0.0,18.0,100.5
2026-04-11 05:00:00,0.81,210,2.0,24.6,76,0.0,18.0,100.5
2026-04-11 06:00:00,1.18,192,2.6,24.1,85,0.0,18.0,100.5
2026-04-11 07:00:00,0.96,231,2.8,25.6,74,0.0,18.0,100.5
2026-04-11 08:00:00,1.49,166,3.8,28.1,62,0.0,18.0,100.5
2026-04-11 09:00:00,2.86,185,6.8,30.6,49,0.0,18.0,100.5
2026-04-11 10:00:00,3.09,189,7.9,32.5,44,0.0,18.0,100.5
2026-04-11 11:00:00,3.3,198,8.5,34.5,37,0.0,18.0,100.5
2026-04-11 12:00:00,3.74,205,9.2,35.8,32,0.0,18.0,100.5
2026-04-11 13:00:00,4.49,194,9.7,37.2,28,0.0,18.0,100.5
2026-04-11 14:00:00,5.61,191,12.4,36.8,27,0.0,18.0,100.5
2026-04-11 15:00:00,5.9,197,13.2,36.3,29,0.0,18.0,100.5
2026-04-11 16:00:00,5.33,197,12.8,36.2,30,0.0,18.0,100.5
2026-04-11 17:00:00,4.66,189,11.4,35.3,32,0.0,18.0,100.5
2026-04-11 18:00:00,3.67,163,9.7,34.4,33,0.0,18.0,100.5
2026-04-11 19:00:00,3.17,192,8.5,32.4,39,0.0,18.0,100.5
2026-04-11 20:00:00,3.22,210,7.0,31.8,42,0.0,18.0,100.5
2026-04-11 21:00:00,2.66,220,6.4,30.6,48,0.0,18.0,100.5
2026-04-11 22:00:00,2.51,224,5.4,29.4,54,0.0,18.0,100.5
2026-04-11 23:00:00,2.3,226,5.1,28.5,57,0.0,18.0,100.5
2026-04-12 00:00:00,1.7,225,4.7,27.6,61,0.0,18.0,100.5
2026-04-12 01:00:00,1.12,238,3.6,26.7,69,0.0,18.0,100.5
2026-04-12 02:00:00,0.72,245,2.5,26.0,72,0.0,18.0,100.5
2026-04-12 03:00:00,0.5,270,1.8,25.6,74,0.0,18.0,100.5
2026-04-12 04:00:00,0.41,284,1.4,25.0,75,0.0,18.0,100.5
2026-04-12 05:00:00,0.3,279,1.2,24.6,74,0.0,18.0,100.5
2026-04-12 06:00:00,0.27,292,1.1,24.0,74,0.0,18.0,100.5
2026-04-12 07:00:00,0.25,307,1.1,25.1,66,0.0,18.0,100.5
2026-04-12 08:00:00,0.94,148,2.6,28.2,62,0.0,18.0,100.5
2026-04-12 09:00:00,2.27,166,5.9,29.9,60,0.0,18.0,100.5
2026-04-12 10:00:00,2.84,170,7.3,31.5,51,0.0,18.0,100.5
2026-04-12 11:00:00,2.82,163,7.5,33.5,43,0.0,18.0,100.5
2026-04-12 12:00:00,3.43,161,8.5,34.5,38,0.0,18.0,100.5
2026-04-12 13:00:00,3.68,162,9.6,36.0,33,0.0,18.0,100.5
2026-04-12 14:00:00,4.33,166,10.2,36.7,30,0.0,18.0,100.5
2026-04-12 15:00:00,4.63,166,10.5,36.7,29,0.0,18.0,100.5
2026-04-12 16:00:00,5.06,171,11.0,36.6,29,0.0,18.0,100.5
2026-04-12 17:00:00,5.0,178,11.0,35.0,33,0.0,18.0,100.5
2026-04-12 18:00:00,3.62,186,10.3,34.0,35,0.0,18.0,100.5
2026-04-12 19:00:00,2.26,215,7.1,31.4,42,0.0,18.0,100.5
2026-04-12 20:00:00,1.71,232,4.6,30.5,45,0.0,18.0,100.5
2026-04-12 21:00:00,0.97,249,3.3,29.4,50,0.0,18.0,100.5
2026-04-12 22:00:00,1.08,257,2.3,28.4,53,0.0,18.0,100.5
2026-04-12 23:00:00,1.1,273,2.5,27.8,55,0.0,18.0,100.5
2026-04-13 00:00:00,1.0,267,2.6,27.2,56,0.0,18.0,100.5
2026-04-13 01:00:00,0.81,259,2.9,26.9,58,0.0,18.0,100.5
2026-04-13 02:00:00,1.06,251,2.8,26.6,59,0.0,18.0,100.5
2026-04-13 03:00:00,0.91,261,2.8,26.2,62,0.0,18.0,100.5
2026-04-13 04:00:00,0.5,276,2.5,26.0,63,0.0,18.0,100.5
2026-04-13 05:00:00,0.63,209,1.8,25.6,68,0.0,18.0,100.5
2026-04-13 06:00:00,1.06,225,2.5,25.0,78,0.0,18.0,100.5
2026-04-13 07:00:00,1.07,298,2.5,26.1,67,0.0,18.0,100.5
2026-04-13 08:00:00,0.89,207,2.9,28.8,58,0.0,18.0,100.5
2026-04-13 09:00:00,2.64,190,6.5,30.8,50,0.0,18.0,100.5
2026-04-13 10:00:00,3.16,184,7.9,32.3,45,0.0,18.0,100.5
2026-04-13 11:00:00,3.35,180,8.5,33.9,40,0.0,18.0,100.5
2026-04-13 12:00:00,3.75,178,9.3,35.2,35,0.0,18.0,100.5
2026-04-13 13:00:00,4.07,169,10.3,36.8,32,0.0,18.0,100.5
2026-04-13 14:00:00,4.65,171,10.7,37.0,29,0.0,18.0,100.5
2026-04-13 15:00:00,5.22,176,11.5,37.2,29,0.0,18.0,100.5
2026-04-13 16:00:00,5.5,179,11.9,36.5,30,0.0,18.0,100.5
2026-04-13 17:00:00,5.2,182,11.7,35.6,32,0.0,18.0,100.5
2026-04-13 18:00:00,4.21,183,10.7,34.1,36,0.0,18.0,100.5
2026-04-13 19:00:00,3.04,200,8.3,32.5,42,0.0,18.0,100.5
2026-04-13 20:00:00,2.21,208,5.9,31.3,47,0.0,18.0,100.5
2026-04-13 21:00:00,1.48,237,4.3,30.2,52,0.0,18.0,100.5
2026-04-13 22:00:00,1.22,251,3.0,29.4,55,0.0,18.0,100.5
2026-04-13 23:00:00,1.1,275,2.8,28.8,57,0.0,18.0,100.5
2026-04-14 00:00:00,1.25,268,2.9,28.2,57,0.0,18.0,100.5
2026-04-14 01:00:00,1.57,248,3.6,27.9,60,0.0,18.0,100.5
2026-04-14 02:00:00,1.45,226,3.7,27.8,61,0.0,18.0,100.5
2026-04-14 03:00:00,0.89,218,3.2,27.0,68,0.0,18.0,100.5
2026-04-14 04:00:00,0.67,228,2.1,26.5,73,0.0,18.0,100.5
2026-04-14 05:00:00,0.74,242,1.7,25.9,77,0.0,18.0,100.5
2026-04-14 06:00:00,0.78,243,1.8,25.5,80,0.0,18.0,100.5
2026-04-14 07:00:00,1.28,249,3.6,26.8,74,0.0,18.0,100.5
2026-04-14 08:00:00,1.69,192,4.3,29.1,63,0.0,18.0,100.5
2026-04-14 09:00:00,2.46,185,6.3,31.0,53,0.0,18.0,100.5
2026-04-14 10:00:00,3.0,177,7.7,32.8,47,0.0,18.0,100.5
2026-04-14 11:00:00,3.71,176,9.1,34.3,41,0.0,18.0,100.5
2026-04-14 12:00:00,4.0,177,9.7,35.7,37,0.0,18.0,100.5
2026-04-14 13:00:00,3.92,174,10.2,37.2,31,0.0,18.0,100.5
2026-04-14 14:00:00,4.17,174,9.8,37.1,29,0.0,18.0,100.5
2026-04-14 15:00:00,4.42,175,10.0,37.2,27,0.0,18.0,100.5
2026-04-14 16:00:00,4.52,185,10.0,36.9,26,0.0,18.0,100.5
2026-04-14 17:00:00,4.61,195,9.8,36.0,28,0.0,18.0,100.5
2026-04-14 18:00:00,3.75,199,9.5,34.2,34,0.0,18.0,100.5
2026-04-14 19:00:00,2.79,216,7.3,32.4,38,0.0,18.0,100.5
2026-04-14 20:00:00,2.01,235,5.4,31.0,40,0.0,18.0,100.5
2026-04-14 21:00:00,1.19,248,4.0,29.9,44,0.0,18.0,100.5
2026-04-14 22:00:00,0.95,270,2.7,28.9,46,0.0,18.0,100.5
2026-04-14 23:00:00,0.91,279,2.3,27.9,46,0.0,18.0,100.5
2026-03-20 00:00:00,0.49,315,1.8,19.6,69,0.0,20.0,99.8
2026-03-20 01:00:00,0.6,312,2.6,21.0,64,0.0,20.0,99.8
2026-03-20 02:00:00,0.51,299,1.8,20.9,64,0.0,20.0,99.8
2026-03-20 03:00:00,0.75,307,2.1,19.9,68,0.0,20.0,99.8
2026-03-20 04:00:00,0.86,350,2.1,18.5,76,0.0,20.0,99.8
2026-03-20 05:00:00,0.81,338,1.9,17.8,80,0.0,20.0,99.8
2026-03-20 06:00:00,0.54,304,1.7,17.5,80,0.0,20.0,99.8
2026-03-20 07:00:00,0.16,18,1.7,19.6,71,0.0,20.0,99.8
2026-03-20 08:00:00,0.65,23,1.5,21.0,68,0.0,20.0,99.8
2026-03-20 09:00:00,0.53,49,2.3,23.1,68,0.0,20.0,99.8
2026-03-20 10:00:00,0.93,74,3.4,25.4,68,0.0,20.0,99.8
2026-03-20 11:00:00,1.21,97,4.0,27.3,62,0.0,20.0,99.8
2026-03-20 12:00:00,1.31,130,4.5,28.8,57,0.0,20.0,99.8
2026-03-20 13:00:00,0.29,149,4.2,30.0,48,0.0,20.0,99.8
2026-03-20 14:00:00,0.55,180,3.0,31.1,39,0.0,20.0,99.8
2026-03-20 15:00:00,1.84,193,4.0,31.0,38,0.0,20.0,99.8
2026-03-20 16:00:00,2.16,187,4.9,29.7,49,0.0,20.0,99.8
2026-03-20 17:00:00,0.93,196,4.5,29.2,58,0.0,20.0,99.8
2026-03-20 18:00:00,0.07,45,2.3,28.0,54,0.0,20.0,99.8
2026-03-20 19:00:00,0.11,297,1.5,26.2,53,0.0,20.0,99.8
2026-03-20 20:00:00,0.87,301,2.0,23.9,60,0.0,20.0,99.8
2026-03-20 21:00:00,0.76,302,2.1,22.0,67,0.0,20.0,99.8
2026-03-20 22:00:00,0.63,288,2.1,21.0,70,0.0,20.0,99.8
2026-03-20 23:00:00,0.59,290,2.0,21.0,66,0.0,20.0,99.8
2026-03-21 00:00:00,0.67,297,2.0,21.0,62,0.0,20.0,99.8
2026-03-21 01:00:00,0.5,307,2.7,22.5,56,0.0,20.0,99.8
2026-03-21 02:00:00,0.38,337,1.5,22.0,56,0.0,20.0,99.8
2026-03-21 03:00:00,0.45,6,1.0,21.1,60,0.0,20.0,99.8
2026-03-21 04:00:00,0.6,360,1.1,20.4,63,0.0,20.0,99.8
2026-03-21 05:00:00,0.39,320,1.0,20.0,64,0.0,20.0,99.8
2026-03-21 06:00:00,0.36,326,1.0,19.6,65,0.0,20.0,99.8
2026-03-21 07:00:00,0.45,354,0.9,20.0,68,0.0,20.0,99.8
2026-03-21 08:00:00,0.51,349,1.1,21.4,65,0.0,20.0,99.8
2026-03-21 09:00:00,0.85,332,1.9,22.5,65,0.0,20.0,99.8
2026-03-21 10:00:00,0.07,315,2.4,24.9,60,0.0,20.0,99.8
2026-03-21 11:00:00,0.86,170,3.3,27.3,53,0.0,20.0,99.8
2026-03-21 12:00:00,1.47,170,4.4,29.2,45,0.0,20.0,99.8
2026-03-21 13:00:00,1.89,168,5.3,30.9,40,0.0,20.0,99.8
2026-03-21 14:00:00,2.66,168,6.0,31.6,38,0.0,20.0,99.8
2026-03-21 15:00:00,3.07,168,7.5,31.8,39,0.0,20.0,99.8
2026-03-21 16:00:00,1.76,175,7.3,31.6,43,0.0,20.0,99.8
2026-03-21 17:00:00,1.77,230,4.7,29.9,50,0.0,20.0,99.8
2026-03-21 18:00:00,0.96,223,4.2,28.1,54,0.0,20.0,99.8
2026-03-21 19:00:00,0.3,189,2.6,26.9,55,0.0,20.0,99.8
2026-03-21 20:00:00,1.89,143,4.2,25.0,59,0.0,20.0,99.8
2026-03-21 21:00:00,0.93,196,4.2,23.9,68,0.0,20.0,99.8
2026-03-21 22:00:00,0.49,204,3.2,23.0,71,0.0,20.0,99.8
2026-03-21 23:00:00,0.74,222,2.8,22.2,73,0.0,20.0,99.8
2026-03-22 00:00:00,0.6,265,2.8,21.5,75,0.0,20.0,99.8
2026-03-22 01:00:00,0.84,253,2.4,21.9,76,0.0,20.0,99.8
2026-03-22 02:00:00,1.18,258,3.6,21.9,73,0.0,20.0,99.8
2026-03-22 03:00:00,0.76,349,3.6,21.0,77,0.1,20.0,99.8
2026-03-22 04:00:00,0.8,360,3.7,20.0,84,0.0,20.0,99.8
2026-03-22 05:00:00,1.22,325,2.5,19.4,86,0.0,20.0,99.8
2026-03-22 06:00:00,1.1,309,2.8,18.5,89,0.0,20.0,99.8
2026-03-22 07:00:00,0.51,241,2.4,19.4,88,0.0,20.0,99.8
2026-03-22 08:00:00,1.39,300,3.0,21.3,85,0.0,20.0,99.8
2026-03-22 09:00:00,0.43,324,3.5,24.1,73,0.0,20.0,99.8
2026-03-22 10:00:00,0.71,172,3.2,26.3,66,0.0,20.0,99.8
2026-03-22 11:00:00,1.54,167,4.6,28.5,58,0.0,20.0,99.8
2026-03-22 12:00:00,2.75,183,7.0,30.1,51,0.0,20.0,99.8
2026-03-22 13:00:00,4.08,213,8.6,32.1,32,0.0,20.0,99.8
2026-03-22 14:00:00,4.64,217,10.8,31.4,35,0.0,20.0,99.8
2026-03-22 15:00:00,3.85,210,9.7,31.5,36,0.0,20.0,99.8
2026-03-22 16:00:00,3.58,208,8.6,30.7,41,0.0,20.0,99.8
2026-03-22 17:00:00,2.86,199,7.8,29.5,44,0.0,20.0,99.8
2026-03-22 18:00:00,3.4,206,8.9,28.2,43,0.0,20.0,99.8
2026-03-22 19:00:00,2.55,222,7.7,27.2,42,0.0,20.0,99.8
2026-03-22 20:00:00,1.95,228,6.5,25.8,47,0.0,20.0,99.8
2026-03-22 21:00:00,1.48,246,5.4,24.1,54,0.0,20.0,99.8
2026-03-22 22:00:00,1.15,275,4.2,22.1,65,0.0,20.0,99.8
2026-03-22 23:00:00,0.45,297,3.3,20.8,75,0.0,20.0,99.8
2026-03-23 00:00:00,0.57,285,2.2,19.9,78,0.0,20.0,99.8
2026-03-23 01:00:00,1.2,287,3.6,19.1,84,0.0,20.0,99.8
2026-03-23 02:00:00,1.84,292,4.4,19.1,80,0.0,20.0,99.8
2026-03-23 03:00:00,2.04,292,4.7,19.0,76,0.0,20.0,99.8
2026-03-23 04:00:00,2.06,288,4.8,18.4,76,0.0,20.0,99.8
2026-03-23 05:00:00,1.61,300,4.7,17.9,78,0.0,20.0,99.8
2026-03-23 06:00:00,1.22,325,3.8,17.3,80,0.0,20.0,99.8
2026-03-23 07:00:00,0.92,311,3.0,17.2,82,0.0,20.0,99.8
2026-03-23 08:00:00,1.24,313,3.5,19.9,79,0.0,20.0,99.8
2026-03-23 09:00:00,0.34,63,3.0,24.1,66,0.0,20.0,99.8
2026-03-23 10:00:00,0.84,107,3.1,26.8,55,0.0,20.0,99.8
2026-03-23 11:00:00,1.13,131,3.8,28.8,51,0.0,20.0,99.8
2026-03-23 12:00:00,1.96,165,5.1,30.5,41,0.0,20.0,99.8
2026-03-23 13:00:00,3.7,196,6.4,31.5,33,0.0,20.0,99.8
2026-03-23 14:00:00,3.51,197,8.5,31.8,32,0.0,20.0,99.8
2026-03-23 15:00:00,2.96,184,7.5,32.3,27,0.0,20.0,99.8
2026-03-23 16:00:00,3.01,195,6.8,31.4,34,0.0,20.0,99.8
2026-03-23 17:00:00,2.27,188,6.6,29.6,42,0.0,20.0,99.8
2026-03-23 18:00:00,2.37,198,5.6,27.3,43,0.0,20.0,99.8
2026-03-23 19:00:00,0.92,221,5.6,25.6,48,0.0,20.0,99.8
2026-03-23 20:00:00,1.66,265,3.9,24.1,50,0.0,20.0,99.8
2026-03-23 21:00:00,1.78,259,4.5,23.9,47,0.0,20.0,99.8
2026-03-23 22:00:00,1.55,266,4.6,23.4,46,0.0,20.0,99.8
2026-03-23 23:00:00,1.65,273,4.3,22.2,49,0.0,20.0,99.8
2026-03-24 00:00:00,1.98,286,4.7,20.4,59,0.0,20.0,99.8
2026-03-24 01:00:00,1.15,288,4.6,18.1,75,0.0,20.0,99.8
2026-03-24 02:00:00,0.75,307,3.0,17.3,80,0.0,20.0,99.8
2026-03-24 03:00:00,2.13,309,4.3,16.5,84,0.0,20.0,99.8
2026-03-24 04:00:00,2.06,311,4.7,16.2,82,0.0,20.0,99.8
2026-03-24 05:00:00,1.39,308,4.4,16.1,79,0.0,20.0,99.8
2026-03-24 06:00:00,0.83,303,3.1,15.6,80,0.0,20.0,99.8
2026-03-24 07:00:00,0.43,306,2.7,15.9,82,0.0,20.0,99.8
2026-03-24 08:00:00,1.23,302,3.0,18.0,83,0.0,20.0,99.8
2026-03-24 09:00:00,0.5,307,3.0,23.5,66,0.0,20.0,99.8
2026-03-24 10:00:00,0.5,127,2.6,26.5,51,0.0,20.0,99.8
2026-03-24 11:00:00,0.93,144,3.5,28.4,45,0.0,20.0,99.8
2026-03-24 12:00:00,1.09,164,3.8,29.9,35,0.0,20.0,99.8
2026-03-24 13:00:00,1.83,145,4.1,30.5,34,0.0,20.0,99.8
2026-03-24 14:00:00,2.1,128,5.1,31.0,34,0.0,20.0,99.8
2026-03-24 15:00:00,2.71,128,5.9,31.6,32,0.0,20.0,99.8
2026-03-24 16:00:00,2.38,139,5.9,31.2,38,0.0,20.0,99.8
2026-03-24 17:00:00,1.55,147,5.1,29.3,54,0.0,20.0,99.8
2026-03-24 18:00:00,1.28,201,3.7,26.8,57,0.0,20.0,99.8
2026-03-24 19:00:00,0.97,235,3.6,24.9,52,0.0,20.0,99.8
2026-03-24 20:00:00,0.85,270,3.0,23.6,54,0.0,20.0,99.8
2026-03-24 21:00:00,1.09,286,3.0,22.2,58,0.0,20.0,99.8
2026-03-24 22:00:00,1.21,294,3.4,21.2,61,0.0,20.0,99.8
2026-03-24 23:00:00,1.43,299,3.8,19.4,68,0.0,20.0,99.8
2026-03-25 00:00:00,1.62,304,3.7,18.0,73,0.0,20.0,99.8
2026-03-25 01:00:00,1.26,304,4.4,17.5,73,0.0,20.0,99.8
2026-03-25 02:00:00,1.0,307,3.5,17.0,76,0.0,20.0,99.8
2026-03-25 03:00:00,0.63,299,3.0,16.5,78,0.0,20.0,99.8
2026-03-25 04:00:00,0.21,315,2.3,16.3,78,0.0,20.0,99.8
2026-03-25 05:00:00,1.42,312,3.2,15.7,81,0.0,20.0,99.8
2026-03-25 06:00:00,1.84,313,4.0,14.8,85,0.0,20.0,99.8
2026-03-25 07:00:00,0.81,317,4.0,15.6,85,0.0,20.0,99.8
2026-03-25 08:00:00,0.72,304,2.4,18.0,83,0.0,20.0,99.8
2026-03-25 09:00:00,1.0,307,3.0,23.3,67,0.0,20.0,99.8
2026-03-25 10:00:00,0.36,286,3.0,27.0,50,0.0,20.0,99.8
2026-03-25 11:00:00,0.66,189,3.1,29.3,42,0.0,20.0,99.8
2026-03-25 12:00:00,0.94,205,3.4,30.8,35,0.0,20.0,99.8
2026-03-25 13:00:00,1.23,153,3.7,31.6,33,0.0,20.0,99.8
2026-03-25 14:00:00,1.81,156,4.6,32.3,33,0.0,20.0,99.8
2026-03-25 15:00:00,1.46,172,4.6,33.0,29,0.0,20.0,99.8
2026-03-25 16:00:00,1.21,210,3.4,33.0,30,0.0,20.0,99.8
2026-03-25 17:00:00,1.43,216,3.5,30.5,46,0.0,20.0,99.8
2026-03-25 18:00:00,1.3,212,3.7,27.7,48,0.0,20.0,99.8
2026-03-25 19:00:00,0.76,259,3.3,25.9,45,0.0,20.0,99.8
2026-03-25 20:00:00,1.15,275,2.9,23.8,54,0.0,20.0,99.8
2026-03-25 21:00:00,1.23,291,3.4,22.0,61,0.0,20.0,99.8
2026-03-25 22:00:00,1.75,294,4.3,20.1,70,0.0,20.0,99.8
2026-03-25 23:00:00,1.68,297,4.4,18.7,75,0.0,20.0,99.8
2026-03-26 00:00:00,1.78,302,4.3,17.7,77,0.0,20.0,99.8
2026-03-26 01:00:00,0.78,315,4.2,17.0,79,0.0,20.0,99.8
2026-03-26 02:00:00,1.06,319,2.8,16.2,82,0.0,20.0,99.8
2026-03-26 03:00:00,1.79,306,4.0,15.8,83,0.0,20.0,99.8
2026-03-26 04:00:00,1.84,303,4.1,15.8,81,0.0,20.0,99.8
2026-03-26 05:00:00,1.87,304,4.2,15.8,79,0.0,20.0,99.8
2026-03-26 06:00:00,1.71,302,4.1,15.9,78,0.0,20.0,99.8
2026-03-26 07:00:00,0.86,306,3.8,15.9,81,0.0,20.0,99.8
2026-03-26 08:00:00,1.8,304,3.9,18.3,80,0.0,20.0,99.8
2026-03-26 09:00:00,1.04,305,3.9,23.4,67,0.0,20.0,99.8
2026-03-26 10:00:00,0.43,249,3.1,27.0,58,0.0,20.0,99.8
2026-03-26 11:00:00,1.03,227,3.6,29.8,45,0.0,20.0,99.8
2026-03-26 12:00:00,1.74,243,4.5,31.4,36,0.0,20.0,99.8
2026-03-26 13:00:00,1.24,227,5.2,32.2,32,0.0,20.0,99.8
2026-03-26 14:00:00,1.28,219,3.9,32.7,32,0.0,20.0,99.8
2026-03-26 15:00:00,0.5,217,3.6,33.0,31,0.0,20.0,99.8
2026-03-26 16:00:00,0.25,323,2.3,33.0,30,0.0,20.0,99.8
2026-03-26 17:00:00,0.0,270,1.7,31.2,50,0.0,20.0,99.8
2026-03-26 18:00:00,0.43,126,1.3,28.5,55,0.0,20.0,99.8
2026-03-26 19:00:00,0.15,270,1.3,27.2,52,0.0,20.0,99.8
2026-03-26 20:00:00,1.03,313,2.2,25.1,57,0.0,20.0,99.8
2026-03-26 21:00:00,0.99,315,2.2,23.2,64,0.0,20.0,99.8
2026-03-26 22:00:00,0.99,300,2.7,21.6,72,0.0,20.0,99.8
2026-03-26 23:00:00,1.25,286,3.2,19.8,79,0.0,20.0,99.8
2026-03-27 00:00:00,1.79,297,4.0,18.4,81,0.0,20.0,99.8
2026-03-27 01:00:00,1.26,304,4.6,18.2,80,0.0,20.0,99.8
2026-03-27 02:00:00,1.12,297,3.3,17.2,83,0.0,20.0,99.8
2026-03-27 03:00:00,1.9,305,4.0,16.5,85,0.0,20.0,99.8
2026-03-27 04:00:00,1.67,309,4.3,15.9,87,0.0,20.0,99.8
2026-03-27 05:00:00,1.3,302,3.7,15.6,88,0.0,20.0,99.8
2026-03-27 06:00:00,1.28,301,3.2,15.4,90,0.0,20.0,99.8
2026-03-27 07:00:00,0.64,309,3.4,16.0,89,0.0,20.0,99.8
2026-03-27 08:00:00,0.86,306,2.7,18.6,86,0.0,20.0,99.8
2026-03-27 09:00:00,0.38,23,2.7,24.0,68,0.0,20.0,99.8
2026-03-27 10:00:00,0.74,118,2.9,26.9,56,0.0,20.0,99.8
2026-03-27 11:00:00,1.1,137,3.7,29.0,51,0.0,20.0,99.8
2026-03-27 12:00:00,1.39,142,4.2,30.5,46,0.0,20.0,99.8
2026-03-27 13:00:00,1.88,151,4.8,31.9,39,0.0,20.0,99.8
2026-03-27 14:00:00,2.44,154,6.1,32.7,35,0.0,20.0,99.8
2026-03-27 15:00:00,1.95,157,6.0,33.3,34,0.0,20.0,99.8
2026-03-27 16:00:00,1.72,188,4.3,32.9,37,0.0,20.0,99.8
2026-03-27 17:00:00,2.06,198,4.8,30.5,47,0.0,20.0,99.8
2026-03-27 18:00:00,1.77,220,5.0,27.7,53,0.0,20.0,99.8
2026-03-27 19:00:00,1.38,226,4.2,27.0,46,0.0,20.0,99.8
2026-03-27 20:00:00,1.52,261,4.1,25.9,50,0.0,20.0,99.8
2026-03-27 21:00:00,1.81,265,4.6,24.9,51,0.0,20.0,99.8
2026-03-27 22:00:00,1.56,277,4.6,23.5,57,0.0,20.0,99.8
2026-03-27 23:00:00,1.66,286,4.2,21.7,67,0.0,20.0,99.8
2026-03-28 00:00:00,1.39,285,4.3,19.7,78,0.0,20.0,99.8
2026-03-28 01:00:00,0.87,301,3.7,18.6,84,0.0,20.0,99.8
2026-03-28 02:00:00,1.1,313,3.1,18.0,85,0.0,20.0,99.8
2026-03-28 03:00:00,1.48,315,3.5,17.5,84,0.0,20.0,99.8
2026-03-28 04:00:00,1.38,314,3.5,16.9,84,0.0,20.0,99.8
2026-03-28 05:00:00,1.1,309,3.3,16.4,84,0.0,20.0,99.8
2026-03-28 06:00:00,1.08,304,2.8,16.0,84,0.0,20.0,99.8
2026-03-28 07:00:00,0.36,304,3.0,16.5,85,0.0,20.0,99.8
2026-03-28 08:00:00,1.26,304,3.1,18.7,85,0.0,20.0,99.8
2026-03-28 09:00:00,0.64,315,3.3,24.3,68,0.0,20.0,99.8
2026-03-28 10:00:00,0.25,101,2.4,27.5,53,0.0,20.0,99.8
2026-03-28 11:00:00,0.68,144,3.1,29.6,48,0.0,20.0,99.8
2026-03-28 12:00:00,1.51,146,4.3,31.0,45,0.0,20.0,99.8
2026-03-28 13:00:00,2.95,165,5.7,32.8,36,0.0,20.0,99.8
2026-03-28 14:00:00,3.3,177,7.5,33.8,28,0.0,20.0,99.8
2026-03-28 15:00:00,4.07,196,8.6,33.3,28,0.0,20.0,99.8
2026-03-28 16:00:00,3.4,204,8.9,31.9,34,0.0,20.0,99.8
2026-03-28 17:00:00,2.49,218,7.5,30.4,39,0.0,20.0,99.8
2026-03-28 18:00:00,2.12,227,6.0,27.7,43,0.0,20.0,99.8
2026-03-28 19:00:00,1.94,215,5.4,27.0,40,0.0,20.0,99.8
2026-03-28 20:00:00,2.23,228,5.9,25.7,38,0.0,20.0,99.8
2026-03-28 21:00:00,1.75,233,5.9,24.2,44,0.0,20.0,99.8
2026-03-28 22:00:00,1.61,254,4.9,23.0,48,0.0,20.0,99.8
2026-03-28 23:00:00,1.72,262,4.6,22.0,53,0.0,20.0,99.8
2026-03-29 00:00:00,1.8,268,4.8,21.5,56,0.0,20.0,99.8
2026-03-29 01:00:00,1.45,268,4.7,20.9,62,0.0,20.0,99.8
2026-03-29 02:00:00,1.23,282,3.9,20.0,65,0.0,20.0,99.8
2026-03-29 03:00:00,1.14,299,3.7,19.0,69,0.0,20.0,99.8
2026-03-29 04:00:00,1.08,304,3.7,18.0,74,0.0,20.0,99.8
2026-03-29 05:00:00,0.97,305,3.4,17.1,78,0.0,20.0,99.8
2026-03-29 06:00:00,0.99,311,3.2,16.6,81,0.0,20.0,99.8
2026-03-29 07:00:00,0.25,307,3.0,17.3,81,0.0,20.0,99.8
2026-03-29 08:00:00,0.43,324,2.2,19.3,82,0.0,20.0,99.8
2026-03-29 09:00:00,0.6,312,2.8,24.4,66,0.0,20.0,99.8
2026-03-29 10:00:00,0.74,110,2.8,27.3,53,0.0,20.0,99.8
2026-03-29 11:00:00,0.81,133,3.4,29.2,50,0.0,20.0,99.8
2026-03-29 12:00:00,1.5,182,4.2,31.5,44,0.0,20.0,99.8
2026-03-29 13:00:00,4.1,261,8.0,32.3,27,0.0,20.0,99.8
2026-03-29 14:00:00,2.47,263,9.2,32.7,30,0.0,20.0,99.8
2026-03-29 15:00:00,2.03,190,5.3,33.4,30,0.0,20.0,99.8
2026-03-29 16:00:00,1.47,215,5.0,32.2,42,0.0,20.0,99.8
2026-03-29 17:00:00,1.35,318,3.5,30.4,53,0.0,20.0,99.8
2026-03-29 18:00:00,0.35,315,3.6,29.2,43,0.0,20.0,99.8
2026-03-29 19:00:00,0.92,315,2.4,26.3,47,0.0,20.0,99.8
2026-03-29 20:00:00,1.1,300,3.4,24.0,49,0.0,20.0,99.8
2026-03-29 21:00:00,1.44,290,3.7,22.4,52,0.0,20.0,99.8
2026-03-29 22:00:00,2.18,286,5.1,21.0,57,0.0,20.0,99.8
2026-03-29 23:00:00,0.81,300,4.9,19.6,64,0.0,20.0,99.8
2026-03-30 00:00:00,1.28,321,3.7,19.0,66,0.0,20.0,99.8
2026-03-30 01:00:00,0.69,300,3.3,19.4,69,0.0,20.0,99.8
2026-03-30 02:00:00,1.25,299,3.7,19.2,67,0.0,20.0,99.8
2026-03-30 03:00:00,0.36,304,3.3,18.0,73,0.0,20.0,99.8
2026-03-30 04:00:00,0.29,301,2.0,17.5,77,0.0,20.0,99.8
2026-03-30 05:00:00,0.64,309,2.4,16.8,81,0.0,20.0,99.8
2026-03-30 06:00:00,0.86,306,2.7,16.0,86,0.0,20.0,99.8
2026-03-30 07:00:00,0.5,307,3.1,19.2,73,0.0,20.0,99.8
2026-03-30 08:00:00,1.12,280,2.6,21.1,73,0.0,20.0,99.8
2026-03-30 09:00:00,0.65,176,2.6,24.9,60,0.0,20.0,99.8
2026-03-30 10:00:00,0.85,159,3.1,27.0,55,0.0,20.0,99.8
2026-03-30 11:00:00,1.27,171,3.9,29.0,51,0.0,20.0,99.8
2026-03-30 12:00:00,1.87,171,4.9,30.5,44,0.0,20.0,99.8
2026-03-30 13:00:00,2.6,179,5.3,32.1,36,0.0,20.0,99.8
2026-03-30 14:00:00,2.47,201,6.5,33.0,34,0.0,20.0,99.8
2026-03-30 15:00:00,2.43,217,5.6,33.2,34,0.0,20.0,99.8
2026-03-30 16:00:00,2.27,202,5.5,32.3,41,0.0,20.0,99.8
2026-03-30 17:00:00,1.99,192,5.3,30.6,48,0.0,20.0,99.8
2026-03-30 18:00:00,2.06,209,5.1,28.0,49,0.0,20.0,99.8
2026-03-30 19:00:00,1.61,216,5.2,27.5,49,0.0,20.0,99.8
2026-03-30 20:00:00,1.7,256,4.8,25.9,52,0.0,20.0,99.8
2026-03-30 21:00:00,1.8,273,4.6,24.2,58,0.0,20.0,99.8
2026-03-30 22:00:00,2.0,273,5.1,22.9,61,0.0,20.0,99.8
2026-03-30 23:00:00,2.06,276,5.3,22.3,59,0.0,20.0,99.8
2026-03-31 00:00:00,1.54,283,5.3,21.0,63,0.0,20.0,99.8
2026-03-31 01:00:00,1.33,304,4.4,19.8,71,0.0,20.0,99.8
2026-03-31 02:00:00,1.57,301,4.4,19.7,68,0.0,20.0,99.8
2026-03-31 03:00:00,1.22,305,4.1,19.0,70,0.0,20.0,99.8
2026-03-31 04:00:00,1.13,311,3.3,18.2,74,0.0,20.0,99.8
2026-03-31 05:00:00,0.93,306,3.0,17.4,79,0.0,20.0,99.8
2026-03-31 06:00:00,1.21,300,3.2,16.9,82,0.0,20.0,99.8
2026-03-31 07:00:00,1.01,290,3.7,18.1,82,0.0,20.0,99.8
2026-03-31 08:00:00,1.32,299,3.3,20.9,81,0.0,20.0,99.8
2026-03-31 09:00:00,0.25,169,3.1,25.6,65,0.0,20.0,99.8
2026-03-31 10:00:00,0.62,166,2.7,28.1,55,0.0,20.0,99.8
2026-03-31 11:00:00,1.05,175,3.6,30.0,48,0.0,20.0,99.8
2026-03-31 12:00:00,1.76,175,4.7,31.6,43,0.0,20.0,99.8
2026-03-31 13:00:00,1.77,196,5.4,32.8,36,0.0,20.0,99.8
2026-03-31 14:00:00,1.76,235,4.5,33.3,33,0.0,20.0,99.8
2026-03-31 15:00:00,1.65,267,4.5,33.5,34,0.0,20.0,99.8
2026-03-31 16:00:00,1.37,237,3.8,34.0,31,0.0,20.0,99.8
2026-03-31 17:00:00,1.27,222,3.4,33.0,37,0.0,20.0,99.8
2026-03-31 18:00:00,0.45,243,2.6,30.0,50,0.0,20.0,99.8
2026-03-31 19:00:00,0.79,252,1.6,27.4,54,0.0,20.0,99.8
2026-03-31 20:00:00,0.91,279,2.5,25.5,59,0.0,20.0,99.8
2026-03-31 21:00:00,0.97,305,2.6,24.0,60,0.0,20.0,99.8
2026-03-31 22:00:00,1.83,305,4.0,22.0,65,0.0,20.0,99.8
2026-03-31 23:00:00,2.19,297,4.8,20.4,69,0.0,20.0,99.8
2026-04-01 00:00:00,1.4,305,4.7,19.5,71,0.0,20.0,99.8
2026-04-01 01:00:00,0.11,297,3.3,20.5,75,0.0,20.0,99.8
2026-04-01 02:00:00,0.25,307,1.1,21.2,71,0.0,20.0,99.8
2026-04-01 03:00:00,0.11,297,1.0,21.1,68,0.0,20.0,99.8
2026-04-01 04:00:00,0.61,325,1.5,21.1,67,0.0,20.0,99.8
2026-04-01 05:00:00,0.43,324,1.5,20.9,69,0.0,20.0,99.8
2026-04-01 06:00:00,0.74,332,1.7,20.3,70,0.0,20.0,99.8
2026-04-01 07:00:00,0.7,339,2.1,19.9,79,0.0,20.0,99.8
2026-04-01 08:00:00,0.6,312,2.1,22.0,77,0.0,20.0,99.8
2026-04-01 09:00:00,0.36,146,2.1,25.4,64,0.0,20.0,99.8
2026-04-01 10:00:00,0.76,148,3.0,27.9,56,0.0,20.0,99.8
2026-04-01 11:00:00,0.92,158,3.4,30.0,51,0.0,20.0,99.8
2026-04-01 12:00:00,1.3,178,3.9,31.6,46,0.0,20.0,99.8
2026-04-01 13:00:00,1.27,171,4.0,32.3,41,0.0,20.0,99.8
2026-04-01 14:00:00,2.17,203,5.0,32.7,39,0.0,20.0,99.8
2026-04-01 15:00:00,2.38,190,5.3,33.0,38,0.0,20.0,99.8
2026-04-01 16:00:00,1.98,170,5.3,32.3,44,0.1,20.0,99.8
2026-04-01 17:00:00,1.04,163,4.3,31.0,61,0.0,20.0,99.8
2026-04-01 18:00:00,0.49,156,2.5,29.0,66,0.0,20.0,99.8
2026-04-01 19:00:00,1.08,193,1.7,27.1,61,0.0,20.0,99.8
2026-04-01 20:00:00,1.05,267,3.0,26.0,61,0.0,20.0,99.8
2026-04-01 21:00:00,1.32,279,3.3,25.1,61,0.0,20.0,99.8
2026-04-01 22:00:00,1.2,268,3.3,24.5,61,0.0,20.0,99.8
2026-04-01 23:00:00,1.15,275,3.2,24.2,59,0.0,20.0,99.8
2026-04-02 00:00:00,0.98,285,3.2,22.9,64,0.0,20.0,99.8
2026-04-02 01:00:00,0.68,306,3.0,22.3,72,0.0,20.0,99.8
2026-04-02 02:00:00,0.6,312,2.3,21.8,74,0.0,20.0,99.8
2026-04-02 03:00:00,1.17,320,2.7,21.1,78,0.0,20.0,99.8
2026-04-02 04:00:00,0.74,318,2.8,20.0,84,0.0,20.0,99.8
2026-04-02 05:00:00,1.03,317,2.9,19.6,85,0.0,20.0,99.8
2026-04-02 06:00:00,0.05,270,2.5,19.2,85,0.0,20.0,99.8
2026-04-02 07:00:00,0.5,307,2.1,20.0,83,0.0,20.0,99.8
2026-04-02 08:00:00,1.23,297,2.9,22.4,83,0.0,20.0,99.8
2026-04-02 09:00:00,0.36,196,2.9,26.5,67,0.0,20.0,99.8
2026-04-02 10:00:00,0.81,169,3.0,28.9,57,0.0,20.0,99.8
2026-04-02 11:00:00,0.91,189,3.4,30.8,53,0.0,20.0,99.8
2026-04-02 12:00:00,1.51,214,4.2,32.4,44,0.0,20.0,99.8
2026-04-02 13:00:00,2.34,196,5.3,33.2,36,0.0,20.0,99.8
2026-04-02 14:00:00,1.39,201,5.5,34.1,32,0.0,20.0,99.8
2026-04-02 15:00:00,2.02,222,4.5,34.4,33,0.0,20.0,99.8
2026-04-02 16:00:00,1.62,214,4.8,33.6,40,0.0,20.0,99.8
2026-04-02 17:00:00,1.77,209,4.3,31.6,51,0.0,20.0,99.8
2026-04-02 18:00:00,1.88,220,4.6,29.0,51,0.0,20.0,99.8
2026-04-02 19:00:00,2.51,224,5.3,28.0,41,0.0,20.0,99.8
2026-04-02 20:00:00,1.87,236,5.9,26.4,47,0.0,20.0,99.8
2026-04-02 21:00:00,1.78,259,4.9,24.9,53,0.0,20.0,99.8
2026-04-02 22:00:00,1.7,270,4.6,23.5,61,0.0,20.0,99.8
2026-04-02 23:00:00,1.96,285,4.8,22.0,71,0.0,20.0,99.8
2026-04-03 00:00:00,2.26,298,5.2,21.1,74,0.0,20.0,99.8
2026-04-03 01:00:00,1.46,292,5.2,21.8,71,0.0,20.0,99.8
2026-04-03 02:00:00,0.96,298,3.7,21.3,70,0.0,20.0,99.8
2026-04-03 03:00:00,0.96,313,2.9,20.3,72,0.0,20.0,99.8
2026-04-03 04:00:00,0.72,295,2.9,19.1,77,0.0,20.0,99.8
2026-04-03 05:00:00,0.81,300,2.6,18.5,80,0.0,20.0,99.8
2026-04-03 06:00:00,0.89,308,2.8,17.9,83,0.0,20.0,99.8
2026-04-03 07:00:00,0.9,304,3.3,19.0,83,0.0,20.0,99.8
2026-04-03 08:00:00,1.21,308,3.2,21.5,83,0.0,20.0,99.8
2026-04-03 09:00:00,0.51,259,3.1,26.3,67,0.0,20.0,99.8
2026-04-03 10:00:00,0.51,191,2.6,29.1,55,0.0,20.0,99.8
2026-04-03 11:00:00,0.86,190,3.3,31.0,50,0.0,20.0,99.8
2026-04-03 12:00:00,1.59,204,4.3,32.6,42,0.0,20.0,99.8
2026-04-03 13:00:00,2.14,196,5.2,33.4,38,0.0,20.0,99.8
2026-04-03 14:00:00,2.5,213,5.7,33.9,33,0.0,20.0,99.8
2026-04-03 15:00:00,1.68,243,5.6,34.2,33,0.0,20.0,99.8
2026-04-03 16:00:00,1.25,286,4.1,35.1,28,0.0,20.0,99.8
2026-04-03 17:00:00,0.78,225,3.6,33.8,36,0.0,20.0,99.8
2026-04-03 18:00:00,0.27,158,2.0,30.6,54,0.0,20.0,99.8
2026-04-03 19:00:00,1.0,252,2.1,28.5,54,0.0,20.0,99.8
2026-04-03 20:00:00,1.39,296,3.3,26.5,56,0.0,20.0,99.8
2026-04-03 21:00:00,1.15,288,3.3,24.4,66,0.0,20.0,99.8
2026-04-03 22:00:00,1.8,289,4.1,22.7,73,0.0,20.0,99.8
2026-04-03 23:00:00,2.04,287,4.5,21.5,77,0.0,20.0,99.8
2026-04-04 00:00:00,1.72,296,4.6,20.9,77,0.0,20.0,99.8
2026-04-04 01:00:00,0.39,310,3.9,21.4,78,0.0,20.0,99.8
2026-04-04 02:00:00,0.56,297,2.1,21.9,74,0.0,20.0,99.8
2026-04-04 03:00:00,0.57,308,2.1,21.8,75,0.0,20.0,99.8
2026-04-04 04:00:00,1.41,333,3.0,20.8,79,0.0,20.0,99.8
2026-04-04 05:00:00,1.18,306,3.0,19.8,83,0.0,20.0,99.8
2026-04-04 06:00:00,2.05,304,4.5,19.5,82,0.0,20.0,99.8
2026-04-04 07:00:00,1.7,313,4.8,19.5,85,0.0,20.0,99.8
2026-04-04 08:00:00,1.54,306,4.0,22.6,78,0.0,20.0,99.8
2026-04-04 09:00:00,0.73,254,3.7,26.2,69,0.0,20.0,99.8
2026-04-04 10:00:00,0.75,217,3.2,29.4,59,0.0,20.0,99.8
2026-04-04 11:00:00,1.14,241,3.7,31.6,50,0.0,20.0,99.8
2026-04-04 12:00:00,1.88,259,4.6,33.5,36,0.0,20.0,99.8
2026-04-04 13:00:00,2.1,271,5.7,34.1,34,0.0,20.0,99.8
2026-04-04 14:00:00,3.23,229,6.8,34.0,35,0.0,20.0,99.8
2026-04-04 15:00:00,3.69,216,8.3,33.3,36,0.0,20.0,99.8
2026-04-04 16:00:00,2.21,205,7.8,32.5,44,0.0,20.0,99.8
2026-04-04 17:00:00,1.64,192,4.8,31.8,51,0.0,20.0,99.8
2026-04-04 18:00:00,1.51,188,3.8,29.4,59,0.0,20.0,99.8
2026-04-04 19:00:00,1.39,210,3.4,28.1,58,0.0,20.0,99.8
2026-04-04 20:00:00,1.7,225,4.5,26.6,62,0.0,20.0,99.8
2026-04-04 21:00:00,1.71,232,4.4,25.9,64,0.0,20.0,99.8
2026-04-04 22:00:00,1.61,240,4.4,25.0,67,0.0,20.0,99.8
2026-04-04 23:00:00,1.68,260,4.5,24.2,69,0.0,20.0,99.8
2026-04-05 00:00:00,1.64,250,4.5,23.6,72,0.0,20.0,99.8
2026-04-05 01:00:00,1.62,248,4.8,24.9,70,0.0,20.0,99.8
2026-04-05 02:00:00,1.3,268,4.2,24.9,71,0.0,20.0,99.8
2026-04-05 03:00:00,1.0,270,3.5,23.7,77,0.0,20.0,99.8
2026-04-05 04:00:00,1.01,243,2.8,23.5,77,0.0,20.0,99.8
2026-04-05 05:00:00,0.62,284,2.8,22.6,81,0.0,20.0,99.8
2026-04-05 06:00:00,0.85,310,2.4,21.4,84,0.0,20.0,99.8
2026-04-05 07:00:00,1.18,306,3.0,21.0,84,0.0,20.0,99.8
2026-04-05 08:00:00,1.53,302,3.8,24.2,78,0.0,20.0,99.8
2026-04-05 09:00:00,0.49,204,3.6,27.6,67,0.0,20.0,99.8
2026-04-05 10:00:00,1.06,188,3.3,30.0,57,0.0,20.0,99.8
2026-04-05 11:00:00,1.44,194,4.1,31.8,52,0.0,20.0,99.8
2026-04-05 12:00:00,2.06,206,5.2,33.2,43,0.0,20.0,99.8
2026-04-05 13:00:00,1.93,211,5.3,34.0,37,0.0,20.0,99.8
2026-04-05 14:00:00,2.46,265,5.5,34.3,35,0.0,20.0,99.8
2026-04-05 15:00:00,2.43,284,6.0,34.5,36,0.0,20.0,99.8
2026-04-05 16:00:00,1.29,283,5.3,34.2,42,0.0,20.0,99.8
2026-04-05 17:00:00,0.86,263,3.0,33.8,39,0.0,20.0,99.8
2026-04-05 18:00:00,0.38,203,2.0,31.5,55,0.0,20.0,99.8
2026-04-05 19:00:00,1.31,220,3.0,29.4,51,0.0,20.0,99.8
2026-04-05 20:00:00,1.85,272,4.4,28.2,52,0.0,20.0,99.8
2026-04-05 21:00:00,1.82,261,4.8,27.7,51,0.0,20.0,99.8
2026-04-05 22:00:00,1.23,243,4.3,27.6,50,0.0,20.0,99.8
2026-04-05 23:00:00,0.75,233,3.3,26.8,52,0.0,20.0,99.8
2026-04-06 00:00:00,0.4,270,2.5,25.1,59,0.0,20.0,99.8
2026-04-06 01:00:00,0.22,243,1.8,25.6,60,0.0,20.0,99.8
2026-04-06 02:00:00,0.76,281,2.0,24.5,65,0.0,20.0,99.8
2026-04-06 03:00:00,0.71,262,2.3,23.8,71,0.0,20.0,99.8
2026-04-06 04:00:00,0.65,293,2.2,22.5,76,0.0,20.0,99.8
2026-04-06 05:00:00,0.88,313,2.4,21.8,78,0.0,20.0,99.8
2026-04-06 06:00:00,1.1,330,2.7,21.1,79,0.0,20.0,99.8
2026-04-06 07:00:00,1.49,290,2.7,21.0,84,0.0,20.0,99.8
2026-04-06 08:00:00,1.51,276,3.5,24.2,77,0.0,20.0,99.8
2026-04-06 09:00:00,0.78,207,3.4,27.6,67,0.0,20.0,99.8
2026-04-06 10:00:00,0.96,189,3.3,30.0,58,0.0,20.0,99.8
2026-04-06 11:00:00,1.46,186,4.2,31.6,54,0.0,20.0,99.8
2026-04-06 12:00:00,1.98,196,5.0,32.9,48,0.0,20.0,99.8
2026-04-06 13:00:00,1.59,224,5.4,34.2,34,0.0,20.0,99.8
2026-04-06 14:00:00,1.5,249,4.3,34.2,35,0.0,20.0,99.8
2026-04-06 15:00:00,1.25,268,3.7,34.4,35,0.0,20.0,99.8
2026-04-06 16:00:00,1.13,257,3.1,34.3,37,0.0,20.0,99.8
2026-04-06 17:00:00,1.06,289,2.9,33.6,39,0.0,20.0,99.8
2026-04-06 18:00:00,0.3,270,2.4,31.1,55,0.0,20.0,99.8
2026-04-06 19:00:00,1.74,282,1.8,27.9,57,0.0,20.0,99.8
2026-04-06 20:00:00,1.81,298,4.1,26.5,63,0.0,20.0,99.8
2026-04-06 21:00:00,1.68,293,4.2,24.7,73,0.0,20.0,99.8
2026-04-06 22:00:00,2.15,288,4.4,24.4,71,0.0,20.0,99.8
2026-04-06 23:00:00,2.12,297,4.7,24.3,69,0.0,20.0,99.8
2026-04-07 00:00:00,1.81,309,4.5,24.0,70,0.0,20.0,99.8
2026-04-07 01:00:00,0.89,322,3.9,22.6,82,0.0,20.0,99.8
2026-04-07 02:00:00,0.94,302,3.0,22.6,83,0.0,20.0,99.8
2026-04-07 03:00:00,1.25,293,2.7,22.4,84,0.0,20.0,99.8
2026-04-07 04:00:00,1.46,292,3.2,22.2,82,0.0,20.0,99.8
2026-04-07 05:00:00,2.04,287,4.3,22.0,82,0.0,20.0,99.8
2026-04-07 06:00:00,2.08,297,4.6,22.1,82,0.0,20.0,99.8
2026-04-07 07:00:00,1.47,280,4.3,22.1,86,0.0,20.0,99.8
2026-04-07 08:00:00,1.54,295,3.9,24.2,81,0.0,20.0,99.8
2026-04-07 09:00:00,0.9,267,3.7,27.5,70,0.0,20.0,99.8
2026-04-07 10:00:00,1.16,205,3.5,29.8,58,0.0,20.0,99.8
2026-04-07 11:00:00,1.48,208,4.3,31.4,51,0.0,20.0,99.8
2026-04-07 12:00:00,1.48,204,4.3,32.7,46,0.0,20.0,99.8
2026-04-07 13:00:00,1.86,216,5.5,33.4,41,0.0,20.0,99.8
2026-04-07 14:00:00,2.21,257,5.8,33.5,39,0.0,20.0,99.8
2026-04-07 15:00:00,2.17,296,5.7,33.8,38,0.0,20.0,99.8
2026-04-07 16:00:00,1.3,272,5.2,33.5,42,0.0,20.0,99.8
2026-04-07 17:00:00,0.4,187,3.0,33.0,51,0.0,20.0,99.8
2026-04-07 18:00:00,1.11,162,2.7,30.5,59,0.0,20.0,99.8
2026-04-07 19:00:00,0.57,255,2.8,27.4,70,0.0,20.0,99.8
2026-04-07 20:00:00,1.05,265,3.1,25.6,75,0.0,20.0,99.8
2026-04-07 21:00:00,0.9,289,3.1,24.5,80,0.0,20.0,99.8
2026-04-07 22:00:00,2.03,322,4.4,23.6,82,0.0,20.0,99.8
2026-04-07 23:00:00,1.79,306,4.5,23.5,75,0.0,20.0,99.8
2026-04-08 00:00:00,1.12,280,4.2,23.1,77,0.5,20.0,99.8
2026-04-08 01:00:00,1.63,315,3.6,23.1,78,0.0,20.0,99.8
2026-04-08 02:00:00,1.61,286,4.0,22.4,83,0.0,20.0,99.8
2026-04-08 03:00:00,1.43,306,3.5,22.0,83,0.0,20.0,99.8
2026-04-08 04:00:00,1.25,299,3.0,21.3,84,0.0,20.0,99.8
2026-04-08 05:00:00,1.53,302,3.2,20.9,83,0.0,20.0,99.8
2026-04-08 06:00:00,1.74,297,3.8,20.6,82,0.0,20.0,99.8
2026-04-08 07:00:00,1.16,295,4.1,21.2,82,0.0,20.0,99.8
2026-04-08 08:00:00,0.89,286,2.9,23.2,78,0.0,20.0,99.8
2026-04-08 09:00:00,0.36,236,2.6,26.2,69,0.0,20.0,99.8
2026-04-08 10:00:00,0.72,192,3.0,28.6,59,0.0,20.0,99.8
2026-04-08 11:00:00,1.23,192,3.9,30.4,51,0.0,20.0,99.8
2026-04-08 12:00:00,1.8,182,4.9,31.2,50,0.0,20.0,99.8
2026-04-08 13:00:00,1.86,166,6.4,32.3,44,0.0,20.0,99.8
2026-04-08 14:00:00,2.28,165,5.8,33.5,39,0.0,20.0,99.8
2026-04-08 15:00:00,2.65,181,6.1,33.0,41,0.0,20.0,99.8
2026-04-08 16:00:00,1.56,222,5.8,32.8,41,0.0,20.0,99.8
2026-04-08 17:00:00,1.21,246,3.7,31.6,53,0.0,20.0,99.8
2026-04-08 18:00:00,1.75,270,4.0,28.9,55,0.1,20.0,99.8
2026-04-08 19:00:00,1.42,309,4.8,26.6,73,0.0,20.0,99.8
2026-04-08 20:00:00,1.7,294,4.3,26.0,69,0.0,20.0,99.8
2026-04-08 21:00:00,1.8,289,4.3,24.7,69,0.0,20.0,99.8
2026-04-08 22:00:00,2.59,298,5.8,24.5,65,0.0,20.0,99.8
2026-04-08 23:00:00,2.36,291,5.8,24.2,66,0.0,20.0,99.8
2026-04-09 00:00:00,1.99,298,5.6,23.6,68,0.0,20.0,99.8
2026-04-09 01:00:00,1.45,319,4.7,22.4,77,0.0,20.0,99.8
2026-04-09 02:00:00,1.15,304,3.7,22.0,78,0.0,20.0,99.8
2026-04-09 03:00:00,1.01,290,3.2,21.2,81,0.0,20.0,99.8
2026-04-09 04:00:00,1.46,308,3.2,20.5,84,0.0,20.0,99.8
2026-04-09 05:00:00,1.77,310,3.7,19.9,87,0.0,20.0,99.8
2026-04-09 06:00:00,1.71,302,3.7,19.4,90,0.0,20.0,99.8
2026-04-09 07:00:00,1.26,304,4.2,19.9,92,0.0,20.0,99.8
2026-04-09 08:00:00,1.44,290,3.3,23.4,83,0.0,20.0,99.8
2026-04-09 09:00:00,0.45,243,3.3,26.9,69,0.0,20.0,99.8
2026-04-09 10:00:00,0.58,239,2.9,29.1,57,0.0,20.0,99.8
2026-04-09 11:00:00,1.41,243,4.1,30.4,49,0.0,20.0,99.8
2026-04-09 12:00:00,1.83,235,4.9,31.1,45,0.0,20.0,99.8
2026-04-09 13:00:00,1.7,227,5.4,32.0,39,0.0,20.0,99.8
2026-04-09 14:00:00,2.91,266,6.6,32.3,37,0.0,20.0,99.8
2026-04-09 15:00:00,3.01,259,7.4,31.8,41,0.0,20.0,99.8
2026-04-09 16:00:00,1.03,241,6.4,32.0,41,0.0,20.0,99.8
2026-04-09 17:00:00,0.15,90,2.5,31.3,55,0.0,20.0,99.8
2026-04-09 18:00:00,1.3,157,2.9,29.5,59,0.1,20.0,99.8
2026-04-09 19:00:00,1.52,207,3.4,27.9,49,0.0,20.0,99.8
2026-04-09 20:00:00,1.54,245,4.2,26.9,51,0.0,20.0,99.8
2026-04-09 21:00:00,1.6,290,4.2,25.2,57,0.0,20.0,99.8
2026-04-09 22:00:00,1.48,303,4.2,22.9,70,0.0,20.0,99.8
2026-04-09 23:00:00,1.71,308,4.1,21.0,81,0.0,20.0,99.8
2026-04-10 00:00:00,1.75,301,4.4,20.1,85,0.0,20.0,99.8
2026-04-10 01:00:00,1.35,292,4.5,20.5,82,0.0,20.0,99.8
2026-04-10 02:00:00,1.63,313,4.4,21.1,74,0.0,20.0,99.8
2026-04-10 03:00:00,1.6,309,4.3,20.9,73,0.0,20.0,99.8
2026-04-10 04:00:00,1.78,302,4.3,20.6,74,0.0,20.0,99.8
2026-04-10 05:00:00,1.72,300,4.4,20.3,76,0.0,20.0,99.8
2026-04-10 06:00:00,1.84,299,4.3,20.0,77,0.0,20.0,99.8
2026-04-10 07:00:00,1.43,295,4.5,20.4,83,0.0,20.0,99.8
2026-04-10 08:00:00,1.89,282,4.3,23.1,78,0.0,20.0,99.8
2026-04-10 09:00:00,1.07,242,4.3,26.8,67,0.0,20.0,99.8
2026-04-10 10:00:00,1.11,216,3.7,29.0,57,0.0,20.0,99.8
2026-04-10 11:00:00,1.74,221,4.6,31.0,47,0.0,20.0,99.8
2026-04-10 12:00:00,2.8,243,6.1,32.5,38,0.0,20.0,99.8
2026-04-10 13:00:00,3.62,250,8.0,32.8,37,0.0,20.0,99.8
2026-04-10 14:00:00,3.08,224,7.7,33.5,36,0.0,20.0,99.8
2026-04-10 15:00:00,2.83,226,6.7,33.5,36,0.0,20.0,99.8
2026-04-10 16:00:00,1.43,216,6.1,32.2,49,0.0,20.0,99.8
2026-04-10 17:00:00,0.95,270,3.6,31.2,63,0.0,20.0,99.8
2026-04-10 18:00:00,1.77,292,4.5,29.4,55,0.0,20.0,99.8
2026-04-10 19:00:00,1.86,297,4.9,26.9,56,0.0,20.0,99.8
2026-04-10 20:00:00,1.47,305,4.4,25.4,62,0.0,20.0,99.8
2026-04-10 21:00:00,1.6,284,4.1,24.0,68,0.0,20.0,99.8
2026-04-10 22:00:00,1.82,286,4.5,23.0,72,0.0,20.0,99.8
2026-04-10 23:00:00,1.48,294,4.5,22.2,75,0.0,20.0,99.8
2026-04-11 00:00:00,1.88,295,4.7,21.4,78,0.0,20.0,99.8
2026-04-11 01:00:00,1.94,288,5.0,21.1,79,0.0,20.0,99.8
2026-04-11 02:00:00,1.77,292,5.1,21.1,76,0.0,20.0,99.8
2026-04-11 03:00:00,1.99,309,4.8,21.0,74,0.0,20.0,99.8
2026-04-11 04:00:00,1.89,307,4.8,20.5,75,0.0,20.0,99.8
2026-04-11 05:00:00,1.84,299,4.5,19.9,78,0.0,20.0,99.8
2026-04-11 06:00:00,1.88,295,4.4,19.5,80,0.0,20.0,99.8
2026-04-11 07:00:00,1.48,298,4.7,19.5,87,0.0,20.0,99.8
2026-04-11 08:00:00,1.48,294,4.1,22.9,80,0.0,20.0,99.8
2026-04-11 09:00:00,0.76,247,3.9,26.9,66,0.0,20.0,99.8
2026-04-11 10:00:00,1.49,228,4.2,29.4,58,0.0,20.0,99.8
2026-04-11 11:00:00,3.23,251,7.2,31.4,40,0.0,20.0,99.8
2026-04-11 12:00:00,3.42,258,7.9,32.0,38,0.0,20.0,99.8
2026-04-11 13:00:00,2.82,245,7.6,33.2,36,0.0,20.0,99.8
2026-04-11 14:00:00,2.63,231,6.1,33.9,34,0.0,20.0,99.8
2026-04-11 15:00:00,2.56,249,5.9,33.8,34,0.0,20.0,99.8
2026-04-11 16:00:00,1.71,263,5.6,33.4,37,0.0,20.0,99.8
2026-04-11 17:00:00,1.21,232,4.3,32.2,50,0.0,20.0,99.8
2026-04-11 18:00:00,1.07,217,3.2,30.2,52,0.0,20.0,99.8
2026-04-11 19:00:00,1.24,220,3.4,28.1,51,0.0,20.0,99.8
2026-04-11 20:00:00,1.72,262,4.5,26.4,52,0.0,20.0,99.8
2026-04-11 21:00:00,1.73,280,4.5,24.8,56,0.0,20.0,99.8
2026-04-11 22:00:00,2.24,297,5.4,23.3,59,0.0,20.0,99.8
2026-04-11 23:00:00,3.07,307,6.6,23.0,56,0.0,20.0,99.8
2026-04-12 00:00:00,2.93,290,7.0,24.3,47,0.0,20.0,99.8
2026-04-12 01:00:00,2.87,305,7.3,24.5,46,0.0,20.0,99.8
2026-04-12 02:00:00,2.88,309,7.0,23.8,47,0.0,20.0,99.8
2026-04-12 03:00:00,2.06,309,6.8,22.1,53,0.0,20.0,99.8
2026-04-12 04:00:00,0.92,292,5.2,20.6,63,0.0,20.0,99.8
2026-04-12 05:00:00,0.65,293,2.9,19.5,66,0.0,20.0,99.8
2026-04-12 06:00:00,0.96,298,2.7,18.3,68,0.0,20.0,99.8
2026-04-12 07:00:00,0.87,294,3.8,19.0,71,0.0,20.0,99.8
2026-04-12 08:00:00,1.52,287,3.6,21.3,76,0.0,20.0,99.8
2026-04-12 09:00:00,0.71,219,3.5,25.9,62,0.0,20.0,99.8
2026-04-12 10:00:00,0.92,202,3.1,28.5,46,0.0,20.0,99.8
2026-04-12 11:00:00,1.21,218,3.7,30.2,37,0.0,20.0,99.8
2026-04-12 12:00:00,1.52,229,4.3,31.4,33,0.0,20.0,99.8
2026-04-12 13:00:00,1.91,200,4.9,32.3,31,0.0,20.0,99.8
2026-04-12 14:00:00,2.27,229,5.4,32.7,29,0.0,20.0,99.8
2026-04-12 15:00:00,1.81,242,5.4,33.0,31,0.0,20.0,99.8
2026-04-12 16:00:00,0.78,225,4.3,33.3,36,0.0,20.0,99.8
2026-04-12 17:00:00,0.56,117,2.4,32.5,37,0.0,20.0,99.8
2026-04-12 18:00:00,0.16,108,1.5,29.5,56,0.0,20.0,99.8
2026-04-12 19:00:00,0.56,243,1.6,26.7,63,0.0,20.0,99.8
2026-04-12 20:00:00,1.12,280,3.0,25.2,65,0.0,20.0,99.8
2026-04-12 21:00:00,1.1,275,3.0,24.5,63,0.0,20.0,99.8
2026-04-12 22:00:00,0.86,280,3.1,24.0,61,0.0,20.0,99.8
2026-04-12 23:00:00,0.76,281,2.8,22.9,63,0.0,20.0,99.8
2026-04-13 00:00:00,0.74,290,2.6,21.8,65,0.0,20.0,99.8
2026-04-13 01:00:00,0.68,287,2.8,22.1,63,0.0,20.0,99.8
2026-04-13 02:00:00,0.72,304,2.6,20.5,69,0.0,20.0,99.8
2026-04-13 03:00:00,1.41,315,3.3,19.6,73,0.0,20.0,99.8
2026-04-13 04:00:00,1.31,317,3.7,18.6,79,0.0,20.0,99.8
2026-04-13 05:00:00,0.97,305,3.4,18.1,82,0.0,20.0,99.8
2026-04-13 06:00:00,1.53,308,3.6,17.8,84,0.0,20.0,99.8
2026-04-13 07:00:00,0.69,300,3.9,19.0,82,0.0,20.0,99.8
2026-04-13 08:00:00,0.43,291,2.5,21.9,83,0.0,20.0,99.8
2026-04-13 09:00:00,0.36,124,2.2,26.0,62,0.0,20.0,99.8
2026-04-13 10:00:00,0.64,141,2.8,28.5,55,0.0,20.0,99.8
2026-04-13 11:00:00,1.0,162,3.5,30.8,50,0.0,20.0,99.8
2026-04-13 12:00:00,1.52,197,4.2,32.5,40,0.0,20.0,99.8
2026-04-13 13:00:00,2.01,186,4.8,33.4,34,0.0,20.0,99.8
2026-04-13 14:00:00,1.46,172,4.9,34.0,33,0.0,20.0,99.8
2026-04-13 15:00:00,0.96,152,3.8,34.7,32,0.0,20.0,99.8
2026-04-13 16:00:00,0.76,148,2.7,34.2,38,0.0,20.0,99.8
2026-04-13 17:00:00,1.5,88,2.8,32.7,45,0.0,20.0,99.8
2026-04-13 18:00:00,0.6,156,3.0,29.8,64,0.0,20.0,99.8
2026-04-13 19:00:00,0.92,225,2.6,27.9,63,0.0,20.0,99.8
2026-04-13 20:00:00,1.15,268,2.9,26.9,62,0.0,20.0,99.8
2026-04-13 21:00:00,1.2,265,3.2,26.3,59,0.0,20.0,99.8
2026-04-13 22:00:00,1.22,279,3.5,24.8,62,0.0,20.0,99.8
2026-04-13 23:00:00,0.98,294,3.4,23.3,67,0.0,20.0,99.8
2026-04-14 00:00:00,0.71,309,2.9,21.9,74,0.0,20.0,99.8
2026-04-14 01:00:00,0.34,297,2.4,21.4,77,0.0,20.0,99.8
2026-04-14 02:00:00,0.99,300,2.9,21.0,76,0.0,20.0,99.8
2026-04-14 03:00:00,1.23,291,3.3,20.0,81,0.0,20.0,99.8
2026-04-14 04:00:00,1.15,304,3.3,19.1,85,0.0,20.0,99.8
2026-04-14 05:00:00,0.93,306,3.3,18.5,88,0.0,20.0,99.8
2026-04-14 06:00:00,1.14,308,3.3,18.0,90,0.0,20.0,99.8
2026-04-14 07:00:00,0.57,308,3.1,19.2,86,0.0,20.0,99.8
2026-04-14 08:00:00,1.21,308,3.0,23.0,82,0.0,20.0,99.8
2026-04-14 09:00:00,0.32,39,3.0,27.0,64,0.0,20.0,99.8
2026-04-14 10:00:00,0.25,143,2.4,29.4,55,0.0,20.0,99.8
2026-04-14 11:00:00,0.7,184,3.1,31.4,49,0.0,20.0,99.8
2026-04-14 12:00:00,1.35,202,4.0,33.0,40,0.0,20.0,99.8
2026-04-14 13:00:00,1.55,195,4.4,33.8,35,0.0,20.0,99.8
2026-04-14 14:00:00,1.87,171,4.5,34.2,35,0.0,20.0,99.8
2026-04-14 15:00:00,2.27,130,5.1,34.2,36,0.0,20.0,99.8
2026-04-14 16:00:00,2.57,119,6.2,32.5,48,0.0,20.0,99.8
2026-04-14 17:00:00,1.5,105,5.7,31.2,58,0.0,20.0,99.8
2026-04-14 18:00:00,0.68,126,3.4,29.5,62,0.0,20.0,99.8
2026-04-14 19:00:00,0.6,228,2.5,28.0,58,0.0,20.0,99.8
2026-04-14 20:00:00,1.3,274,3.0,26.6,62,0.0,20.0,99.8
2026-04-14 21:00:00,0.85,291,3.1,25.5,63,0.0,20.0,99.8
2026-04-14 22:00:00,1.15,288,3.1,24.1,65,0.0,20.0,99.8
2026-04-14 23:00:00,1.69,289,4.0,22.5,70,0.0,20.0,99.8
